11:45:16.306 [main] DEBUG c.browserstack.BrowserStackJavaAgent - Extracted CLI argument from system : null
11:45:16.333 [main] INFO  c.browserstack.BrowserStackJavaAgent - Selenium version detected - 4.1.4
11:45:16.334 [main] INFO  c.browserstack.BrowserStackJavaAgent - Appium version detected - 
11:45:16.458 [main] DEBUG c.b.config.BrowserStackConfig - Cli Config passed - {}
11:45:16.460 [main] INFO  c.b.config.BrowserStackConfig - Detected Framework testng
11:45:16.465 [main] INFO  c.b.config.BrowserStackConfig - Setting value of testReporting as specified in your browserstack.yml to true
11:45:16.704 [main] INFO  c.browserstack.BrowserStackJavaAgent - Framework set to true
11:45:16.705 [main] INFO  c.browserstack.BrowserStackJavaAgent - SDK run started with id: ede683a7-a390-4875-ab9f-819644d905f8
11:45:16.705 [main] INFO  c.b.config.BrowserStackConfig - INFO
11:45:16.711 [main] DEBUG com.browserstack.v2.SdkCliUtils - File /Users/arjun/.browserstack already exist
11:45:16.713 [main] DEBUG com.browserstack.v2.SdkCliUtils - getExistingCliPath: no binary found
11:45:16.713 [main] DEBUG com.browserstack.v2.SdkCliUtils - Current CLI Path Found: 
11:45:17.800 [main] DEBUG com.browserstack.v2.SdkCliUtils - Need to update binary, current binary version: 0
11:45:17.801 [main] DEBUG com.browserstack.v2.SdkCliUtils - Downloading SDK binary from: https://sdk-assets.browserstack.com/binary-macos-arm64-1.6.23.zip
11:45:20.679 [main] DEBUG com.browserstack.v2.SdkCliUtils - Files successfully extracted to: /Users/arjun/.browserstack/cli
11:45:20.680 [main] DEBUG com.browserstack.v2.SdkCliUtils - Resolved binary path: /Users/arjun/.browserstack/cli/binary-macos-arm64
11:45:20.681 [main] INFO  com.browserstack.v2.SdkCLI - Disabling Cli for framework=true
11:45:25.129 [main] WARN  c.b.config.BrowserStackConfig - TEST REPORTING AND ANALYTICS could not be enabled because framework detected is true. We currently support frameworks testng, cucumber-testng & serenity
11:45:26.227 [main] INFO  c.browserstack.BrowserStackJavaAgent - Project and debug logs are captured by default. To disable, set disableAutoCaptureLogs: true in config.
11:45:28.105 [main] INFO  com.browserstack.testOps.Listener - Testhub started with id: l21q0l0semnumkjczzin3ovuqirpkzxoc5auzhmo
11:45:28.105 [main] INFO  c.b.config.BrowserStackConfig - INFO
11:45:28.107 [main] INFO  c.browserstack.BrowserStackJavaAgent - Starting BrowserStack Local......
11:45:46.629 [main] DEBUG c.browserstack.BrowserStackJavaAgent - Extracted CLI argument from system : null
11:45:46.632 [main] DEBUG c.browserstack.BrowserStackJavaAgent - Extracted CLI argument from system : null
11:45:46.636 [main] DEBUG c.browserstack.BrowserStackJavaAgent - Extracted CLI argument from system : null
11:45:46.746 [main] DEBUG c.b.config.BrowserStackConfig - Cli Config passed - {}
11:45:46.748 [main] INFO  c.b.config.BrowserStackConfig - Detected Framework testng
11:45:46.748 [main] DEBUG c.b.config.BrowserStackConfig - Cli Config passed - {}
11:45:46.749 [main] DEBUG c.b.config.BrowserStackConfig - Cli Config passed - {}
11:45:46.751 [main] INFO  c.b.config.BrowserStackConfig - Detected Framework testng
11:45:46.751 [main] INFO  c.b.config.BrowserStackConfig - Detected Framework testng
11:45:46.752 [main] INFO  c.b.config.BrowserStackConfig - Setting value of testReporting as specified in your browserstack.yml to true
11:45:46.755 [main] INFO  c.b.config.BrowserStackConfig - Setting value of testReporting as specified in your browserstack.yml to true
11:45:46.756 [main] INFO  c.b.config.BrowserStackConfig - Setting value of testReporting as specified in your browserstack.yml to true
11:45:46.873 [main] INFO  c.browserstack.BrowserStackJavaAgent - SDK run started with id: e08341b3-6097-47e6-8ce7-83501a20517b
11:45:46.874 [main] INFO  c.b.config.BrowserStackConfig - INFO
11:45:46.874 [main] INFO  c.browserstack.BrowserStackJavaAgent - SDK run started with id: 93793939-025e-488d-86ee-517918a3a67f
11:45:46.874 [main] INFO  c.b.config.BrowserStackConfig - INFO
11:45:46.874 [main] INFO  c.browserstack.BrowserStackJavaAgent - SDK run started with id: 5f884aaa-3b4c-45cb-bbd7-5c1fd4b4ee19
11:45:46.874 [main] INFO  c.b.config.BrowserStackConfig - INFO
11:45:46.882 [main] DEBUG com.browserstack.v2.SdkCliUtils - File /Users/arjun/.browserstack already exist
11:45:46.882 [main] DEBUG com.browserstack.v2.SdkCliUtils - File /Users/arjun/.browserstack already exist
11:45:46.883 [main] DEBUG com.browserstack.v2.SdkCliUtils - File /Users/arjun/.browserstack already exist
11:45:46.884 [main] DEBUG com.browserstack.v2.SdkCliUtils - Current CLI Path Found: /Users/arjun/.browserstack/cli/binary-macos-arm64
11:45:46.885 [main] DEBUG com.browserstack.v2.SdkCliUtils - Current CLI Path Found: /Users/arjun/.browserstack/cli/binary-macos-arm64
11:45:46.886 [main] DEBUG com.browserstack.v2.SdkCliUtils - Current CLI Path Found: /Users/arjun/.browserstack/cli/binary-macos-arm64
11:45:49.437 [main] DEBUG com.browserstack.v2.SdkCliUtils - Resolved binary path: /Users/arjun/.browserstack/cli/binary-macos-arm64
11:45:49.438 [main] DEBUG com.browserstack.v2.SdkCliUtils - Resolved binary path: /Users/arjun/.browserstack/cli/binary-macos-arm64
11:45:49.438 [main] DEBUG com.browserstack.v2.SdkCliUtils - Resolved binary path: /Users/arjun/.browserstack/cli/binary-macos-arm64
11:45:49.438 [main] INFO  com.browserstack.v2.SdkCLI - Disabling Cli for framework=true
11:45:49.438 [main] INFO  com.browserstack.v2.SdkCLI - Disabling Cli for framework=true
11:45:49.438 [main] INFO  com.browserstack.v2.SdkCLI - Disabling Cli for framework=true
11:45:54.002 [main] INFO  c.browserstack.BrowserStackJavaAgent - Project and debug logs are captured by default. To disable, set disableAutoCaptureLogs: true in config.
11:45:54.005 [main] INFO  c.browserstack.BrowserStackJavaAgent - Project and debug logs are captured by default. To disable, set disableAutoCaptureLogs: true in config.
11:45:54.005 [main] INFO  c.browserstack.BrowserStackJavaAgent - Project and debug logs are captured by default. To disable, set disableAutoCaptureLogs: true in config.
11:45:54.042 [main] WARN  c.b.config.BrowserStackConfig - TEST REPORTING AND ANALYTICS could not be enabled because framework detected is true. We currently support frameworks testng, cucumber-testng & serenity
11:45:54.042 [main] WARN  c.b.config.BrowserStackConfig - TEST REPORTING AND ANALYTICS could not be enabled because framework detected is true. We currently support frameworks testng, cucumber-testng & serenity
11:45:54.042 [main] WARN  c.b.config.BrowserStackConfig - TEST REPORTING AND ANALYTICS could not be enabled because framework detected is true. We currently support frameworks testng, cucumber-testng & serenity
11:46:17.783 [Thread-0] ERROR c.browserstack.testOps.RequestUtils - [RequestUtils] Error in stop: Non 200 response
com.browserstack.testOps.RequestException: Non 200 response
	at com.browserstack.testOps.RequestException.non200(Unknown Source)
	at com.browserstack.testOps.RequestUtils.requestToTestOps(Unknown Source)
	at com.browserstack.testOps.RequestUtils.requestToTestOpsString(Unknown Source)
	at com.browserstack.testOps.RequestUtils.stop(Unknown Source)
	at com.browserstack.testOps.Listener.a(Unknown Source)
	at com.browserstack.testOps.Listener.a(Unknown Source)
	at com.browserstack.testOps.Listener.onComplete(Unknown Source)
	at java.base/jdk.internal.reflect.DirectMethodHandleAccessor.invoke(DirectMethodHandleAccessor.java:104)
	at java.base/java.lang.reflect.Method.invoke(Method.java:565)
	at com.browserstack.utils.ConditionalInvocationHandler.invoke(Unknown Source)
	at jdk.proxy2/jdk.proxy2.$Proxy8.onComplete(Unknown Source)
	at com.browserstack.BrowserStackJavaAgent$FinalExecution.a(Unknown Source)
	at com.browserstack.BrowserStackJavaAgent$FinalExecution.a(Unknown Source)
	at com.browserstack.BrowserStackJavaAgent$FinalExecution.run(Unknown Source)
11:46:21.329 [Thread-0] INFO  com.browserstack.v2.SdkCLI - stop: cli is not running.
11:46:24.273 [Thread-0] INFO  c.browserstack.utils.UtilityMethods - View build on BrowserStack dashboard: https://automate.browserstack.com/dashboard/v2/builds/e5dcf723a33b5ee84eec37fa6a1d12ee8ec2b1f1
11:46:24.274 [Thread-0] INFO  c.b.config.BrowserStackConfig - INFO
11:46:24.291 [Thread-0] INFO  c.browserstack.BrowserStackJavaAgent - SDK run ended for id: ede683a7-a390-4875-ab9f-819644d905f8, testhub id: l21q0l0semnumkjczzin3ovuqirpkzxoc5auzhmo
11:46:24.291 [Thread-0] INFO  c.b.config.BrowserStackConfig - INFO
11:47:18.077 [main] DEBUG c.browserstack.BrowserStackJavaAgent - Extracted CLI argument from system : null
11:47:18.094 [main] INFO  c.browserstack.BrowserStackJavaAgent - Selenium version detected - 4.1.4
11:47:18.095 [main] INFO  c.browserstack.BrowserStackJavaAgent - Appium version detected - 
11:47:18.196 [main] DEBUG c.b.config.BrowserStackConfig - Cli Config passed - {}
11:47:18.198 [main] INFO  c.b.config.BrowserStackConfig - Detected Framework testng
11:47:18.203 [main] INFO  c.b.config.BrowserStackConfig - Setting value of testReporting as specified in your browserstack.yml to true
11:47:18.483 [main] INFO  c.browserstack.BrowserStackJavaAgent - Framework set to true
11:47:18.484 [main] INFO  c.browserstack.BrowserStackJavaAgent - SDK run started with id: e834d26e-b573-40fe-963c-cd18f418c2e0
11:47:18.484 [main] INFO  c.b.config.BrowserStackConfig - INFO
11:47:18.491 [main] DEBUG com.browserstack.v2.SdkCliUtils - File /Users/arjun/.browserstack already exist
11:47:18.493 [main] DEBUG com.browserstack.v2.SdkCliUtils - Current CLI Path Found: /Users/arjun/.browserstack/cli/binary-macos-arm64
11:47:19.247 [main] DEBUG com.browserstack.v2.SdkCliUtils - Resolved binary path: /Users/arjun/.browserstack/cli/binary-macos-arm64
11:47:19.248 [main] INFO  com.browserstack.v2.SdkCLI - Disabling Cli for framework=true
11:47:24.381 [main] WARN  c.b.config.BrowserStackConfig - TEST REPORTING AND ANALYTICS could not be enabled because framework detected is true. We currently support frameworks testng, cucumber-testng & serenity
11:47:24.740 [main] INFO  c.browserstack.BrowserStackJavaAgent - Project and debug logs are captured by default. To disable, set disableAutoCaptureLogs: true in config.
11:47:25.663 [main] DEBUG c.browserstack.BrowserStackJavaAgent - Extracted CLI argument from system : null
11:47:25.684 [main] INFO  c.browserstack.BrowserStackJavaAgent - Selenium version detected - 4.1.4
11:47:25.685 [main] INFO  c.browserstack.BrowserStackJavaAgent - Appium version detected - 
11:47:25.779 [main] DEBUG c.b.config.BrowserStackConfig - Cli Config passed - {}
11:47:25.782 [main] INFO  c.b.config.BrowserStackConfig - Detected Framework testng
11:47:25.786 [main] INFO  c.b.config.BrowserStackConfig - Setting value of testReporting as specified in your browserstack.yml to true
11:47:26.066 [main] INFO  c.browserstack.BrowserStackJavaAgent - Framework set to true
11:47:26.067 [main] INFO  c.browserstack.BrowserStackJavaAgent - SDK run started with id: 206af6ae-fb2f-473b-8579-4eb87ce523cb
11:47:26.067 [main] INFO  c.b.config.BrowserStackConfig - INFO
11:47:26.073 [main] DEBUG com.browserstack.v2.SdkCliUtils - File /Users/arjun/.browserstack already exist
11:47:26.075 [main] DEBUG com.browserstack.v2.SdkCliUtils - Current CLI Path Found: /Users/arjun/.browserstack/cli/binary-macos-arm64
11:47:26.642 [main] INFO  com.browserstack.testOps.Listener - Testhub started with id: oocibfwarvpvkd5u1n6xhv6e9fydsvoh8inm7cnv
11:47:26.642 [main] INFO  c.b.config.BrowserStackConfig - INFO
11:47:26.643 [main] INFO  c.browserstack.BrowserStackJavaAgent - Starting BrowserStack Local......
11:47:27.338 [main] DEBUG com.browserstack.v2.SdkCliUtils - Resolved binary path: /Users/arjun/.browserstack/cli/binary-macos-arm64
11:47:27.339 [main] INFO  com.browserstack.v2.SdkCLI - Disabling Cli for framework=true
11:47:30.264 [main] WARN  c.b.config.BrowserStackConfig - TEST REPORTING AND ANALYTICS could not be enabled because framework detected is true. We currently support frameworks testng, cucumber-testng & serenity
11:47:31.257 [main] INFO  c.browserstack.BrowserStackJavaAgent - Project and debug logs are captured by default. To disable, set disableAutoCaptureLogs: true in config.
11:47:31.512 [SIGINT handler] INFO  c.b.utils.ExitSignalHandler - Shutdown triggered by: INT 2
11:47:32.413 [main] INFO  com.browserstack.testOps.Listener - Testhub started with id: mipgwnrjoazp6ax9kaoahx7p7a57hdwikdsun5i9
11:47:32.413 [main] INFO  c.b.config.BrowserStackConfig - INFO
11:47:32.414 [Thread-0] ERROR c.browserstack.testOps.RequestUtils - [RequestUtils] Error in stop: Non 200 response
com.browserstack.testOps.RequestException: Non 200 response
	at com.browserstack.testOps.RequestException.non200(Unknown Source)
	at com.browserstack.testOps.RequestUtils.requestToTestOps(Unknown Source)
	at com.browserstack.testOps.RequestUtils.requestToTestOpsString(Unknown Source)
	at com.browserstack.testOps.RequestUtils.stop(Unknown Source)
	at com.browserstack.testOps.Listener.a(Unknown Source)
	at com.browserstack.testOps.Listener.a(Unknown Source)
	at com.browserstack.testOps.Listener.onComplete(Unknown Source)
	at java.base/jdk.internal.reflect.DirectMethodHandleAccessor.invoke(DirectMethodHandleAccessor.java:104)
	at java.base/java.lang.reflect.Method.invoke(Method.java:565)
	at com.browserstack.utils.ConditionalInvocationHandler.invoke(Unknown Source)
	at jdk.proxy2/jdk.proxy2.$Proxy8.onComplete(Unknown Source)
	at com.browserstack.BrowserStackJavaAgent$FinalExecution.a(Unknown Source)
	at com.browserstack.BrowserStackJavaAgent$FinalExecution.a(Unknown Source)
	at com.browserstack.BrowserStackJavaAgent$FinalExecution.run(Unknown Source)
11:47:32.414 [main] INFO  c.browserstack.BrowserStackJavaAgent - Starting BrowserStack Local......
11:47:34.689 [Thread-0] INFO  com.browserstack.v2.SdkCLI - stop: cli is not running.
11:47:36.509 [main] DEBUG c.browserstack.BrowserStackJavaAgent - Extracted CLI argument from system : null
11:47:36.511 [main] DEBUG c.browserstack.BrowserStackJavaAgent - Extracted CLI argument from system : null
11:47:36.523 [main] DEBUG c.browserstack.BrowserStackJavaAgent - Extracted CLI argument from system : null
11:47:36.629 [main] DEBUG c.b.config.BrowserStackConfig - Cli Config passed - {}
11:47:36.631 [main] INFO  c.b.config.BrowserStackConfig - Detected Framework testng
11:47:36.637 [main] INFO  c.b.config.BrowserStackConfig - Setting value of testReporting as specified in your browserstack.yml to true
11:47:36.639 [main] DEBUG c.b.config.BrowserStackConfig - Cli Config passed - {}
11:47:36.641 [main] INFO  c.b.config.BrowserStackConfig - Detected Framework testng
11:47:36.642 [main] DEBUG c.b.config.BrowserStackConfig - Cli Config passed - {}
11:47:36.644 [main] INFO  c.b.config.BrowserStackConfig - Detected Framework testng
11:47:36.645 [main] INFO  c.b.config.BrowserStackConfig - Setting value of testReporting as specified in your browserstack.yml to true
11:47:36.650 [main] INFO  c.b.config.BrowserStackConfig - Setting value of testReporting as specified in your browserstack.yml to true
11:47:36.774 [main] INFO  c.browserstack.BrowserStackJavaAgent - SDK run started with id: e52c52dd-8ee7-4fb7-b0fb-9d4a28321aa1
11:47:36.774 [main] INFO  c.b.config.BrowserStackConfig - INFO
11:47:36.777 [main] INFO  c.browserstack.BrowserStackJavaAgent - SDK run started with id: e2c7bba6-80a9-463d-89df-cd04f1c572e1
11:47:36.777 [main] INFO  c.b.config.BrowserStackConfig - INFO
11:47:36.782 [main] INFO  c.browserstack.BrowserStackJavaAgent - SDK run started with id: 5ea7c704-6797-47f0-9bba-4b2313228f73
11:47:36.782 [main] INFO  c.b.config.BrowserStackConfig - INFO
11:47:36.784 [main] DEBUG com.browserstack.v2.SdkCliUtils - File /Users/arjun/.browserstack already exist
11:47:36.786 [main] DEBUG com.browserstack.v2.SdkCliUtils - File /Users/arjun/.browserstack already exist
11:47:36.786 [main] DEBUG com.browserstack.v2.SdkCliUtils - Current CLI Path Found: /Users/arjun/.browserstack/cli/binary-macos-arm64
11:47:36.789 [main] DEBUG com.browserstack.v2.SdkCliUtils - Current CLI Path Found: /Users/arjun/.browserstack/cli/binary-macos-arm64
11:47:36.791 [main] DEBUG com.browserstack.v2.SdkCliUtils - File /Users/arjun/.browserstack already exist
11:47:36.793 [main] DEBUG com.browserstack.v2.SdkCliUtils - Current CLI Path Found: /Users/arjun/.browserstack/cli/binary-macos-arm64
11:47:37.485 [main] DEBUG com.browserstack.v2.SdkCliUtils - Resolved binary path: /Users/arjun/.browserstack/cli/binary-macos-arm64
11:47:37.486 [main] INFO  com.browserstack.v2.SdkCLI - Disabling Cli for framework=true
11:47:38.093 [main] DEBUG com.browserstack.v2.SdkCliUtils - Resolved binary path: /Users/arjun/.browserstack/cli/binary-macos-arm64
11:47:38.094 [main] INFO  com.browserstack.v2.SdkCLI - Disabling Cli for framework=true
11:47:38.105 [main] DEBUG com.browserstack.v2.SdkCliUtils - Resolved binary path: /Users/arjun/.browserstack/cli/binary-macos-arm64
11:47:38.105 [main] INFO  com.browserstack.v2.SdkCLI - Disabling Cli for framework=true
11:47:38.274 [Thread-0] INFO  c.browserstack.BrowserStackJavaAgent - SDK run ended for id: 206af6ae-fb2f-473b-8579-4eb87ce523cb, testhub id: mipgwnrjoazp6ax9kaoahx7p7a57hdwikdsun5i9
11:47:38.275 [Thread-0] INFO  c.b.config.BrowserStackConfig - INFO
11:47:40.314 [main] INFO  c.browserstack.BrowserStackJavaAgent - Project and debug logs are captured by default. To disable, set disableAutoCaptureLogs: true in config.
11:47:40.349 [main] WARN  c.b.config.BrowserStackConfig - TEST REPORTING AND ANALYTICS could not be enabled because framework detected is true. We currently support frameworks testng, cucumber-testng & serenity
11:47:40.858 [main] INFO  c.browserstack.BrowserStackJavaAgent - Project and debug logs are captured by default. To disable, set disableAutoCaptureLogs: true in config.
11:47:40.884 [main] WARN  c.b.config.BrowserStackConfig - TEST REPORTING AND ANALYTICS could not be enabled because framework detected is true. We currently support frameworks testng, cucumber-testng & serenity
11:47:40.903 [main] INFO  c.browserstack.BrowserStackJavaAgent - Project and debug logs are captured by default. To disable, set disableAutoCaptureLogs: true in config.
11:47:40.993 [main] WARN  c.b.config.BrowserStackConfig - TEST REPORTING AND ANALYTICS could not be enabled because framework detected is true. We currently support frameworks testng, cucumber-testng & serenity
11:48:03.608 [Thread-0] ERROR c.browserstack.testOps.RequestUtils - [RequestUtils] Error in stop: Non 200 response
com.browserstack.testOps.RequestException: Non 200 response
	at com.browserstack.testOps.RequestException.non200(Unknown Source)
	at com.browserstack.testOps.RequestUtils.requestToTestOps(Unknown Source)
	at com.browserstack.testOps.RequestUtils.requestToTestOpsString(Unknown Source)
	at com.browserstack.testOps.RequestUtils.stop(Unknown Source)
	at com.browserstack.testOps.Listener.a(Unknown Source)
	at com.browserstack.testOps.Listener.a(Unknown Source)
	at com.browserstack.testOps.Listener.onComplete(Unknown Source)
	at java.base/jdk.internal.reflect.DirectMethodHandleAccessor.invoke(DirectMethodHandleAccessor.java:104)
	at java.base/java.lang.reflect.Method.invoke(Method.java:565)
	at com.browserstack.utils.ConditionalInvocationHandler.invoke(Unknown Source)
	at jdk.proxy2/jdk.proxy2.$Proxy8.onComplete(Unknown Source)
	at com.browserstack.BrowserStackJavaAgent$FinalExecution.a(Unknown Source)
	at com.browserstack.BrowserStackJavaAgent$FinalExecution.a(Unknown Source)
	at com.browserstack.BrowserStackJavaAgent$FinalExecution.run(Unknown Source)
11:48:05.907 [Thread-0] INFO  com.browserstack.v2.SdkCLI - stop: cli is not running.
11:48:08.123 [Thread-0] INFO  c.browserstack.utils.UtilityMethods - View build on BrowserStack dashboard: https://automate.browserstack.com/dashboard/v2/builds/0402c444c2af6569596f89968dcdcaf73e1f7d8a
11:48:08.123 [Thread-0] INFO  c.b.config.BrowserStackConfig - INFO
11:48:08.135 [Thread-0] INFO  c.browserstack.BrowserStackJavaAgent - SDK run ended for id: e834d26e-b573-40fe-963c-cd18f418c2e0, testhub id: oocibfwarvpvkd5u1n6xhv6e9fydsvoh8inm7cnv
11:48:08.135 [Thread-0] INFO  c.b.config.BrowserStackConfig - INFO
12:15:58.562 [main] DEBUG c.browserstack.BrowserStackJavaAgent - Extracted CLI argument from system : null
12:15:58.594 [main] INFO  c.browserstack.BrowserStackJavaAgent - Selenium version detected - 4.1.4
12:15:58.595 [main] INFO  c.browserstack.BrowserStackJavaAgent - Appium version detected - 
12:15:58.685 [main] DEBUG c.b.config.BrowserStackConfig - Cli Config passed - {}
12:15:58.687 [main] INFO  c.b.config.BrowserStackConfig - Detected Framework testng
12:15:59.020 [main] INFO  c.browserstack.BrowserStackJavaAgent - Framework set to testng
12:15:59.021 [main] INFO  c.browserstack.BrowserStackJavaAgent - SDK run started with id: 506b5311-b034-4ac1-b883-43e458e92388
12:15:59.021 [main] INFO  c.b.config.BrowserStackConfig - INFO
12:15:59.027 [main] DEBUG com.browserstack.v2.SdkCliUtils - File /Users/arjun/.browserstack already exist
12:15:59.030 [main] DEBUG com.browserstack.v2.SdkCliUtils - Current CLI Path Found: /Users/arjun/.browserstack/cli/binary-macos-arm64
12:16:00.352 [main] DEBUG com.browserstack.v2.SdkCliUtils - Resolved binary path: /Users/arjun/.browserstack/cli/binary-macos-arm64
12:16:00.354 [main] DEBUG com.browserstack.v2.SdkCLI - startMain: main-process starting
12:16:00.354 [main] INFO  com.browserstack.v2.SdkCLI - spawning command='/Users/arjun/.browserstack/cli/binary-macos-arm64' 'sdk' 'tcp'
12:16:00.648 [ForkJoinPool.commonPool-worker-1] INFO  com.browserstack.v2.SdkCLI - loadCLIParams: start binSessionId=ff81bea9-6104-4092-ac89-94f13328af4a listenAddress=127.0.0.1:5400
12:16:00.649 [main] DEBUG com.browserstack.v2.SdkCLI - startMain: main-process started
12:16:00.649 [main] DEBUG com.browserstack.v2.SdkCLI - startMain: main-process connecting {port=5400, listen=127.0.0.1:5400, id=ff81bea9-6104-4092-ac89-94f13328af4a}
12:16:00.655 [main] DEBUG com.browserstack.v2.SdkCliUtils - File /Users/arjun/.browserstack already exist
12:16:10.207 [main] DEBUG com.browserstack.v2.SdkCLI - start-bin-session=bin_session_id: "ff81bea9-6104-4092-ac89-94f13328af4a"
config: "{\"userName\":\"arjun153\",\"accessKey\":\"pBUjJCeGYhbsRaET7AUb\",\"framework\":\"testng\",\"platforms\":[{\"os\":\"Windows\",\"osVersion\":\"10\",\"browserName\":\"Chrome\",\"browserVersion\":\"136.0\"},{\"os\":\"OS X\",\"osVersion\":\"Monterey\",\"browserName\":\"Safari\",\"browserVersion\":\"15.6\"},{\"deviceName\":\"iPhone 13\",\"osVersion\":\"15\",\"browserName\":\"Chromium\",\"deviceOrientation\":\"portrait\"}],\"parallelsPerPlatform\":1,\"browserstackLocal\":true,\"buildName\":\"testathon_Arjun Build\",\"projectName\":\"testathon_Arjun\",\"CUSTOM_TAG_1\":\"You can set a custom Build Tag here\",\"networkLogs\":true,\"consoleLogs\":\"info\",\"percy\":false,\"percyCaptureMode\":\"auto\",\"testObservability\":true,\"accessibility\":false,\"browserstackAutomation\":true,\"selfHeal\":false,\"disableAutoCaptureLogs\":false,\"testhub\":true,\"testContextOptions\":{\"skipSessionStatus\":false,\"skipSessionName\":false},\"logDir\":\"/Users/arjun/Downloads/testng-browserstack-master/log\",\"buildIdentifier\":\"#${BUILD_NUMBER}\",\"browserStackLocalOptions\":{\"localIdentifier\":\"Sep_27_1216_ArjunBM-MBP_hurd\",\"key\":\"pBUjJCeGYhbsRaET7AUb\",\"skipBinaryInitialisation\":false},\"testOrchestrationOptions\":{\"retryTestsOnFailure\":{},\"abortBuildOnFailure\":{}},\"apis\":{\"automate\":{\"hub\":\"https://hub.browserstack.com\",\"cdp\":\"https://cdp.browserstack.com\",\"api\":\"https://api.browserstack.com\",\"upload\":\"https://api-cloud.browserstack.com\"},\"appAutomate\":{\"hub\":\"https://hub.browserstack.com\",\"api\":\"https://api.browserstack.com\",\"upload\":\"https://api-cloud.browserstack.com\"},\"percy\":{\"api\":\"https://api.browserstack.com\"},\"turboScale\":{\"api\":\"https://grid.browserstack.com\"},\"accessibility\":{\"api\":\"https://accessibility.browserstack.com\"},\"appAccessibility\":{\"api\":\"https://app-accessibility.browserstack.com\"},\"observability\":{\"api\":\"https://collector-observability.browserstack.com\",\"upload\":\"https://upload-observability.browserstack.com\"},\"configServer\":{\"api\":\"https://sdk.browserstack.com\"},\"edsInstrumentation\":{\"api\":\"https://eds.browserstack.com\"},\"tcg\":{\"api\":\"https://tcg.browserstack.com\"}},\"hubUrl\":\"https://hub.browserstack.com/wd/hub\",\"proxySettings\":{}}"
testhub {
  jwt: "eyJhbGciOiJSUzI1NiJ9.eyJleHAiOiIxNzU4OTY2MzYxIiwiaXNzIjoid3d3LmJyb3dzZXJzdGFjay5jb20iLCJzdWIiOjI1ODY1MTIsInNjb3BlIjp7InByb2R1Y3QiOiJzZGsiLCJ1c2VyX2FjY2VzcyI6eyJ0ZXN0X29ic2VydmFiaWxpdHkiOjEsImF1dG9tYXRlIjoxLCJhcHBfYXV0b21hdGUiOjEsInBlcmN5IjoxLCJhcHBfcGVyY3kiOjEsImFjY2Vzc2liaWxpdHlfdGVzdGluZyI6MCwiYXBwX2FjY2Vzc2liaWxpdHlfdGVzdGluZyI6MSwiYXV0b21hdGVfdHVyYm9zY2FsZSI6MSwibG93X2NvZGVfYXV0b21hdGlvbiI6MX0sImlhYW1fcm9sZSI6Im93bmVyIn0sImdyb3VwX2lkIjoyNTQ2MTUwLCJ0ZWFtX2lkIjpudWxsLCJ1ZGFjX2FjY2VzcyI6Imdsb2JhbCJ9.Xv1qiUbaZ6h_osxwxfyQwFjeQD97HcfvMeC7YMwWdEtyWupmpZ9KFAPop81Iqf8HkJ19rgEPg-2uO9J4g2NW0_c4A4gd3vuhaXpP4phqqKLj1v3zCvL98IIXLpwZ_E03AEU4QJQOLwd4DZZ2RE2C1N8II2uA_iTjfufchSuRDYsTVFZQ27a30fJZloUZtjtCVbEyMxLykDJ6OiPcJVppdFZSBeVsieu9MRWMtURd1AvK8Fby-2tDNmey0lY39lDQKwt43tbtW2zgyi5z7LvOfYGBqPZvLnubDaaP2aIa3Li_soBeYhLo2jHq9sZzDaTLhq85QPQ3W8TE3FoUkoINEw"
  build_hashed_id: "q1bgvkyh1e6yacwgn3kt33nfbnycprabxliellrh"
  testhub_events: true
}
observability {
  success: true
}
session_framework: ""
8: "selenium"

12:16:10.215 [main] DEBUG com.browserstack.v2.SdkCLI - startChild: child-process connecting
12:16:10.663 [main] DEBUG com.browserstack.v2.SdkCLI - connect-bin-session=bin_session_id: "ff81bea9-6104-4092-ac89-94f13328af4a"
config: "{\"userName\":\"arjun153\",\"accessKey\":\"pBUjJCeGYhbsRaET7AUb\",\"framework\":\"testng\",\"platforms\":[{\"os\":\"Windows\",\"osVersion\":\"10\",\"browserName\":\"Chrome\",\"browserVersion\":\"136.0\"},{\"os\":\"OS X\",\"osVersion\":\"Monterey\",\"browserName\":\"Safari\",\"browserVersion\":\"15.6\"},{\"deviceName\":\"iPhone 13\",\"osVersion\":\"15\",\"browserName\":\"Chromium\",\"deviceOrientation\":\"portrait\"}],\"parallelsPerPlatform\":1,\"browserstackLocal\":true,\"buildName\":\"testathon_Arjun Build\",\"projectName\":\"testathon_Arjun\",\"CUSTOM_TAG_1\":\"You can set a custom Build Tag here\",\"networkLogs\":true,\"consoleLogs\":\"info\",\"percy\":false,\"percyCaptureMode\":\"auto\",\"testObservability\":true,\"accessibility\":false,\"browserstackAutomation\":true,\"selfHeal\":false,\"disableAutoCaptureLogs\":false,\"testhub\":true,\"testContextOptions\":{\"skipSessionStatus\":false,\"skipSessionName\":false},\"logDir\":\"/Users/arjun/Downloads/testng-browserstack-master/log\",\"buildIdentifier\":\"#${BUILD_NUMBER}\",\"browserStackLocalOptions\":{\"localIdentifier\":\"Sep_27_1216_ArjunBM-MBP_hurd\",\"key\":\"pBUjJCeGYhbsRaET7AUb\",\"skipBinaryInitialisation\":false},\"testOrchestrationOptions\":{\"retryTestsOnFailure\":{},\"abortBuildOnFailure\":{}},\"apis\":{\"automate\":{\"hub\":\"https://hub.browserstack.com\",\"cdp\":\"https://cdp.browserstack.com\",\"api\":\"https://api.browserstack.com\",\"upload\":\"https://api-cloud.browserstack.com\"},\"appAutomate\":{\"hub\":\"https://hub.browserstack.com\",\"api\":\"https://api.browserstack.com\",\"upload\":\"https://api-cloud.browserstack.com\"},\"percy\":{\"api\":\"https://api.browserstack.com\"},\"turboScale\":{\"api\":\"https://grid.browserstack.com\"},\"accessibility\":{\"api\":\"https://accessibility.browserstack.com\"},\"appAccessibility\":{\"api\":\"https://app-accessibility.browserstack.com\"},\"observability\":{\"api\":\"https://collector-observability.browserstack.com\",\"upload\":\"https://upload-observability.browserstack.com\"},\"configServer\":{\"api\":\"https://sdk.browserstack.com\"},\"edsInstrumentation\":{\"api\":\"https://eds.browserstack.com\"},\"tcg\":{\"api\":\"https://tcg.browserstack.com\"}},\"hubUrl\":\"https://hub-aps.browserstack.com/wd/hub\",\"proxySettings\":{}}"
testhub {
  jwt: "eyJhbGciOiJSUzI1NiJ9.eyJleHAiOiIxNzU4OTY2MzYxIiwiaXNzIjoid3d3LmJyb3dzZXJzdGFjay5jb20iLCJzdWIiOjI1ODY1MTIsInNjb3BlIjp7InByb2R1Y3QiOiJzZGsiLCJ1c2VyX2FjY2VzcyI6eyJ0ZXN0X29ic2VydmFiaWxpdHkiOjEsImF1dG9tYXRlIjoxLCJhcHBfYXV0b21hdGUiOjEsInBlcmN5IjoxLCJhcHBfcGVyY3kiOjEsImFjY2Vzc2liaWxpdHlfdGVzdGluZyI6MCwiYXBwX2FjY2Vzc2liaWxpdHlfdGVzdGluZyI6MSwiYXV0b21hdGVfdHVyYm9zY2FsZSI6MSwibG93X2NvZGVfYXV0b21hdGlvbiI6MX0sImlhYW1fcm9sZSI6Im93bmVyIn0sImdyb3VwX2lkIjoyNTQ2MTUwLCJ0ZWFtX2lkIjpudWxsLCJ1ZGFjX2FjY2VzcyI6Imdsb2JhbCJ9.Xv1qiUbaZ6h_osxwxfyQwFjeQD97HcfvMeC7YMwWdEtyWupmpZ9KFAPop81Iqf8HkJ19rgEPg-2uO9J4g2NW0_c4A4gd3vuhaXpP4phqqKLj1v3zCvL98IIXLpwZ_E03AEU4QJQOLwd4DZZ2RE2C1N8II2uA_iTjfufchSuRDYsTVFZQ27a30fJZloUZtjtCVbEyMxLykDJ6OiPcJVppdFZSBeVsieu9MRWMtURd1AvK8Fby-2tDNmey0lY39lDQKwt43tbtW2zgyi5z7LvOfYGBqPZvLnubDaaP2aIa3Li_soBeYhLo2jHq9sZzDaTLhq85QPQ3W8TE3FoUkoINEw"
  build_hashed_id: "q1bgvkyh1e6yacwgn3kt33nfbnycprabxliellrh"
  testhub_events: true
}
observability {
  success: true
}
session_framework: "selenium"
test_orchestration {
  retry_tests_on_failure {
  }
  abort_build_on_failure {
  }
}

12:16:10.667 [main] INFO  com.browserstack.v2.SdkCLI - loadBinResponse: Loading modules as per LoadBinResponse=bin_session_id: "ff81bea9-6104-4092-ac89-94f13328af4a"
config: "{\"userName\":\"arjun153\",\"accessKey\":\"pBUjJCeGYhbsRaET7AUb\",\"framework\":\"testng\",\"platforms\":[{\"os\":\"Windows\",\"osVersion\":\"10\",\"browserName\":\"Chrome\",\"browserVersion\":\"136.0\"},{\"os\":\"OS X\",\"osVersion\":\"Monterey\",\"browserName\":\"Safari\",\"browserVersion\":\"15.6\"},{\"deviceName\":\"iPhone 13\",\"osVersion\":\"15\",\"browserName\":\"Chromium\",\"deviceOrientation\":\"portrait\"}],\"parallelsPerPlatform\":1,\"browserstackLocal\":true,\"buildName\":\"testathon_Arjun Build\",\"projectName\":\"testathon_Arjun\",\"CUSTOM_TAG_1\":\"You can set a custom Build Tag here\",\"networkLogs\":true,\"consoleLogs\":\"info\",\"percy\":false,\"percyCaptureMode\":\"auto\",\"testObservability\":true,\"accessibility\":false,\"browserstackAutomation\":true,\"selfHeal\":false,\"disableAutoCaptureLogs\":false,\"testhub\":true,\"testContextOptions\":{\"skipSessionStatus\":false,\"skipSessionName\":false},\"logDir\":\"/Users/arjun/Downloads/testng-browserstack-master/log\",\"buildIdentifier\":\"#${BUILD_NUMBER}\",\"browserStackLocalOptions\":{\"localIdentifier\":\"Sep_27_1216_ArjunBM-MBP_hurd\",\"key\":\"pBUjJCeGYhbsRaET7AUb\",\"skipBinaryInitialisation\":false},\"testOrchestrationOptions\":{\"retryTestsOnFailure\":{},\"abortBuildOnFailure\":{}},\"apis\":{\"automate\":{\"hub\":\"https://hub.browserstack.com\",\"cdp\":\"https://cdp.browserstack.com\",\"api\":\"https://api.browserstack.com\",\"upload\":\"https://api-cloud.browserstack.com\"},\"appAutomate\":{\"hub\":\"https://hub.browserstack.com\",\"api\":\"https://api.browserstack.com\",\"upload\":\"https://api-cloud.browserstack.com\"},\"percy\":{\"api\":\"https://api.browserstack.com\"},\"turboScale\":{\"api\":\"https://grid.browserstack.com\"},\"accessibility\":{\"api\":\"https://accessibility.browserstack.com\"},\"appAccessibility\":{\"api\":\"https://app-accessibility.browserstack.com\"},\"observability\":{\"api\":\"https://collector-observability.browserstack.com\",\"upload\":\"https://upload-observability.browserstack.com\"},\"configServer\":{\"api\":\"https://sdk.browserstack.com\"},\"edsInstrumentation\":{\"api\":\"https://eds.browserstack.com\"},\"tcg\":{\"api\":\"https://tcg.browserstack.com\"}},\"hubUrl\":\"https://hub-aps.browserstack.com/wd/hub\",\"proxySettings\":{}}"
testhub {
  jwt: "eyJhbGciOiJSUzI1NiJ9.eyJleHAiOiIxNzU4OTY2MzYxIiwiaXNzIjoid3d3LmJyb3dzZXJzdGFjay5jb20iLCJzdWIiOjI1ODY1MTIsInNjb3BlIjp7InByb2R1Y3QiOiJzZGsiLCJ1c2VyX2FjY2VzcyI6eyJ0ZXN0X29ic2VydmFiaWxpdHkiOjEsImF1dG9tYXRlIjoxLCJhcHBfYXV0b21hdGUiOjEsInBlcmN5IjoxLCJhcHBfcGVyY3kiOjEsImFjY2Vzc2liaWxpdHlfdGVzdGluZyI6MCwiYXBwX2FjY2Vzc2liaWxpdHlfdGVzdGluZyI6MSwiYXV0b21hdGVfdHVyYm9zY2FsZSI6MSwibG93X2NvZGVfYXV0b21hdGlvbiI6MX0sImlhYW1fcm9sZSI6Im93bmVyIn0sImdyb3VwX2lkIjoyNTQ2MTUwLCJ0ZWFtX2lkIjpudWxsLCJ1ZGFjX2FjY2VzcyI6Imdsb2JhbCJ9.Xv1qiUbaZ6h_osxwxfyQwFjeQD97HcfvMeC7YMwWdEtyWupmpZ9KFAPop81Iqf8HkJ19rgEPg-2uO9J4g2NW0_c4A4gd3vuhaXpP4phqqKLj1v3zCvL98IIXLpwZ_E03AEU4QJQOLwd4DZZ2RE2C1N8II2uA_iTjfufchSuRDYsTVFZQ27a30fJZloUZtjtCVbEyMxLykDJ6OiPcJVppdFZSBeVsieu9MRWMtURd1AvK8Fby-2tDNmey0lY39lDQKwt43tbtW2zgyi5z7LvOfYGBqPZvLnubDaaP2aIa3Li_soBeYhLo2jHq9sZzDaTLhq85QPQ3W8TE3FoUkoINEw"
  build_hashed_id: "q1bgvkyh1e6yacwgn3kt33nfbnycprabxliellrh"
  testhub_events: true
}
observability {
  success: true
}
session_framework: "selenium"
test_orchestration {
  retry_tests_on_failure {
  }
  abort_build_on_failure {
  }
}

12:16:10.676 [main] DEBUG com.browserstack.v2.SdkCLI - loadBinResponse: configured module=WebdriverModule & ff81bea9-6104-4092-ac89-94f13328af4a
12:16:10.676 [main] DEBUG com.browserstack.v2.SdkCLI - loadBinResponse: configured module=ObservabilityModule & ff81bea9-6104-4092-ac89-94f13328af4a
12:16:10.676 [main] DEBUG com.browserstack.v2.SdkCLI - loadBinResponse: configured module=TestHubModule & ff81bea9-6104-4092-ac89-94f13328af4a
12:16:10.683 [main] INFO  com.browserstack.v2.SdkCLI - startChild: child-process connected
12:16:10.688 [main] INFO  com.browserstack.v2.SdkCLI - startMain: main-process connected
12:16:14.512 [main] INFO  c.browserstack.BrowserStackJavaAgent - Project and debug logs are captured by default. To disable, set disableAutoCaptureLogs: true in config.
12:16:14.524 [main] INFO  com.browserstack.testOps.Listener - onStart: CLI is active
12:16:14.707 [main] DEBUG com.browserstack.v2.SdkCLI - Setting up testng framework
12:16:14.708 [main] DEBUG com.browserstack.v2.SdkCLI - Setting up selenium framework
12:16:14.801 [main] INFO  com.browserstack.testOps.Listener - logCreated: CLI is active
12:16:14.811 [TestNG-tests-1] INFO  c.b.v2.framework.TestNgFramework - trackTestNgTest: saved instance contextId=499981248 target=testng-browserstack-master-0@0 instances=[499981248, 499982210]
12:16:14.811 [TestNG-tests-2] INFO  c.b.v2.framework.TestNgFramework - trackTestNgTest: saved instance contextId=499982210 target=testng-browserstack-master-1@1 instances=[499981248, 499982210]
12:16:14.811 [TestNG-tests-3] INFO  c.b.v2.framework.TestNgFramework - trackTestNgTest: saved instance contextId=499983172 target=testng-browserstack-master-2@2 instances=[499983172, 499981248, 499982210]
12:16:14.811 [TestNG-tests-2] INFO  c.b.v2.framework.TestNgFramework - trackEvent: found instance, testFrameworkState=TestFrameworkState.INIT_TEST hookState=HookState.PRE instance=499982210
12:16:14.811 [TestNG-tests-3] INFO  c.b.v2.framework.TestNgFramework - trackEvent: found instance, testFrameworkState=TestFrameworkState.INIT_TEST hookState=HookState.PRE instance=499983172
12:16:14.811 [TestNG-tests-1] INFO  c.b.v2.framework.TestNgFramework - trackEvent: found instance, testFrameworkState=TestFrameworkState.INIT_TEST hookState=HookState.PRE instance=499981248
12:16:14.811 [TestNG-tests-2] INFO  c.b.v2.framework.TestNgFramework - trackEvent: loaded instance, testFrameworkState=TestFrameworkState.INIT_TEST hookState=HookState.PRE instance=499982210
12:16:14.811 [TestNG-tests-3] INFO  c.b.v2.framework.TestNgFramework - trackEvent: loaded instance, testFrameworkState=TestFrameworkState.INIT_TEST hookState=HookState.PRE instance=499983172
12:16:14.811 [TestNG-tests-1] INFO  c.b.v2.framework.TestNgFramework - trackEvent: loaded instance, testFrameworkState=TestFrameworkState.INIT_TEST hookState=HookState.PRE instance=499981248
12:16:14.826 [testng-browserstack-master-1@1] INFO  c.b.v2.framework.TestNgFramework - trackEvent: found instance, testFrameworkState=TestFrameworkState.BEFORE_METHOD hookState=HookState.PRE instance=499982210
12:16:14.826 [testng-browserstack-master-2@2] INFO  c.b.v2.framework.TestNgFramework - trackEvent: found instance, testFrameworkState=TestFrameworkState.BEFORE_METHOD hookState=HookState.PRE instance=499983172
12:16:14.826 [testng-browserstack-master-0@0] INFO  c.b.v2.framework.TestNgFramework - trackEvent: found instance, testFrameworkState=TestFrameworkState.BEFORE_METHOD hookState=HookState.PRE instance=499981248
12:16:14.827 [testng-browserstack-master-0@0] INFO  c.b.v2.framework.TestNgFramework - trackEvent: loaded common test data, testFrameworkState=TestFrameworkState.BEFORE_METHOD hookState=HookState.PRE instance=499981248
12:16:14.827 [testng-browserstack-master-2@2] INFO  c.b.v2.framework.TestNgFramework - trackEvent: loaded common test data, testFrameworkState=TestFrameworkState.BEFORE_METHOD hookState=HookState.PRE instance=499983172
12:16:14.827 [testng-browserstack-master-1@1] INFO  c.b.v2.framework.TestNgFramework - trackEvent: loaded common test data, testFrameworkState=TestFrameworkState.BEFORE_METHOD hookState=HookState.PRE instance=499982210
12:16:14.827 [testng-browserstack-master-0@0] INFO  c.b.v2.framework.TestNgFramework - trackEvent: track hook events
12:16:14.827 [testng-browserstack-master-1@1] INFO  c.b.v2.framework.TestNgFramework - trackEvent: track hook events
12:16:14.827 [testng-browserstack-master-2@2] INFO  c.b.v2.framework.TestNgFramework - trackEvent: track hook events
12:16:14.872 [testng-browserstack-master-0@0] INFO  c.b.v2.framework.TestNgFramework - args CHECK = [TestResult name=setUp status=STARTED method=SeleniumTest.setUp()[pri:0, instance:com.browserstack.BStackDemoTest@6c9320c2] output={null}]
12:16:14.872 [testng-browserstack-master-1@1] INFO  c.b.v2.framework.TestNgFramework - args CHECK = [TestResult name=setUp status=STARTED method=SeleniumTest.setUp()[pri:0, instance:com.browserstack.BStackDemoTest@33899f7a] output={null}]
12:16:14.872 [testng-browserstack-master-2@2] INFO  c.b.v2.framework.TestNgFramework - args CHECK = [TestResult name=setUp status=STARTED method=SeleniumTest.setUp()[pri:0, instance:com.browserstack.BStackDemoTest@2e8a1ab4] output={null}]
12:16:14.874 [testng-browserstack-master-0@0] INFO  c.b.v2.framework.TestNgFramework - Hook Started in PRE key = BEFORE_METHOD & hook = {hook_name=setUp, hook_result=pending, test_file_path=testng-browserstack-master/src/test/java/com/browserstack/BStackDemoTest.java, event_started_at=2025-09-27T12:16:14.873986, hook_id=233de465-207e-4224-b7d9-f025b0705c7d, hook_logs=[], key=BEFORE_METHOD, custom_metadata={}, test_location=testng-browserstack-master/src/test/java/com/browserstack/BStackDemoTest.java}  and args = [[TestResult name=setUp status=STARTED method=SeleniumTest.setUp()[pri:0, instance:com.browserstack.BStackDemoTest@6c9320c2] output={null}], SeleniumTest.setUp()[pri:0, instance:com.browserstack.BStackDemoTest@6c9320c2]]
12:16:14.874 [testng-browserstack-master-2@2] INFO  c.b.v2.framework.TestNgFramework - Hook Started in PRE key = BEFORE_METHOD & hook = {hook_name=setUp, hook_result=pending, test_file_path=testng-browserstack-master/src/test/java/com/browserstack/BStackDemoTest.java, event_started_at=2025-09-27T12:16:14.873986, hook_id=a169dcda-ec74-46e4-bc91-be853838af0c, hook_logs=[], key=BEFORE_METHOD, custom_metadata={}, test_location=testng-browserstack-master/src/test/java/com/browserstack/BStackDemoTest.java}  and args = [[TestResult name=setUp status=STARTED method=SeleniumTest.setUp()[pri:0, instance:com.browserstack.BStackDemoTest@2e8a1ab4] output={null}], SeleniumTest.setUp()[pri:0, instance:com.browserstack.BStackDemoTest@2e8a1ab4]]
12:16:14.874 [testng-browserstack-master-1@1] INFO  c.b.v2.framework.TestNgFramework - Hook Started in PRE key = BEFORE_METHOD & hook = {hook_name=setUp, hook_result=pending, test_file_path=testng-browserstack-master/src/test/java/com/browserstack/BStackDemoTest.java, event_started_at=2025-09-27T12:16:14.874, hook_id=dd2b41de-4e32-43c5-bac8-a48ca62f0871, hook_logs=[], key=BEFORE_METHOD, custom_metadata={}, test_location=testng-browserstack-master/src/test/java/com/browserstack/BStackDemoTest.java}  and args = [[TestResult name=setUp status=STARTED method=SeleniumTest.setUp()[pri:0, instance:com.browserstack.BStackDemoTest@33899f7a] output={null}], SeleniumTest.setUp()[pri:0, instance:com.browserstack.BStackDemoTest@33899f7a]]
12:16:14.874 [testng-browserstack-master-1@1] INFO  c.b.v2.framework.TestNgFramework - trackHookEvents: hook state=BEFORE_METHOD.HookState.PRE , hooks started={BEFORE_METHOD=[{hook_name=setUp, hook_result=pending, test_file_path=testng-browserstack-master/src/test/java/com/browserstack/BStackDemoTest.java, event_started_at=2025-09-27T12:16:14.874, hook_id=dd2b41de-4e32-43c5-bac8-a48ca62f0871, hook_logs=[], key=BEFORE_METHOD, custom_metadata={}, test_location=testng-browserstack-master/src/test/java/com/browserstack/BStackDemoTest.java}]} , hooks finished={BEFORE_METHOD=[]}
12:16:14.874 [testng-browserstack-master-0@0] INFO  c.b.v2.framework.TestNgFramework - trackHookEvents: hook state=BEFORE_METHOD.HookState.PRE , hooks started={BEFORE_METHOD=[{hook_name=setUp, hook_result=pending, test_file_path=testng-browserstack-master/src/test/java/com/browserstack/BStackDemoTest.java, event_started_at=2025-09-27T12:16:14.873986, hook_id=233de465-207e-4224-b7d9-f025b0705c7d, hook_logs=[], key=BEFORE_METHOD, custom_metadata={}, test_location=testng-browserstack-master/src/test/java/com/browserstack/BStackDemoTest.java}]} , hooks finished={BEFORE_METHOD=[]}
12:16:14.874 [testng-browserstack-master-2@2] INFO  c.b.v2.framework.TestNgFramework - trackHookEvents: hook state=BEFORE_METHOD.HookState.PRE , hooks started={BEFORE_METHOD=[{hook_name=setUp, hook_result=pending, test_file_path=testng-browserstack-master/src/test/java/com/browserstack/BStackDemoTest.java, event_started_at=2025-09-27T12:16:14.873986, hook_id=a169dcda-ec74-46e4-bc91-be853838af0c, hook_logs=[], key=BEFORE_METHOD, custom_metadata={}, test_location=testng-browserstack-master/src/test/java/com/browserstack/BStackDemoTest.java}]} , hooks finished={BEFORE_METHOD=[]}
12:16:14.889 [testng-browserstack-master-2@2] INFO  c.b.v2.module.TestHubModule - sendTestFrameworkEvent: event=com.browserstack.v2.eventBus.Event@293e0974, response=success: true

12:16:14.889 [testng-browserstack-master-1@1] INFO  c.b.v2.module.TestHubModule - sendTestFrameworkEvent: event=com.browserstack.v2.eventBus.Event@50786e89, response=success: true

12:16:14.889 [testng-browserstack-master-0@0] INFO  c.b.v2.module.TestHubModule - sendTestFrameworkEvent: event=com.browserstack.v2.eventBus.Event@6c3f47d1, response=success: true

12:16:15.000 [setUp@1] INFO  c.b.v2.framework.TestNgFramework - trackEvent: found instance, testFrameworkState=TestFrameworkState.LOG hookState=HookState.PRE instance=499982210
12:16:15.000 [setUp@1] INFO  c.b.v2.framework.TestNgFramework - trackEvent: load log entries
12:16:15.008 [setUp@1] INFO  c.b.v2.module.TestHubModule - sendLogCreatedEvent: event=com.browserstack.v2.eventBus.Event@7262e0b, response=success: true

12:16:15.009 [setUp@1] INFO  c.b.v2.module.TestHubModule - sendLogCreatedEvent: event=com.browserstack.v2.eventBus.Event@7262e0b
12:16:15.012 [setUp@1] INFO  c.b.v2.framework.TestNgFramework - trackEvent: found instance, testFrameworkState=TestFrameworkState.LOG hookState=HookState.PRE instance=499982210
12:16:15.012 [setUp@1] INFO  c.b.v2.framework.TestNgFramework - trackEvent: load log entries
12:16:15.015 [setUp@1] INFO  c.b.v2.module.TestHubModule - sendLogCreatedEvent: event=com.browserstack.v2.eventBus.Event@69404cdc, response=success: true

12:16:15.015 [setUp@1] INFO  c.b.v2.module.TestHubModule - sendLogCreatedEvent: event=com.browserstack.v2.eventBus.Event@69404cdc
12:16:15.018 [setUp@1] INFO  c.b.v2.framework.TestNgFramework - trackEvent: found instance, testFrameworkState=TestFrameworkState.LOG hookState=HookState.PRE instance=499982210
12:16:15.018 [setUp@1] INFO  c.b.v2.framework.TestNgFramework - trackEvent: load log entries
12:16:15.020 [setUp@1] INFO  c.b.v2.module.TestHubModule - sendLogCreatedEvent: event=com.browserstack.v2.eventBus.Event@4e3004c3, response=success: true

12:16:15.021 [setUp@1] INFO  c.b.v2.module.TestHubModule - sendLogCreatedEvent: event=com.browserstack.v2.eventBus.Event@4e3004c3
12:16:15.050 [setUp@1] INFO  c.b.v2.framework.TestNgFramework - trackEvent: found instance, testFrameworkState=TestFrameworkState.LOG hookState=HookState.PRE instance=499982210
12:16:15.050 [setUp@1] INFO  c.b.v2.framework.TestNgFramework - trackEvent: load log entries
12:16:15.053 [setUp@1] INFO  c.b.v2.module.TestHubModule - sendLogCreatedEvent: event=com.browserstack.v2.eventBus.Event@60443cdc, response=success: true

12:16:15.053 [setUp@1] INFO  c.b.v2.module.TestHubModule - sendLogCreatedEvent: event=com.browserstack.v2.eventBus.Event@60443cdc
12:16:15.225 [setUp@1] INFO  c.b.v2.framework.SeleniumFramework - trackSeleniumTest: saved instance contextId=-355902285 target=3763:60 instances=[-355902307, -355902285, -355902284]
12:16:15.225 [setUp@0] INFO  c.b.v2.framework.SeleniumFramework - trackSeleniumTest: saved instance contextId=-355902307 target=3763:59 instances=[-355902307, -355902285, -355902284]
12:16:15.225 [setUp@2] INFO  c.b.v2.framework.SeleniumFramework - trackSeleniumTest: saved instance contextId=-355902284 target=3763:61 instances=[-355902307, -355902285, -355902284]
12:16:15.226 [setUp@0] INFO  c.b.v2.module.WebdriverModule - onBeforeDriverCreate: event=com.browserstack.v2.eventBus.Event@2719681c
12:16:15.226 [setUp@1] INFO  c.b.v2.module.WebdriverModule - onBeforeDriverCreate: event=com.browserstack.v2.eventBus.Event@40aced07
12:16:15.226 [setUp@2] INFO  c.b.v2.module.WebdriverModule - onBeforeDriverCreate: event=com.browserstack.v2.eventBus.Event@7cb8efb8
12:16:15.229 [setUp@1] INFO  c.b.v2.module.WebdriverModule - onBeforeDriverCreate: event=com.browserstack.v2.eventBus.Event@40aced07
12:16:15.229 [setUp@0] INFO  c.b.v2.module.WebdriverModule - onBeforeDriverCreate: event=com.browserstack.v2.eventBus.Event@2719681c
12:16:15.231 [setUp@2] INFO  c.b.v2.module.WebdriverModule - onBeforeDriverCreate: event=com.browserstack.v2.eventBus.Event@7cb8efb8
12:16:15.264 [setUp@2] INFO  c.b.v2.module.WebdriverModule - beforeCommandExecute: event=com.browserstack.v2.eventBus.Event@38cd9d8c
12:16:15.264 [setUp@0] INFO  c.b.v2.module.WebdriverModule - beforeCommandExecute: event=com.browserstack.v2.eventBus.Event@15c3f3db
12:16:15.264 [setUp@2] INFO  c.b.v2.module.WebdriverModule - beforeCommandExecute: event=com.browserstack.v2.eventBus.Event@38cd9d8c
12:16:15.264 [setUp@0] INFO  c.b.v2.module.WebdriverModule - beforeCommandExecute: event=com.browserstack.v2.eventBus.Event@15c3f3db
12:16:15.264 [setUp@1] INFO  c.b.v2.module.WebdriverModule - beforeCommandExecute: event=com.browserstack.v2.eventBus.Event@4f599497
12:16:15.264 [setUp@1] INFO  c.b.v2.module.WebdriverModule - beforeCommandExecute: event=com.browserstack.v2.eventBus.Event@4f599497
12:16:24.515 [setUp@0] INFO  c.b.v2.module.WebdriverModule - afterCommandExecute: event=com.browserstack.v2.eventBus.Event@1e651d89
12:16:24.515 [setUp@0] INFO  c.b.v2.module.WebdriverModule - afterCommandExecute: event=com.browserstack.v2.eventBus.Event@1e651d89
12:16:24.515 [setUp@0] INFO  c.b.v2.module.ObservabilityModule - THREAD ID Inside Process= 59
12:16:24.515 [setUp@0] INFO  c.b.v2.module.ObservabilityModule - Processing TestLevel attachments from directory: /Users/arjun/.browserstack/UploadedAttachments-59/TestLevel
12:16:24.515 [setUp@0] INFO  c.b.v2.module.ObservabilityModule - Processing BuildLevel attachments from directory: /Users/arjun/.browserstack/UploadedAttachments-59/BuildLevel
12:16:24.516 [setUp@0] INFO  c.b.v2.module.ObservabilityModule - Processing attachments eventLogs: []
12:16:24.516 [setUp@0] INFO  c.b.v2.module.ObservabilityModule - sendLogCreatedEvent: No Log Events to send
12:16:24.521 [setUp@0] INFO  c.b.v2.framework.SeleniumFramework - trackSeleniumTest: saved instance contextId=-355902307 target=3763:59 instances=[-355902307, -355902285, -355902284]
12:16:24.521 [setUp@0] INFO  c.b.v2.module.WebdriverModule - onDriverCreated: event=com.browserstack.v2.eventBus.Event@1c479d94
12:16:24.521 [setUp@0] INFO  c.b.v2.module.WebdriverModule - Found session id=249d8ea4ee2f0d277635ddf52f4a35350527ff76 for instance=com.browserstack.v2.instance.AutomationFrameworkInstance@66a4f8a4
12:16:24.522 [setUp@0] INFO  c.b.v2.module.WebdriverModule - Driver added successfully to automationFramework
12:16:24.525 [setUp@0] ERROR c.b.v2.module.WebdriverModule - Error AutomationFrameworkStart to start driver with error java.lang.ClassCastException: class java.lang.Object cannot be cast to class browserstack.sdk.v1.Sdk$AutomationFrameworkStartResponse (java.lang.Object is in module java.base of loader 'bootstrap'; browserstack.sdk.v1.Sdk$AutomationFrameworkStartResponse is in unnamed module of loader 'app')
	at com.browserstack.v2.module.WebdriverModule.startDriver(Unknown Source)
	at com.browserstack.v2.module.WebdriverModule.onDriverCreated(Unknown Source)
	at com.browserstack.v2.eventBus.EventDispatcher.notifyModuleObservers(Unknown Source)
	at com.browserstack.v2.framework.AutomationFramework.runHooks(Unknown Source)
	at com.browserstack.v2.framework.SeleniumFramework.trackEvent(Unknown Source)
	at com.browserstack.selenium.SeleniumHandler.persistDriverInstance(Unknown Source)
	at com.browserstack.selenium.SeleniumHandler.afterDriverInit(Unknown Source)
	at org.openqa.selenium.remote.RemoteWebDriver.<init>(RemoteWebDriver.java:174)
	at org.openqa.selenium.chromium.ChromiumDriver.<init>(ChromiumDriver.java:108)
	at org.openqa.selenium.chrome.ChromeDriver.<init>(ChromeDriver.java:106)
	at org.openqa.selenium.chrome.ChromeDriver.<init>(ChromeDriver.java:93)
	at org.openqa.selenium.chrome.ChromeDriver.<init>(ChromeDriver.java:82)
	at com.browserstack.SeleniumTest.setUp(SeleniumTest.java:17)
	at java.base/jdk.internal.reflect.DirectMethodHandleAccessor.invoke(DirectMethodHandleAccessor.java:104)
	at java.base/java.lang.reflect.Method.invoke(Method.java:565)
	at org.testng.internal.MethodInvocationHelper.invokeMethod(MethodInvocationHelper.java:133)
	at org.testng.internal.MethodInvocationHelper.invokeMethodConsideringTimeout(MethodInvocationHelper.java:62)
	at org.testng.internal.ConfigInvoker.invokeConfigurationMethod(ConfigInvoker.java:385)
	at org.testng.internal.ConfigInvoker.invokeConfigurations(ConfigInvoker.java:321)
	at org.testng.internal.TestInvoker.runConfigMethods(TestInvoker.java:700)
	at org.testng.internal.TestInvoker.invokeMethod(TestInvoker.java:527)
	at org.testng.internal.TestInvoker.invokeTestMethod(TestInvoker.java:173)
	at org.testng.internal.MethodRunner.runInSequence(MethodRunner.java:46)
	at org.testng.internal.TestInvoker$MethodInvocationAgent.invoke(TestInvoker.java:824)
	at org.testng.internal.TestInvoker.invokeTestMethods(TestInvoker.java:146)
	at org.testng.internal.TestMethodWorker.invokeTestMethods(TestMethodWorker.java:146)
	at org.testng.internal.TestMethodWorker.run(TestMethodWorker.java:128)
	at java.base/java.util.ArrayList.forEach(ArrayList.java:1604)
	at org.testng.TestRunner.privateRun(TestRunner.java:794)
	at org.testng.TestRunner.run(TestRunner.java:596)
	at org.testng.SuiteRunner.runTest(SuiteRunner.java:377)
	at org.testng.SuiteRunner.access$000(SuiteRunner.java:28)
	at org.testng.SuiteRunner$SuiteWorker.run(SuiteRunner.java:418)
	at org.testng.internal.thread.ThreadUtil.lambda$execute$0(ThreadUtil.java:64)
	at java.base/java.util.concurrent.FutureTask.run$$$capture(FutureTask.java:328)
	at java.base/java.util.concurrent.FutureTask.run(FutureTask.java)
	at --- Async.Stack.Trace --- (captured by IntelliJ IDEA debugger)
	at java.base/java.util.concurrent.FutureTask.<init>(FutureTask.java:134)
	at java.base/java.util.concurrent.AbstractExecutorService.newTaskFor(AbstractExecutorService.java:113)
	at java.base/java.util.concurrent.AbstractExecutorService.invokeAll(AbstractExecutorService.java:305)
	at org.testng.internal.thread.ThreadUtil.execute(ThreadUtil.java:70)
	at org.testng.SuiteRunner.runInParallelTestMode(SuiteRunner.java:397)
	at org.testng.SuiteRunner.privateRun(SuiteRunner.java:330)
	at org.testng.SuiteRunner.run(SuiteRunner.java:276)
	at org.testng.SuiteRunnerWorker.runSuite(SuiteRunnerWorker.java:53)
	at org.testng.SuiteRunnerWorker.run(SuiteRunnerWorker.java:96)
	at org.testng.TestNG.runSuitesSequentially(TestNG.java:1212)
	at org.testng.TestNG.runSuitesLocally(TestNG.java:1134)
	at org.testng.TestNG.runSuites(TestNG.java:1063)
	at org.testng.TestNG.run(TestNG.java:1031)
	at com.intellij.rt.testng.IDEARemoteTestNG.run(IDEARemoteTestNG.java:65)
	at com.intellij.rt.testng.RemoteTestNGStarter.main(RemoteTestNGStarter.java:105)

12:16:24.525 [setUp@0] INFO  c.b.v2.module.WebdriverModule - onDriverCreated: event=com.browserstack.v2.eventBus.Event@1c479d94
12:16:24.525 [setUp@0] INFO  c.b.v2.module.WebdriverModule - Found session id=249d8ea4ee2f0d277635ddf52f4a35350527ff76 for instance=com.browserstack.v2.instance.AutomationFrameworkInstance@66a4f8a4
12:16:24.525 [setUp@0] INFO  c.b.v2.module.WebdriverModule - Driver added successfully to automationFramework
12:16:24.547 [setUp@0] INFO  c.b.v2.framework.TestNgFramework - trackEvent: found instance, testFrameworkState=TestFrameworkState.BEFORE_METHOD hookState=HookState.POST instance=499981248
12:16:24.547 [setUp@0] INFO  c.b.v2.framework.TestNgFramework - trackEvent: loaded common test data, testFrameworkState=TestFrameworkState.BEFORE_METHOD hookState=HookState.POST instance=499981248
12:16:24.547 [setUp@0] INFO  c.b.v2.framework.TestNgFramework - trackEvent: track hook events
12:16:24.549 [setUp@0] INFO  c.b.v2.framework.TestNgFramework - args CHECK = [TestResult name=setUp status=SUCCESS method=SeleniumTest.setUp()[pri:0, instance:com.browserstack.BStackDemoTest@6c9320c2] output={null}]
12:16:24.549 [setUp@0] INFO  c.b.v2.framework.TestNgFramework - Hook List in Post [{hook_name=setUp, hook_result=pending, test_file_path=testng-browserstack-master/src/test/java/com/browserstack/BStackDemoTest.java, event_started_at=2025-09-27T12:16:14.873986, hook_id=233de465-207e-4224-b7d9-f025b0705c7d, hook_logs=[], key=BEFORE_METHOD, custom_metadata={}, test_location=testng-browserstack-master/src/test/java/com/browserstack/BStackDemoTest.java}] and args = [[TestResult name=setUp status=SUCCESS method=SeleniumTest.setUp()[pri:0, instance:com.browserstack.BStackDemoTest@6c9320c2] output={null}], SeleniumTest.setUp()[pri:0, instance:com.browserstack.BStackDemoTest@6c9320c2]]
12:16:24.549 [setUp@0] INFO  c.b.v2.framework.TestNgFramework - Processing HookLevel attachments from directory: /Users/arjun/.browserstack/UploadedAttachments-59/HookLevel
12:16:24.549 [setUp@0] INFO  c.b.v2.framework.TestNgFramework - Checking hookLevelFiles: []
12:16:24.560 [setUp@0] INFO  c.b.v2.framework.TestNgFramework - checking Paths of files = /Users/arjun/.browserstack/UploadedAttachments-59/HookLevel/BuildLevelHookEvent and abs path = /Users/arjun/.browserstack/UploadedAttachments-59/HookLevel/BuildLevelHookEvent 
12:16:24.560 [setUp@0] INFO  c.b.v2.framework.TestNgFramework - Processing BuildLevelHookEvent attachments from directory: /Users/arjun/.browserstack/UploadedAttachments-59/HookLevel/BuildLevelHookEvent
12:16:24.560 [setUp@0] INFO  c.b.v2.framework.TestNgFramework - Processing TestLevel attachments eventLogs: []
12:16:24.560 [setUp@0] INFO  c.b.v2.framework.TestNgFramework - sendLogCreatedEvent: No Log Events to send
12:16:24.560 [setUp@0] INFO  c.b.v2.framework.TestNgFramework - trackHookEvents: hook state=BEFORE_METHOD.HookState.POST , hooks started={BEFORE_METHOD=[]} , hooks finished={BEFORE_METHOD=[{hook_name=setUp, hook_result=passed, test_file_path=testng-browserstack-master/src/test/java/com/browserstack/BStackDemoTest.java, event_started_at=2025-09-27T12:16:14.873986, hook_id=233de465-207e-4224-b7d9-f025b0705c7d, hook_logs=[], logs=[], key=BEFORE_METHOD, custom_metadata={}, event_ended_at=2025-09-27T12:16:24.549918, test_location=testng-browserstack-master/src/test/java/com/browserstack/BStackDemoTest.java}]}
12:16:24.563 [setUp@0] INFO  c.b.v2.module.TestHubModule - sendTestFrameworkEvent: event=com.browserstack.v2.eventBus.Event@faf3213, response=success: true

12:16:24.568 [setUp@0] INFO  c.b.v2.framework.TestNgFramework - trackEvent: found instance, testFrameworkState=TestFrameworkState.TEST hookState=HookState.PRE instance=499981248
12:16:24.569 [setUp@0] INFO  c.b.v2.framework.TestNgFramework - trackEvent: loaded initial test data to instance, testFrameworkState=TestFrameworkState.TEST hookState=HookState.PRE instance=499981248 instanceThreadId=59 testResult=testng-browserstack-master-0 testData={test_uuid=99aabe22-854f-4f7c-8032-c319d8c5d849, test_file_path=src/test/java/com/browserstack/BStackDemoTest.java, test_scope=Default Suite.com.browserstack.BStackDemoTest, test_meta={}, test_scopes=[Default Suite, com.browserstack.BStackDemoTest], test_code=public void com.browserstack.BStackDemoTest.addProductToCart() throws java.lang.Exception, test_session_name=com.browserstack.BStackDemoTest-addProductToCart, test_name=addProductToCart, test_tags=, custom_metadata={}, test_id=testng-browserstack-master-0@0, test_location=src/test/java/com/browserstack/BStackDemoTest.java}
12:16:24.570 [setUp@0] INFO  c.b.v2.module.WebdriverModule - onBeforeTest: event=com.browserstack.v2.eventBus.Event@39006021
12:16:24.570 [setUp@0] INFO  c.b.v2.module.WebdriverModule - onBeforeTest: event=com.browserstack.v2.eventBus.Event@39006021
12:16:24.570 [setUp@0] INFO  c.b.v2.module.TestHubModule - onBeforeTest: event={com.browserstack.v2.eventBus.Event@39006021}
12:16:24.591 [setUp@0] INFO  c.b.v2.module.TestHubModule - sendTestSessionEvent: event=com.browserstack.v2.eventBus.Event@39006021, response=success: true

12:16:24.596 [setUp@0] INFO  c.b.v2.module.TestHubModule - sendTestFrameworkEvent: event=com.browserstack.v2.eventBus.Event@39006021, response=success: true

12:16:24.598 [setUp@0] INFO  c.b.v2.module.ObservabilityModule - onBeforeTest: event={instance=com.browserstack.v2.instance.TestFrameworkInstance@353e66e, testFrameworkState=TestFrameworkState.TEST, testInstance=com.browserstack.v2.instance.TestFrameworkInstance@353e66e, autoInstance=[com.browserstack.v2.instance.AutomationFrameworkInstance@66a4f8a4], hookState=HookState.PRE}
12:16:24.598 [setUp@0] INFO  c.b.v2.module.ObservabilityModule - performTestReportingSync: Performing TEST REPORTING AND ANALYTICS Sync
12:16:24.631 [addProductToCart@0] INFO  c.b.v2.module.WebdriverModule - beforeCommandExecute: event=com.browserstack.v2.eventBus.Event@96680cb
12:16:24.631 [addProductToCart@0] INFO  c.b.v2.module.WebdriverModule - beforeCommandExecute: event=com.browserstack.v2.eventBus.Event@96680cb
12:16:25.187 [setUp@1] INFO  c.b.v2.module.WebdriverModule - afterCommandExecute: event=com.browserstack.v2.eventBus.Event@4e94e45c
12:16:25.187 [setUp@1] INFO  c.b.v2.module.WebdriverModule - afterCommandExecute: event=com.browserstack.v2.eventBus.Event@4e94e45c
12:16:25.187 [setUp@1] INFO  c.b.v2.module.ObservabilityModule - THREAD ID Inside Process= 60
12:16:25.187 [setUp@1] INFO  c.b.v2.module.ObservabilityModule - Processing TestLevel attachments from directory: /Users/arjun/.browserstack/UploadedAttachments-60/TestLevel
12:16:25.188 [setUp@1] INFO  c.b.v2.module.ObservabilityModule - Processing BuildLevel attachments from directory: /Users/arjun/.browserstack/UploadedAttachments-60/BuildLevel
12:16:25.188 [setUp@1] INFO  c.b.v2.module.ObservabilityModule - Processing attachments eventLogs: []
12:16:25.188 [setUp@1] INFO  c.b.v2.module.ObservabilityModule - sendLogCreatedEvent: No Log Events to send
12:16:25.192 [setUp@1] INFO  c.b.v2.framework.SeleniumFramework - trackSeleniumTest: saved instance contextId=-355902285 target=3763:60 instances=[-355902307, -355902285, -355902284]
12:16:25.192 [setUp@1] INFO  c.b.v2.module.WebdriverModule - onDriverCreated: event=com.browserstack.v2.eventBus.Event@31c0d37f
12:16:25.193 [setUp@1] INFO  c.b.v2.module.WebdriverModule - Found session id=fdf2e4c3c2c31e4287f9ba4706c83461248fb36a for instance=com.browserstack.v2.instance.AutomationFrameworkInstance@62f63f08
12:16:25.193 [setUp@1] INFO  c.b.v2.module.WebdriverModule - Driver added successfully to automationFramework
12:16:25.196 [setUp@1] ERROR c.b.v2.module.WebdriverModule - Error AutomationFrameworkStart to start driver with error java.lang.ClassCastException: class java.lang.Object cannot be cast to class browserstack.sdk.v1.Sdk$AutomationFrameworkStartResponse (java.lang.Object is in module java.base of loader 'bootstrap'; browserstack.sdk.v1.Sdk$AutomationFrameworkStartResponse is in unnamed module of loader 'app')
	at com.browserstack.v2.module.WebdriverModule.startDriver(Unknown Source)
	at com.browserstack.v2.module.WebdriverModule.onDriverCreated(Unknown Source)
	at com.browserstack.v2.eventBus.EventDispatcher.notifyModuleObservers(Unknown Source)
	at com.browserstack.v2.framework.AutomationFramework.runHooks(Unknown Source)
	at com.browserstack.v2.framework.SeleniumFramework.trackEvent(Unknown Source)
	at com.browserstack.selenium.SeleniumHandler.persistDriverInstance(Unknown Source)
	at com.browserstack.selenium.SeleniumHandler.afterDriverInit(Unknown Source)
	at org.openqa.selenium.remote.RemoteWebDriver.<init>(RemoteWebDriver.java:174)
	at org.openqa.selenium.chromium.ChromiumDriver.<init>(ChromiumDriver.java:108)
	at org.openqa.selenium.chrome.ChromeDriver.<init>(ChromeDriver.java:106)
	at org.openqa.selenium.chrome.ChromeDriver.<init>(ChromeDriver.java:93)
	at org.openqa.selenium.chrome.ChromeDriver.<init>(ChromeDriver.java:82)
	at com.browserstack.SeleniumTest.setUp(SeleniumTest.java:17)
	at java.base/jdk.internal.reflect.DirectMethodHandleAccessor.invoke(DirectMethodHandleAccessor.java:104)
	at java.base/java.lang.reflect.Method.invoke(Method.java:565)
	at org.testng.internal.MethodInvocationHelper.invokeMethod(MethodInvocationHelper.java:133)
	at org.testng.internal.MethodInvocationHelper.invokeMethodConsideringTimeout(MethodInvocationHelper.java:62)
	at org.testng.internal.ConfigInvoker.invokeConfigurationMethod(ConfigInvoker.java:385)
	at org.testng.internal.ConfigInvoker.invokeConfigurations(ConfigInvoker.java:321)
	at org.testng.internal.TestInvoker.runConfigMethods(TestInvoker.java:700)
	at org.testng.internal.TestInvoker.invokeMethod(TestInvoker.java:527)
	at org.testng.internal.TestInvoker.invokeTestMethod(TestInvoker.java:173)
	at org.testng.internal.MethodRunner.runInSequence(MethodRunner.java:46)
	at org.testng.internal.TestInvoker$MethodInvocationAgent.invoke(TestInvoker.java:824)
	at org.testng.internal.TestInvoker.invokeTestMethods(TestInvoker.java:146)
	at org.testng.internal.TestMethodWorker.invokeTestMethods(TestMethodWorker.java:146)
	at org.testng.internal.TestMethodWorker.run(TestMethodWorker.java:128)
	at java.base/java.util.ArrayList.forEach(ArrayList.java:1604)
	at org.testng.TestRunner.privateRun(TestRunner.java:794)
	at org.testng.TestRunner.run(TestRunner.java:596)
	at org.testng.SuiteRunner.runTest(SuiteRunner.java:377)
	at org.testng.SuiteRunner.access$000(SuiteRunner.java:28)
	at org.testng.SuiteRunner$SuiteWorker.run(SuiteRunner.java:418)
	at org.testng.internal.thread.ThreadUtil.lambda$execute$0(ThreadUtil.java:64)
	at java.base/java.util.concurrent.FutureTask.run$$$capture(FutureTask.java:328)
	at java.base/java.util.concurrent.FutureTask.run(FutureTask.java)
	at --- Async.Stack.Trace --- (captured by IntelliJ IDEA debugger)
	at java.base/java.util.concurrent.FutureTask.<init>(FutureTask.java:134)
	at java.base/java.util.concurrent.AbstractExecutorService.newTaskFor(AbstractExecutorService.java:113)
	at java.base/java.util.concurrent.AbstractExecutorService.invokeAll(AbstractExecutorService.java:305)
	at org.testng.internal.thread.ThreadUtil.execute(ThreadUtil.java:70)
	at org.testng.SuiteRunner.runInParallelTestMode(SuiteRunner.java:397)
	at org.testng.SuiteRunner.privateRun(SuiteRunner.java:330)
	at org.testng.SuiteRunner.run(SuiteRunner.java:276)
	at org.testng.SuiteRunnerWorker.runSuite(SuiteRunnerWorker.java:53)
	at org.testng.SuiteRunnerWorker.run(SuiteRunnerWorker.java:96)
	at org.testng.TestNG.runSuitesSequentially(TestNG.java:1212)
	at org.testng.TestNG.runSuitesLocally(TestNG.java:1134)
	at org.testng.TestNG.runSuites(TestNG.java:1063)
	at org.testng.TestNG.run(TestNG.java:1031)
	at com.intellij.rt.testng.IDEARemoteTestNG.run(IDEARemoteTestNG.java:65)
	at com.intellij.rt.testng.RemoteTestNGStarter.main(RemoteTestNGStarter.java:105)

12:16:25.197 [setUp@1] INFO  c.b.v2.module.WebdriverModule - onDriverCreated: event=com.browserstack.v2.eventBus.Event@31c0d37f
12:16:25.197 [setUp@1] INFO  c.b.v2.module.WebdriverModule - Found session id=fdf2e4c3c2c31e4287f9ba4706c83461248fb36a for instance=com.browserstack.v2.instance.AutomationFrameworkInstance@62f63f08
12:16:25.197 [setUp@1] INFO  c.b.v2.module.WebdriverModule - Driver added successfully to automationFramework
12:16:25.208 [setUp@1] INFO  c.b.v2.framework.TestNgFramework - trackEvent: found instance, testFrameworkState=TestFrameworkState.BEFORE_METHOD hookState=HookState.POST instance=499982210
12:16:25.208 [setUp@1] INFO  c.b.v2.framework.TestNgFramework - trackEvent: loaded common test data, testFrameworkState=TestFrameworkState.BEFORE_METHOD hookState=HookState.POST instance=499982210
12:16:25.208 [setUp@1] INFO  c.b.v2.framework.TestNgFramework - trackEvent: track hook events
12:16:25.211 [setUp@1] INFO  c.b.v2.framework.TestNgFramework - args CHECK = [TestResult name=setUp status=SUCCESS method=SeleniumTest.setUp()[pri:0, instance:com.browserstack.BStackDemoTest@33899f7a] output={null}]
12:16:25.211 [setUp@1] INFO  c.b.v2.framework.TestNgFramework - Hook List in Post [{hook_name=setUp, hook_result=pending, test_file_path=testng-browserstack-master/src/test/java/com/browserstack/BStackDemoTest.java, event_started_at=2025-09-27T12:16:14.874, hook_id=dd2b41de-4e32-43c5-bac8-a48ca62f0871, hook_logs=[], key=BEFORE_METHOD, custom_metadata={}, test_location=testng-browserstack-master/src/test/java/com/browserstack/BStackDemoTest.java}] and args = [[TestResult name=setUp status=SUCCESS method=SeleniumTest.setUp()[pri:0, instance:com.browserstack.BStackDemoTest@33899f7a] output={null}], SeleniumTest.setUp()[pri:0, instance:com.browserstack.BStackDemoTest@33899f7a]]
12:16:25.211 [setUp@1] INFO  c.b.v2.framework.TestNgFramework - Processing HookLevel attachments from directory: /Users/arjun/.browserstack/UploadedAttachments-60/HookLevel
12:16:25.211 [setUp@1] INFO  c.b.v2.framework.TestNgFramework - Checking hookLevelFiles: []
12:16:25.223 [setUp@1] INFO  c.b.v2.framework.TestNgFramework - checking Paths of files = /Users/arjun/.browserstack/UploadedAttachments-60/HookLevel/BuildLevelHookEvent and abs path = /Users/arjun/.browserstack/UploadedAttachments-60/HookLevel/BuildLevelHookEvent 
12:16:25.223 [setUp@1] INFO  c.b.v2.framework.TestNgFramework - Processing BuildLevelHookEvent attachments from directory: /Users/arjun/.browserstack/UploadedAttachments-60/HookLevel/BuildLevelHookEvent
12:16:25.224 [setUp@1] INFO  c.b.v2.framework.TestNgFramework - Processing TestLevel attachments eventLogs: []
12:16:25.224 [setUp@1] INFO  c.b.v2.framework.TestNgFramework - sendLogCreatedEvent: No Log Events to send
12:16:25.224 [setUp@1] INFO  c.b.v2.framework.TestNgFramework - trackHookEvents: hook state=BEFORE_METHOD.HookState.POST , hooks started={BEFORE_METHOD=[]} , hooks finished={BEFORE_METHOD=[{hook_name=setUp, hook_result=passed, test_file_path=testng-browserstack-master/src/test/java/com/browserstack/BStackDemoTest.java, event_started_at=2025-09-27T12:16:14.874, hook_id=dd2b41de-4e32-43c5-bac8-a48ca62f0871, hook_logs=[], logs=[], key=BEFORE_METHOD, custom_metadata={}, event_ended_at=2025-09-27T12:16:25.211473, test_location=testng-browserstack-master/src/test/java/com/browserstack/BStackDemoTest.java}]}
12:16:25.227 [setUp@1] INFO  c.b.v2.module.TestHubModule - sendTestFrameworkEvent: event=com.browserstack.v2.eventBus.Event@2590ba88, response=success: true

12:16:25.232 [setUp@1] INFO  c.b.v2.framework.TestNgFramework - trackEvent: found instance, testFrameworkState=TestFrameworkState.TEST hookState=HookState.PRE instance=499982210
12:16:25.234 [setUp@1] INFO  c.b.v2.framework.TestNgFramework - trackEvent: loaded initial test data to instance, testFrameworkState=TestFrameworkState.TEST hookState=HookState.PRE instance=499982210 instanceThreadId=60 testResult=testng-browserstack-master-1 testData={test_uuid=44f9f686-2e18-4ecf-a8bd-008f88ce8149, test_file_path=src/test/java/com/browserstack/BStackDemoTest.java, test_scope=Default Suite.com.browserstack.BStackDemoTest, test_meta={}, test_scopes=[Default Suite, com.browserstack.BStackDemoTest], test_code=public void com.browserstack.BStackDemoTest.addProductToCart() throws java.lang.Exception, test_session_name=com.browserstack.BStackDemoTest-addProductToCart, test_name=addProductToCart, test_tags=, custom_metadata={}, test_id=testng-browserstack-master-1@1, test_location=src/test/java/com/browserstack/BStackDemoTest.java}
12:16:25.234 [setUp@1] INFO  c.b.v2.module.WebdriverModule - onBeforeTest: event=com.browserstack.v2.eventBus.Event@256d58c0
12:16:25.234 [setUp@1] INFO  c.b.v2.module.WebdriverModule - onBeforeTest: event=com.browserstack.v2.eventBus.Event@256d58c0
12:16:25.234 [setUp@1] INFO  c.b.v2.module.TestHubModule - onBeforeTest: event={com.browserstack.v2.eventBus.Event@256d58c0}
12:16:25.238 [setUp@1] INFO  c.b.v2.module.TestHubModule - sendTestSessionEvent: event=com.browserstack.v2.eventBus.Event@256d58c0, response=success: true

12:16:25.242 [setUp@1] INFO  c.b.v2.module.TestHubModule - sendTestFrameworkEvent: event=com.browserstack.v2.eventBus.Event@256d58c0, response=success: true

12:16:25.244 [setUp@1] INFO  c.b.v2.module.ObservabilityModule - onBeforeTest: event={instance=com.browserstack.v2.instance.TestFrameworkInstance@7674af22, testFrameworkState=TestFrameworkState.TEST, testInstance=com.browserstack.v2.instance.TestFrameworkInstance@7674af22, autoInstance=[com.browserstack.v2.instance.AutomationFrameworkInstance@62f63f08], hookState=HookState.PRE}
12:16:25.244 [setUp@1] INFO  c.b.v2.module.ObservabilityModule - performTestReportingSync: Performing TEST REPORTING AND ANALYTICS Sync
12:16:25.273 [addProductToCart@1] INFO  c.b.v2.module.WebdriverModule - beforeCommandExecute: event=com.browserstack.v2.eventBus.Event@3d0d2818
12:16:25.273 [addProductToCart@1] INFO  c.b.v2.module.WebdriverModule - beforeCommandExecute: event=com.browserstack.v2.eventBus.Event@3d0d2818
12:16:26.489 [addProductToCart@0] INFO  c.b.v2.module.WebdriverModule - afterCommandExecute: event=com.browserstack.v2.eventBus.Event@387f68ff
12:16:26.489 [addProductToCart@0] INFO  c.b.v2.module.WebdriverModule - afterCommandExecute: event=com.browserstack.v2.eventBus.Event@387f68ff
12:16:26.489 [addProductToCart@0] INFO  c.b.v2.module.ObservabilityModule - THREAD ID Inside Process= 59
12:16:26.490 [addProductToCart@0] INFO  c.b.v2.module.ObservabilityModule - Processing TestLevel attachments from directory: /Users/arjun/.browserstack/UploadedAttachments-59/TestLevel
12:16:26.490 [addProductToCart@0] INFO  c.b.v2.module.ObservabilityModule - Processing BuildLevel attachments from directory: /Users/arjun/.browserstack/UploadedAttachments-59/BuildLevel
12:16:26.490 [addProductToCart@0] INFO  c.b.v2.module.ObservabilityModule - Processing attachments eventLogs: []
12:16:26.490 [addProductToCart@0] INFO  c.b.v2.module.ObservabilityModule - sendLogCreatedEvent: No Log Events to send
12:16:26.495 [addProductToCart@0] INFO  c.b.v2.module.WebdriverModule - beforeCommandExecute: event=com.browserstack.v2.eventBus.Event@523de489
12:16:26.495 [addProductToCart@0] INFO  c.b.v2.module.WebdriverModule - beforeCommandExecute: event=com.browserstack.v2.eventBus.Event@523de489
12:16:26.495 [addProductToCart@0] INFO  c.b.v2.module.WebdriverModule - beforeCommandExecute: event=com.browserstack.v2.eventBus.Event@48bd3916
12:16:26.496 [addProductToCart@0] INFO  c.b.v2.module.WebdriverModule - beforeCommandExecute: event=com.browserstack.v2.eventBus.Event@48bd3916
12:16:36.349 [addProductToCart@1] INFO  c.b.v2.module.WebdriverModule - afterCommandExecute: event=com.browserstack.v2.eventBus.Event@2c77f298
12:16:36.349 [addProductToCart@1] INFO  c.b.v2.module.WebdriverModule - afterCommandExecute: event=com.browserstack.v2.eventBus.Event@2c77f298
12:16:36.349 [addProductToCart@1] INFO  c.b.v2.module.ObservabilityModule - THREAD ID Inside Process= 60
12:16:36.349 [addProductToCart@1] INFO  c.b.v2.module.ObservabilityModule - Processing TestLevel attachments from directory: /Users/arjun/.browserstack/UploadedAttachments-60/TestLevel
12:16:36.350 [addProductToCart@1] INFO  c.b.v2.module.ObservabilityModule - Processing BuildLevel attachments from directory: /Users/arjun/.browserstack/UploadedAttachments-60/BuildLevel
12:16:36.350 [addProductToCart@1] INFO  c.b.v2.module.ObservabilityModule - Processing attachments eventLogs: []
12:16:36.350 [addProductToCart@1] INFO  c.b.v2.module.ObservabilityModule - sendLogCreatedEvent: No Log Events to send
12:16:36.356 [addProductToCart@1] INFO  c.b.v2.module.WebdriverModule - beforeCommandExecute: event=com.browserstack.v2.eventBus.Event@60eb265e
12:16:36.356 [addProductToCart@1] INFO  c.b.v2.module.WebdriverModule - beforeCommandExecute: event=com.browserstack.v2.eventBus.Event@60eb265e
12:16:36.356 [addProductToCart@1] INFO  c.b.v2.module.WebdriverModule - beforeCommandExecute: event=com.browserstack.v2.eventBus.Event@d8e84f6
12:16:36.356 [addProductToCart@1] INFO  c.b.v2.module.WebdriverModule - beforeCommandExecute: event=com.browserstack.v2.eventBus.Event@d8e84f6
12:16:36.484 [addProductToCart@1] INFO  c.b.v2.module.WebdriverModule - afterCommandExecute: event=com.browserstack.v2.eventBus.Event@1efe54ed
12:16:36.484 [addProductToCart@1] INFO  c.b.v2.module.WebdriverModule - afterCommandExecute: event=com.browserstack.v2.eventBus.Event@1efe54ed
12:16:36.484 [addProductToCart@1] INFO  c.b.v2.module.ObservabilityModule - THREAD ID Inside Process= 60
12:16:36.484 [addProductToCart@1] INFO  c.b.v2.module.ObservabilityModule - Processing TestLevel attachments from directory: /Users/arjun/.browserstack/UploadedAttachments-60/TestLevel
12:16:36.484 [addProductToCart@1] INFO  c.b.v2.module.ObservabilityModule - Processing BuildLevel attachments from directory: /Users/arjun/.browserstack/UploadedAttachments-60/BuildLevel
12:16:36.484 [addProductToCart@1] INFO  c.b.v2.module.ObservabilityModule - Processing attachments eventLogs: []
12:16:36.484 [addProductToCart@1] INFO  c.b.v2.module.ObservabilityModule - sendLogCreatedEvent: No Log Events to send
12:16:36.490 [addProductToCart@1] INFO  c.b.v2.module.WebdriverModule - afterCommandExecute: event=com.browserstack.v2.eventBus.Event@21ee5eef
12:16:36.490 [addProductToCart@1] INFO  c.b.v2.module.WebdriverModule - afterCommandExecute: event=com.browserstack.v2.eventBus.Event@21ee5eef
12:16:36.490 [addProductToCart@1] INFO  c.b.v2.module.ObservabilityModule - THREAD ID Inside Process= 60
12:16:36.490 [addProductToCart@1] INFO  c.b.v2.module.ObservabilityModule - Processing TestLevel attachments from directory: /Users/arjun/.browserstack/UploadedAttachments-60/TestLevel
12:16:36.490 [addProductToCart@1] INFO  c.b.v2.module.ObservabilityModule - Processing BuildLevel attachments from directory: /Users/arjun/.browserstack/UploadedAttachments-60/BuildLevel
12:16:36.490 [addProductToCart@1] INFO  c.b.v2.module.ObservabilityModule - Processing attachments eventLogs: []
12:16:36.490 [addProductToCart@1] INFO  c.b.v2.module.ObservabilityModule - sendLogCreatedEvent: No Log Events to send
12:16:36.496 [addProductToCart@1] INFO  c.b.v2.module.WebdriverModule - beforeCommandExecute: event=com.browserstack.v2.eventBus.Event@4a32ec88
12:16:36.496 [addProductToCart@1] INFO  c.b.v2.module.WebdriverModule - beforeCommandExecute: event=com.browserstack.v2.eventBus.Event@4a32ec88
12:16:36.619 [addProductToCart@1] INFO  c.b.v2.module.WebdriverModule - afterCommandExecute: event=com.browserstack.v2.eventBus.Event@181eee17
12:16:36.619 [addProductToCart@1] INFO  c.b.v2.module.WebdriverModule - afterCommandExecute: event=com.browserstack.v2.eventBus.Event@181eee17
12:16:36.619 [addProductToCart@1] INFO  c.b.v2.module.ObservabilityModule - THREAD ID Inside Process= 60
12:16:36.619 [addProductToCart@1] INFO  c.b.v2.module.ObservabilityModule - Processing TestLevel attachments from directory: /Users/arjun/.browserstack/UploadedAttachments-60/TestLevel
12:16:36.619 [addProductToCart@1] INFO  c.b.v2.module.ObservabilityModule - Processing BuildLevel attachments from directory: /Users/arjun/.browserstack/UploadedAttachments-60/BuildLevel
12:16:36.619 [addProductToCart@1] INFO  c.b.v2.module.ObservabilityModule - Processing attachments eventLogs: []
12:16:36.619 [addProductToCart@1] INFO  c.b.v2.module.ObservabilityModule - sendLogCreatedEvent: No Log Events to send
12:16:36.623 [addProductToCart@1] INFO  c.b.v2.module.WebdriverModule - beforeCommandExecute: event=com.browserstack.v2.eventBus.Event@7790bb24
12:16:36.623 [addProductToCart@1] INFO  c.b.v2.module.WebdriverModule - beforeCommandExecute: event=com.browserstack.v2.eventBus.Event@7790bb24
12:16:36.696 [addProductToCart@1] INFO  c.b.v2.module.WebdriverModule - afterCommandExecute: event=com.browserstack.v2.eventBus.Event@47b1e5fb
12:16:36.696 [addProductToCart@1] INFO  c.b.v2.module.WebdriverModule - afterCommandExecute: event=com.browserstack.v2.eventBus.Event@47b1e5fb
12:16:36.696 [addProductToCart@1] INFO  c.b.v2.module.ObservabilityModule - THREAD ID Inside Process= 60
12:16:36.696 [addProductToCart@1] INFO  c.b.v2.module.ObservabilityModule - Processing TestLevel attachments from directory: /Users/arjun/.browserstack/UploadedAttachments-60/TestLevel
12:16:36.696 [addProductToCart@1] INFO  c.b.v2.module.ObservabilityModule - Processing BuildLevel attachments from directory: /Users/arjun/.browserstack/UploadedAttachments-60/BuildLevel
12:16:36.696 [addProductToCart@1] INFO  c.b.v2.module.ObservabilityModule - Processing attachments eventLogs: []
12:16:36.696 [addProductToCart@1] INFO  c.b.v2.module.ObservabilityModule - sendLogCreatedEvent: No Log Events to send
12:16:36.701 [addProductToCart@1] INFO  c.b.v2.module.WebdriverModule - beforeCommandExecute: event=com.browserstack.v2.eventBus.Event@6d64341c
12:16:36.701 [addProductToCart@1] INFO  c.b.v2.module.WebdriverModule - beforeCommandExecute: event=com.browserstack.v2.eventBus.Event@6d64341c
12:16:36.785 [addProductToCart@1] INFO  c.b.v2.module.WebdriverModule - afterCommandExecute: event=com.browserstack.v2.eventBus.Event@10160d17
12:16:36.785 [addProductToCart@1] INFO  c.b.v2.module.WebdriverModule - afterCommandExecute: event=com.browserstack.v2.eventBus.Event@10160d17
12:16:36.785 [addProductToCart@1] INFO  c.b.v2.module.ObservabilityModule - THREAD ID Inside Process= 60
12:16:36.785 [addProductToCart@1] INFO  c.b.v2.module.ObservabilityModule - Processing TestLevel attachments from directory: /Users/arjun/.browserstack/UploadedAttachments-60/TestLevel
12:16:36.785 [addProductToCart@1] INFO  c.b.v2.module.ObservabilityModule - Processing BuildLevel attachments from directory: /Users/arjun/.browserstack/UploadedAttachments-60/BuildLevel
12:16:36.786 [addProductToCart@1] INFO  c.b.v2.module.ObservabilityModule - Processing attachments eventLogs: []
12:16:36.786 [addProductToCart@1] INFO  c.b.v2.module.ObservabilityModule - sendLogCreatedEvent: No Log Events to send
12:16:36.791 [addProductToCart@1] INFO  c.b.v2.module.WebdriverModule - beforeCommandExecute: event=com.browserstack.v2.eventBus.Event@2ba5df65
12:16:36.791 [addProductToCart@1] INFO  c.b.v2.module.WebdriverModule - beforeCommandExecute: event=com.browserstack.v2.eventBus.Event@2ba5df65
12:16:36.895 [addProductToCart@1] INFO  c.b.v2.module.WebdriverModule - afterCommandExecute: event=com.browserstack.v2.eventBus.Event@2504f6e9
12:16:36.895 [addProductToCart@1] INFO  c.b.v2.module.WebdriverModule - afterCommandExecute: event=com.browserstack.v2.eventBus.Event@2504f6e9
12:16:36.895 [addProductToCart@1] INFO  c.b.v2.module.ObservabilityModule - THREAD ID Inside Process= 60
12:16:36.895 [addProductToCart@1] INFO  c.b.v2.module.ObservabilityModule - Processing TestLevel attachments from directory: /Users/arjun/.browserstack/UploadedAttachments-60/TestLevel
12:16:36.896 [addProductToCart@1] INFO  c.b.v2.module.ObservabilityModule - Processing BuildLevel attachments from directory: /Users/arjun/.browserstack/UploadedAttachments-60/BuildLevel
12:16:36.896 [addProductToCart@1] INFO  c.b.v2.module.ObservabilityModule - Processing attachments eventLogs: []
12:16:36.896 [addProductToCart@1] INFO  c.b.v2.module.ObservabilityModule - sendLogCreatedEvent: No Log Events to send
12:16:36.901 [addProductToCart@1] INFO  c.b.v2.module.WebdriverModule - beforeCommandExecute: event=com.browserstack.v2.eventBus.Event@29cde572
12:16:36.901 [addProductToCart@1] INFO  c.b.v2.module.WebdriverModule - beforeCommandExecute: event=com.browserstack.v2.eventBus.Event@29cde572
12:16:37.055 [addProductToCart@1] INFO  c.b.v2.module.WebdriverModule - afterCommandExecute: event=com.browserstack.v2.eventBus.Event@b53a098
12:16:37.055 [addProductToCart@1] INFO  c.b.v2.module.WebdriverModule - afterCommandExecute: event=com.browserstack.v2.eventBus.Event@b53a098
12:16:37.055 [addProductToCart@1] INFO  c.b.v2.module.ObservabilityModule - THREAD ID Inside Process= 60
12:16:37.055 [addProductToCart@1] INFO  c.b.v2.module.ObservabilityModule - Processing TestLevel attachments from directory: /Users/arjun/.browserstack/UploadedAttachments-60/TestLevel
12:16:37.055 [addProductToCart@1] INFO  c.b.v2.module.ObservabilityModule - Processing BuildLevel attachments from directory: /Users/arjun/.browserstack/UploadedAttachments-60/BuildLevel
12:16:37.056 [addProductToCart@1] INFO  c.b.v2.module.ObservabilityModule - Processing attachments eventLogs: []
12:16:37.056 [addProductToCart@1] INFO  c.b.v2.module.ObservabilityModule - sendLogCreatedEvent: No Log Events to send
12:16:37.061 [addProductToCart@1] INFO  c.b.v2.module.WebdriverModule - beforeCommandExecute: event=com.browserstack.v2.eventBus.Event@2b9d8ed8
12:16:37.061 [addProductToCart@1] INFO  c.b.v2.module.WebdriverModule - beforeCommandExecute: event=com.browserstack.v2.eventBus.Event@2b9d8ed8
12:16:37.272 [addProductToCart@1] INFO  c.b.v2.module.WebdriverModule - afterCommandExecute: event=com.browserstack.v2.eventBus.Event@76822cea
12:16:37.272 [addProductToCart@1] INFO  c.b.v2.module.WebdriverModule - afterCommandExecute: event=com.browserstack.v2.eventBus.Event@76822cea
12:16:37.272 [addProductToCart@1] INFO  c.b.v2.module.ObservabilityModule - THREAD ID Inside Process= 60
12:16:37.272 [addProductToCart@1] INFO  c.b.v2.module.ObservabilityModule - Processing TestLevel attachments from directory: /Users/arjun/.browserstack/UploadedAttachments-60/TestLevel
12:16:37.272 [addProductToCart@1] INFO  c.b.v2.module.ObservabilityModule - Processing BuildLevel attachments from directory: /Users/arjun/.browserstack/UploadedAttachments-60/BuildLevel
12:16:37.272 [addProductToCart@1] INFO  c.b.v2.module.ObservabilityModule - Processing attachments eventLogs: []
12:16:37.272 [addProductToCart@1] INFO  c.b.v2.module.ObservabilityModule - sendLogCreatedEvent: No Log Events to send
12:16:37.277 [addProductToCart@1] INFO  c.b.v2.module.WebdriverModule - beforeCommandExecute: event=com.browserstack.v2.eventBus.Event@141ba318
12:16:37.277 [addProductToCart@1] INFO  c.b.v2.module.WebdriverModule - beforeCommandExecute: event=com.browserstack.v2.eventBus.Event@141ba318
12:16:37.409 [addProductToCart@1] INFO  c.b.v2.module.WebdriverModule - afterCommandExecute: event=com.browserstack.v2.eventBus.Event@5e5738eb
12:16:37.409 [addProductToCart@1] INFO  c.b.v2.module.WebdriverModule - afterCommandExecute: event=com.browserstack.v2.eventBus.Event@5e5738eb
12:16:37.409 [addProductToCart@1] INFO  c.b.v2.module.ObservabilityModule - THREAD ID Inside Process= 60
12:16:37.409 [addProductToCart@1] INFO  c.b.v2.module.ObservabilityModule - Processing TestLevel attachments from directory: /Users/arjun/.browserstack/UploadedAttachments-60/TestLevel
12:16:37.409 [addProductToCart@1] INFO  c.b.v2.module.ObservabilityModule - Processing BuildLevel attachments from directory: /Users/arjun/.browserstack/UploadedAttachments-60/BuildLevel
12:16:37.410 [addProductToCart@1] INFO  c.b.v2.module.ObservabilityModule - Processing attachments eventLogs: []
12:16:37.410 [addProductToCart@1] INFO  c.b.v2.module.ObservabilityModule - sendLogCreatedEvent: No Log Events to send
12:16:37.415 [addProductToCart@1] INFO  c.b.v2.module.WebdriverModule - beforeCommandExecute: event=com.browserstack.v2.eventBus.Event@662c9d8
12:16:37.415 [addProductToCart@1] INFO  c.b.v2.module.WebdriverModule - beforeCommandExecute: event=com.browserstack.v2.eventBus.Event@662c9d8
12:16:37.538 [addProductToCart@1] INFO  c.b.v2.module.WebdriverModule - afterCommandExecute: event=com.browserstack.v2.eventBus.Event@3db1f108
12:16:37.538 [addProductToCart@1] INFO  c.b.v2.module.WebdriverModule - afterCommandExecute: event=com.browserstack.v2.eventBus.Event@3db1f108
12:16:37.539 [addProductToCart@1] INFO  c.b.v2.module.ObservabilityModule - THREAD ID Inside Process= 60
12:16:37.539 [addProductToCart@1] INFO  c.b.v2.module.ObservabilityModule - Processing TestLevel attachments from directory: /Users/arjun/.browserstack/UploadedAttachments-60/TestLevel
12:16:37.539 [addProductToCart@1] INFO  c.b.v2.module.ObservabilityModule - Processing BuildLevel attachments from directory: /Users/arjun/.browserstack/UploadedAttachments-60/BuildLevel
12:16:37.539 [addProductToCart@1] INFO  c.b.v2.module.ObservabilityModule - Processing attachments eventLogs: []
12:16:37.540 [addProductToCart@1] INFO  c.b.v2.module.ObservabilityModule - sendLogCreatedEvent: No Log Events to send
12:16:37.546 [addProductToCart@1] INFO  c.b.v2.framework.TestNgFramework - trackEvent: found instance, testFrameworkState=TestFrameworkState.LOG_REPORT hookState=HookState.PRE instance=499982210
12:16:37.547 [addProductToCart@1] INFO  c.b.v2.framework.TestNgFramework - trackEvent: found instance, testFrameworkState=TestFrameworkState.LOG_REPORT hookState=HookState.POST instance=499982210
12:16:37.547 [addProductToCart@1] INFO  c.b.v2.framework.TestNgFramework - trackEvent: load test results
12:16:37.547 [addProductToCart@1] INFO  c.b.v2.framework.TestNgFramework - trackEvent: found instance, testFrameworkState=TestFrameworkState.TEST hookState=HookState.POST instance=499982210
12:16:37.548 [addProductToCart@1] INFO  c.b.v2.module.WebdriverModule - onAfterTest: event=com.browserstack.v2.eventBus.Event@6313e457
12:16:37.548 [addProductToCart@1] INFO  c.b.utils.SeleniumMethodUtils - Session Name ID status marking: fdf2e4c3c2c31e4287f9ba4706c83461248fb36a
12:16:38.155 [addProductToCart@1] INFO  c.b.utils.SeleniumMethodUtils - Session ID status marking: fdf2e4c3c2c31e4287f9ba4706c83461248fb36a
12:16:38.671 [addProductToCart@1] INFO  c.b.v2.module.WebdriverModule - onAfterTest: event=com.browserstack.v2.eventBus.Event@6313e457
12:16:38.672 [addProductToCart@1] INFO  c.b.utils.SeleniumMethodUtils - Session Name ID status marking: fdf2e4c3c2c31e4287f9ba4706c83461248fb36a
12:16:39.067 [addProductToCart@1] INFO  c.b.utils.SeleniumMethodUtils - Session ID status marking: fdf2e4c3c2c31e4287f9ba4706c83461248fb36a
12:16:39.497 [addProductToCart@1] INFO  c.b.v2.module.TestHubModule - sendTestFrameworkEvent: event=com.browserstack.v2.eventBus.Event@6313e457, response=success: true

12:16:39.503 [addProductToCart@1] INFO  c.b.v2.framework.TestNgFramework - trackEvent: found instance, testFrameworkState=TestFrameworkState.AFTER_METHOD hookState=HookState.PRE instance=499982210
12:16:39.503 [addProductToCart@1] INFO  c.b.v2.framework.TestNgFramework - trackEvent: track hook events
12:16:39.506 [addProductToCart@1] INFO  c.b.v2.framework.TestNgFramework - args CHECK = [TestResult name=tearDown status=STARTED method=SeleniumTest.tearDown()[pri:0, instance:com.browserstack.BStackDemoTest@33899f7a] output={null}]
12:16:39.507 [addProductToCart@1] INFO  c.b.v2.framework.TestNgFramework - Hook Started in PRE key = AFTER_METHOD & hook = {hook_name=tearDown, hook_result=pending, test_file_path=testng-browserstack-master/src/test/java/com/browserstack/BStackDemoTest.java, event_started_at=2025-09-27T12:16:39.507130, hook_id=268d5802-7438-41f7-be10-0e18e876ae79, hook_logs=[], key=AFTER_METHOD, custom_metadata={}, test_location=testng-browserstack-master/src/test/java/com/browserstack/BStackDemoTest.java}  and args = [[TestResult name=tearDown status=STARTED method=SeleniumTest.tearDown()[pri:0, instance:com.browserstack.BStackDemoTest@33899f7a] output={null}], SeleniumTest.tearDown()[pri:0, instance:com.browserstack.BStackDemoTest@33899f7a]]
12:16:39.507 [addProductToCart@1] INFO  c.b.v2.framework.TestNgFramework - trackHookEvents: hook state=AFTER_METHOD.HookState.PRE , hooks started={AFTER_METHOD=[{hook_name=tearDown, hook_result=pending, test_file_path=testng-browserstack-master/src/test/java/com/browserstack/BStackDemoTest.java, event_started_at=2025-09-27T12:16:39.507130, hook_id=268d5802-7438-41f7-be10-0e18e876ae79, hook_logs=[], key=AFTER_METHOD, custom_metadata={}, test_location=testng-browserstack-master/src/test/java/com/browserstack/BStackDemoTest.java}]} , hooks finished={AFTER_METHOD=[]}
12:16:39.511 [addProductToCart@1] INFO  c.b.v2.module.TestHubModule - sendTestFrameworkEvent: event=com.browserstack.v2.eventBus.Event@c94493, response=success: true

12:16:39.516 [tearDown@1] INFO  c.b.v2.module.WebdriverModule - onDriverQuit: event=com.browserstack.v2.eventBus.Event@7644a962
12:16:39.519 [tearDown@1] INFO  c.b.v2.module.WebdriverModule - onDriverQuit: event=com.browserstack.v2.eventBus.Event@7644a962
12:16:39.530 [tearDown@1] INFO  c.b.v2.module.WebdriverModule - beforeCommandExecute: event=com.browserstack.v2.eventBus.Event@532ef834
12:16:39.531 [tearDown@1] INFO  c.b.v2.module.WebdriverModule - beforeCommandExecute: event=com.browserstack.v2.eventBus.Event@532ef834
12:16:39.531 [tearDown@1] INFO  c.b.v2.module.WebdriverModule - beforeCommandExecute: event=com.browserstack.v2.eventBus.Event@5540fdbb
12:16:39.531 [tearDown@1] INFO  c.b.v2.module.WebdriverModule - beforeCommandExecute: event=com.browserstack.v2.eventBus.Event@5540fdbb
12:16:40.371 [setUp@2] INFO  c.b.v2.module.WebdriverModule - afterCommandExecute: event=com.browserstack.v2.eventBus.Event@7f5e9661
12:16:40.371 [setUp@2] INFO  c.b.v2.module.WebdriverModule - afterCommandExecute: event=com.browserstack.v2.eventBus.Event@7f5e9661
12:16:40.371 [setUp@2] INFO  c.b.v2.module.ObservabilityModule - THREAD ID Inside Process= 61
12:16:40.371 [setUp@2] INFO  c.b.v2.module.ObservabilityModule - Processing TestLevel attachments from directory: /Users/arjun/.browserstack/UploadedAttachments-61/TestLevel
12:16:40.371 [setUp@2] INFO  c.b.v2.module.ObservabilityModule - Processing BuildLevel attachments from directory: /Users/arjun/.browserstack/UploadedAttachments-61/BuildLevel
12:16:40.371 [setUp@2] INFO  c.b.v2.module.ObservabilityModule - Processing attachments eventLogs: []
12:16:40.372 [setUp@2] INFO  c.b.v2.module.ObservabilityModule - sendLogCreatedEvent: No Log Events to send
12:16:40.376 [setUp@2] INFO  c.b.v2.framework.SeleniumFramework - trackSeleniumTest: saved instance contextId=-355902284 target=3763:61 instances=[-355902307, -355902285, -355902284]
12:16:40.376 [setUp@2] INFO  c.b.v2.module.WebdriverModule - onDriverCreated: event=com.browserstack.v2.eventBus.Event@5486f50f
12:16:40.377 [setUp@2] INFO  c.b.v2.module.WebdriverModule - Found session id=a941fc8421da39379a51542b154797a42bbcfb90 for instance=com.browserstack.v2.instance.AutomationFrameworkInstance@7fb1447f
12:16:40.377 [setUp@2] INFO  c.b.v2.module.WebdriverModule - Driver added successfully to automationFramework
12:16:40.380 [setUp@2] ERROR c.b.v2.module.WebdriverModule - Error AutomationFrameworkStart to start driver with error java.lang.ClassCastException: class java.lang.Object cannot be cast to class browserstack.sdk.v1.Sdk$AutomationFrameworkStartResponse (java.lang.Object is in module java.base of loader 'bootstrap'; browserstack.sdk.v1.Sdk$AutomationFrameworkStartResponse is in unnamed module of loader 'app')
	at com.browserstack.v2.module.WebdriverModule.startDriver(Unknown Source)
	at com.browserstack.v2.module.WebdriverModule.onDriverCreated(Unknown Source)
	at com.browserstack.v2.eventBus.EventDispatcher.notifyModuleObservers(Unknown Source)
	at com.browserstack.v2.framework.AutomationFramework.runHooks(Unknown Source)
	at com.browserstack.v2.framework.SeleniumFramework.trackEvent(Unknown Source)
	at com.browserstack.selenium.SeleniumHandler.persistDriverInstance(Unknown Source)
	at com.browserstack.selenium.SeleniumHandler.afterDriverInit(Unknown Source)
	at org.openqa.selenium.remote.RemoteWebDriver.<init>(RemoteWebDriver.java:174)
	at org.openqa.selenium.chromium.ChromiumDriver.<init>(ChromiumDriver.java:108)
	at org.openqa.selenium.chrome.ChromeDriver.<init>(ChromeDriver.java:106)
	at org.openqa.selenium.chrome.ChromeDriver.<init>(ChromeDriver.java:93)
	at org.openqa.selenium.chrome.ChromeDriver.<init>(ChromeDriver.java:82)
	at com.browserstack.SeleniumTest.setUp(SeleniumTest.java:17)
	at java.base/jdk.internal.reflect.DirectMethodHandleAccessor.invoke(DirectMethodHandleAccessor.java:104)
	at java.base/java.lang.reflect.Method.invoke(Method.java:565)
	at org.testng.internal.MethodInvocationHelper.invokeMethod(MethodInvocationHelper.java:133)
	at org.testng.internal.MethodInvocationHelper.invokeMethodConsideringTimeout(MethodInvocationHelper.java:62)
	at org.testng.internal.ConfigInvoker.invokeConfigurationMethod(ConfigInvoker.java:385)
	at org.testng.internal.ConfigInvoker.invokeConfigurations(ConfigInvoker.java:321)
	at org.testng.internal.TestInvoker.runConfigMethods(TestInvoker.java:700)
	at org.testng.internal.TestInvoker.invokeMethod(TestInvoker.java:527)
	at org.testng.internal.TestInvoker.invokeTestMethod(TestInvoker.java:173)
	at org.testng.internal.MethodRunner.runInSequence(MethodRunner.java:46)
	at org.testng.internal.TestInvoker$MethodInvocationAgent.invoke(TestInvoker.java:824)
	at org.testng.internal.TestInvoker.invokeTestMethods(TestInvoker.java:146)
	at org.testng.internal.TestMethodWorker.invokeTestMethods(TestMethodWorker.java:146)
	at org.testng.internal.TestMethodWorker.run(TestMethodWorker.java:128)
	at java.base/java.util.ArrayList.forEach(ArrayList.java:1604)
	at org.testng.TestRunner.privateRun(TestRunner.java:794)
	at org.testng.TestRunner.run(TestRunner.java:596)
	at org.testng.SuiteRunner.runTest(SuiteRunner.java:377)
	at org.testng.SuiteRunner.access$000(SuiteRunner.java:28)
	at org.testng.SuiteRunner$SuiteWorker.run(SuiteRunner.java:418)
	at org.testng.internal.thread.ThreadUtil.lambda$execute$0(ThreadUtil.java:64)
	at java.base/java.util.concurrent.FutureTask.run$$$capture(FutureTask.java:328)
	at java.base/java.util.concurrent.FutureTask.run(FutureTask.java)
	at --- Async.Stack.Trace --- (captured by IntelliJ IDEA debugger)
	at java.base/java.util.concurrent.FutureTask.<init>(FutureTask.java:134)
	at java.base/java.util.concurrent.AbstractExecutorService.newTaskFor(AbstractExecutorService.java:113)
	at java.base/java.util.concurrent.AbstractExecutorService.invokeAll(AbstractExecutorService.java:305)
	at org.testng.internal.thread.ThreadUtil.execute(ThreadUtil.java:70)
	at org.testng.SuiteRunner.runInParallelTestMode(SuiteRunner.java:397)
	at org.testng.SuiteRunner.privateRun(SuiteRunner.java:330)
	at org.testng.SuiteRunner.run(SuiteRunner.java:276)
	at org.testng.SuiteRunnerWorker.runSuite(SuiteRunnerWorker.java:53)
	at org.testng.SuiteRunnerWorker.run(SuiteRunnerWorker.java:96)
	at org.testng.TestNG.runSuitesSequentially(TestNG.java:1212)
	at org.testng.TestNG.runSuitesLocally(TestNG.java:1134)
	at org.testng.TestNG.runSuites(TestNG.java:1063)
	at org.testng.TestNG.run(TestNG.java:1031)
	at com.intellij.rt.testng.IDEARemoteTestNG.run(IDEARemoteTestNG.java:65)
	at com.intellij.rt.testng.RemoteTestNGStarter.main(RemoteTestNGStarter.java:105)

12:16:40.380 [setUp@2] INFO  c.b.v2.module.WebdriverModule - onDriverCreated: event=com.browserstack.v2.eventBus.Event@5486f50f
12:16:40.381 [setUp@2] INFO  c.b.v2.module.WebdriverModule - Found session id=a941fc8421da39379a51542b154797a42bbcfb90 for instance=com.browserstack.v2.instance.AutomationFrameworkInstance@7fb1447f
12:16:40.381 [setUp@2] INFO  c.b.v2.module.WebdriverModule - Driver added successfully to automationFramework
12:16:40.390 [setUp@2] INFO  c.b.v2.framework.TestNgFramework - trackEvent: found instance, testFrameworkState=TestFrameworkState.BEFORE_METHOD hookState=HookState.POST instance=499983172
12:16:40.390 [setUp@2] INFO  c.b.v2.framework.TestNgFramework - trackEvent: loaded common test data, testFrameworkState=TestFrameworkState.BEFORE_METHOD hookState=HookState.POST instance=499983172
12:16:40.390 [setUp@2] INFO  c.b.v2.framework.TestNgFramework - trackEvent: track hook events
12:16:40.393 [setUp@2] INFO  c.b.v2.framework.TestNgFramework - args CHECK = [TestResult name=setUp status=SUCCESS method=SeleniumTest.setUp()[pri:0, instance:com.browserstack.BStackDemoTest@2e8a1ab4] output={null}]
12:16:40.393 [setUp@2] INFO  c.b.v2.framework.TestNgFramework - Hook List in Post [{hook_name=setUp, hook_result=pending, test_file_path=testng-browserstack-master/src/test/java/com/browserstack/BStackDemoTest.java, event_started_at=2025-09-27T12:16:14.873986, hook_id=a169dcda-ec74-46e4-bc91-be853838af0c, hook_logs=[], key=BEFORE_METHOD, custom_metadata={}, test_location=testng-browserstack-master/src/test/java/com/browserstack/BStackDemoTest.java}] and args = [[TestResult name=setUp status=SUCCESS method=SeleniumTest.setUp()[pri:0, instance:com.browserstack.BStackDemoTest@2e8a1ab4] output={null}], SeleniumTest.setUp()[pri:0, instance:com.browserstack.BStackDemoTest@2e8a1ab4]]
12:16:40.393 [setUp@2] INFO  c.b.v2.framework.TestNgFramework - Processing HookLevel attachments from directory: /Users/arjun/.browserstack/UploadedAttachments-61/HookLevel
12:16:40.393 [setUp@2] INFO  c.b.v2.framework.TestNgFramework - Checking hookLevelFiles: []
12:16:40.406 [setUp@2] INFO  c.b.v2.framework.TestNgFramework - checking Paths of files = /Users/arjun/.browserstack/UploadedAttachments-61/HookLevel/BuildLevelHookEvent and abs path = /Users/arjun/.browserstack/UploadedAttachments-61/HookLevel/BuildLevelHookEvent 
12:16:40.406 [setUp@2] INFO  c.b.v2.framework.TestNgFramework - Processing BuildLevelHookEvent attachments from directory: /Users/arjun/.browserstack/UploadedAttachments-61/HookLevel/BuildLevelHookEvent
12:16:40.406 [setUp@2] INFO  c.b.v2.framework.TestNgFramework - Processing TestLevel attachments eventLogs: []
12:16:40.406 [setUp@2] INFO  c.b.v2.framework.TestNgFramework - sendLogCreatedEvent: No Log Events to send
12:16:40.406 [setUp@2] INFO  c.b.v2.framework.TestNgFramework - trackHookEvents: hook state=BEFORE_METHOD.HookState.POST , hooks started={BEFORE_METHOD=[]} , hooks finished={BEFORE_METHOD=[{hook_name=setUp, hook_result=passed, test_file_path=testng-browserstack-master/src/test/java/com/browserstack/BStackDemoTest.java, event_started_at=2025-09-27T12:16:14.873986, hook_id=a169dcda-ec74-46e4-bc91-be853838af0c, hook_logs=[], logs=[], key=BEFORE_METHOD, custom_metadata={}, event_ended_at=2025-09-27T12:16:40.393930, test_location=testng-browserstack-master/src/test/java/com/browserstack/BStackDemoTest.java}]}
12:16:40.409 [setUp@2] INFO  c.b.v2.module.TestHubModule - sendTestFrameworkEvent: event=com.browserstack.v2.eventBus.Event@6888f574, response=success: true

12:16:40.412 [setUp@2] INFO  c.b.v2.framework.TestNgFramework - trackEvent: found instance, testFrameworkState=TestFrameworkState.TEST hookState=HookState.PRE instance=499983172
12:16:40.413 [setUp@2] INFO  c.b.v2.framework.TestNgFramework - trackEvent: loaded initial test data to instance, testFrameworkState=TestFrameworkState.TEST hookState=HookState.PRE instance=499983172 instanceThreadId=61 testResult=testng-browserstack-master-2 testData={test_uuid=8e316018-7943-4f5a-a57c-e60fd8e28ef2, test_file_path=src/test/java/com/browserstack/BStackDemoTest.java, test_scope=Default Suite.com.browserstack.BStackDemoTest, test_meta={}, test_scopes=[Default Suite, com.browserstack.BStackDemoTest], test_code=public void com.browserstack.BStackDemoTest.addProductToCart() throws java.lang.Exception, test_session_name=com.browserstack.BStackDemoTest-addProductToCart, test_name=addProductToCart, test_tags=, custom_metadata={}, test_id=testng-browserstack-master-2@2, test_location=src/test/java/com/browserstack/BStackDemoTest.java}
12:16:40.413 [setUp@2] INFO  c.b.v2.module.WebdriverModule - onBeforeTest: event=com.browserstack.v2.eventBus.Event@3317512c
12:16:40.413 [setUp@2] INFO  c.b.v2.module.WebdriverModule - onBeforeTest: event=com.browserstack.v2.eventBus.Event@3317512c
12:16:40.413 [setUp@2] INFO  c.b.v2.module.TestHubModule - onBeforeTest: event={com.browserstack.v2.eventBus.Event@3317512c}
12:16:40.417 [setUp@2] INFO  c.b.v2.module.TestHubModule - sendTestSessionEvent: event=com.browserstack.v2.eventBus.Event@3317512c, response=success: true

12:16:40.420 [setUp@2] INFO  c.b.v2.module.TestHubModule - sendTestFrameworkEvent: event=com.browserstack.v2.eventBus.Event@3317512c, response=success: true

12:16:40.422 [setUp@2] INFO  c.b.v2.module.ObservabilityModule - onBeforeTest: event={instance=com.browserstack.v2.instance.TestFrameworkInstance@6b1d9e6f, testFrameworkState=TestFrameworkState.TEST, testInstance=com.browserstack.v2.instance.TestFrameworkInstance@6b1d9e6f, autoInstance=[com.browserstack.v2.instance.AutomationFrameworkInstance@7fb1447f], hookState=HookState.PRE}
12:16:40.422 [setUp@2] INFO  c.b.v2.module.ObservabilityModule - performTestReportingSync: Performing TEST REPORTING AND ANALYTICS Sync
12:16:40.481 [addProductToCart@2] INFO  c.b.v2.module.WebdriverModule - beforeCommandExecute: event=com.browserstack.v2.eventBus.Event@45806631
12:16:40.481 [addProductToCart@2] INFO  c.b.v2.module.WebdriverModule - beforeCommandExecute: event=com.browserstack.v2.eventBus.Event@45806631
12:16:41.250 [tearDown@1] INFO  c.b.v2.module.WebdriverModule - afterCommandExecute: event=com.browserstack.v2.eventBus.Event@136e0ef
12:16:41.250 [tearDown@1] INFO  c.b.v2.module.WebdriverModule - afterCommandExecute: event=com.browserstack.v2.eventBus.Event@136e0ef
12:16:41.250 [tearDown@1] INFO  c.b.v2.module.ObservabilityModule - THREAD ID Inside Process= 60
12:16:41.250 [tearDown@1] INFO  c.b.v2.module.ObservabilityModule - Processing TestLevel attachments from directory: /Users/arjun/.browserstack/UploadedAttachments-60/TestLevel
12:16:41.250 [tearDown@1] INFO  c.b.v2.module.ObservabilityModule - Processing BuildLevel attachments from directory: /Users/arjun/.browserstack/UploadedAttachments-60/BuildLevel
12:16:41.250 [tearDown@1] INFO  c.b.v2.module.ObservabilityModule - Processing attachments eventLogs: []
12:16:41.250 [tearDown@1] INFO  c.b.v2.module.ObservabilityModule - sendLogCreatedEvent: No Log Events to send
12:16:41.252 [tearDown@1] INFO  c.b.v2.module.WebdriverModule - afterCommandExecute: event=com.browserstack.v2.eventBus.Event@55dae4e8
12:16:41.252 [tearDown@1] INFO  c.b.v2.module.WebdriverModule - afterCommandExecute: event=com.browserstack.v2.eventBus.Event@55dae4e8
12:16:41.253 [tearDown@1] INFO  c.b.v2.module.ObservabilityModule - THREAD ID Inside Process= 60
12:16:41.253 [tearDown@1] INFO  c.b.v2.module.ObservabilityModule - Processing TestLevel attachments from directory: /Users/arjun/.browserstack/UploadedAttachments-60/TestLevel
12:16:41.253 [tearDown@1] INFO  c.b.v2.module.ObservabilityModule - Processing BuildLevel attachments from directory: /Users/arjun/.browserstack/UploadedAttachments-60/BuildLevel
12:16:41.253 [tearDown@1] INFO  c.b.v2.module.ObservabilityModule - Processing attachments eventLogs: []
12:16:41.253 [tearDown@1] INFO  c.b.v2.module.ObservabilityModule - sendLogCreatedEvent: No Log Events to send
12:16:41.254 [tearDown@1] INFO  c.b.v2.framework.TestNgFramework - trackEvent: found instance, testFrameworkState=TestFrameworkState.AFTER_METHOD hookState=HookState.POST instance=499982210
12:16:41.255 [tearDown@1] INFO  c.b.v2.framework.TestNgFramework - trackEvent: track hook events
12:16:41.256 [tearDown@1] INFO  c.b.v2.framework.TestNgFramework - args CHECK = [TestResult name=tearDown status=SUCCESS method=SeleniumTest.tearDown()[pri:0, instance:com.browserstack.BStackDemoTest@33899f7a] output={null}]
12:16:41.256 [tearDown@1] INFO  c.b.v2.framework.TestNgFramework - Hook List in Post [{hook_name=tearDown, hook_result=pending, test_file_path=testng-browserstack-master/src/test/java/com/browserstack/BStackDemoTest.java, event_started_at=2025-09-27T12:16:39.507130, hook_id=268d5802-7438-41f7-be10-0e18e876ae79, hook_logs=[], key=AFTER_METHOD, custom_metadata={}, test_location=testng-browserstack-master/src/test/java/com/browserstack/BStackDemoTest.java}] and args = [[TestResult name=tearDown status=SUCCESS method=SeleniumTest.tearDown()[pri:0, instance:com.browserstack.BStackDemoTest@33899f7a] output={null}], SeleniumTest.tearDown()[pri:0, instance:com.browserstack.BStackDemoTest@33899f7a]]
12:16:41.256 [tearDown@1] INFO  c.b.v2.framework.TestNgFramework - Processing HookLevel attachments from directory: /Users/arjun/.browserstack/UploadedAttachments-60/HookLevel
12:16:41.256 [tearDown@1] INFO  c.b.v2.framework.TestNgFramework - Checking hookLevelFiles: []
12:16:41.256 [tearDown@1] INFO  c.b.v2.framework.TestNgFramework - checking Paths of files = /Users/arjun/.browserstack/UploadedAttachments-60/HookLevel/BuildLevelHookEvent and abs path = /Users/arjun/.browserstack/UploadedAttachments-60/HookLevel/BuildLevelHookEvent 
12:16:41.256 [tearDown@1] INFO  c.b.v2.framework.TestNgFramework - Processing BuildLevelHookEvent attachments from directory: /Users/arjun/.browserstack/UploadedAttachments-60/HookLevel/BuildLevelHookEvent
12:16:41.256 [tearDown@1] INFO  c.b.v2.framework.TestNgFramework - Processing TestLevel attachments eventLogs: []
12:16:41.256 [tearDown@1] INFO  c.b.v2.framework.TestNgFramework - sendLogCreatedEvent: No Log Events to send
12:16:41.256 [tearDown@1] INFO  c.b.v2.framework.TestNgFramework - trackHookEvents: hook state=AFTER_METHOD.HookState.POST , hooks started={AFTER_METHOD=[]} , hooks finished={AFTER_METHOD=[{hook_name=tearDown, hook_result=passed, test_file_path=testng-browserstack-master/src/test/java/com/browserstack/BStackDemoTest.java, event_started_at=2025-09-27T12:16:39.507130, hook_id=268d5802-7438-41f7-be10-0e18e876ae79, hook_logs=[], logs=[], key=AFTER_METHOD, custom_metadata={}, event_ended_at=2025-09-27T12:16:41.256627, test_location=testng-browserstack-master/src/test/java/com/browserstack/BStackDemoTest.java}]}
12:16:41.259 [tearDown@1] INFO  c.b.v2.module.TestHubModule - sendTestFrameworkEvent: event=com.browserstack.v2.eventBus.Event@63612a63, response=success: true

12:16:42.229 [addProductToCart@2] INFO  c.b.v2.module.WebdriverModule - afterCommandExecute: event=com.browserstack.v2.eventBus.Event@5a7b877e
12:16:42.229 [addProductToCart@2] INFO  c.b.v2.module.WebdriverModule - afterCommandExecute: event=com.browserstack.v2.eventBus.Event@5a7b877e
12:16:42.229 [addProductToCart@2] INFO  c.b.v2.module.ObservabilityModule - THREAD ID Inside Process= 61
12:16:42.229 [addProductToCart@2] INFO  c.b.v2.module.ObservabilityModule - Processing TestLevel attachments from directory: /Users/arjun/.browserstack/UploadedAttachments-61/TestLevel
12:16:42.229 [addProductToCart@2] INFO  c.b.v2.module.ObservabilityModule - Processing BuildLevel attachments from directory: /Users/arjun/.browserstack/UploadedAttachments-61/BuildLevel
12:16:42.229 [addProductToCart@2] INFO  c.b.v2.module.ObservabilityModule - Processing attachments eventLogs: []
12:16:42.229 [addProductToCart@2] INFO  c.b.v2.module.ObservabilityModule - sendLogCreatedEvent: No Log Events to send
12:16:42.232 [addProductToCart@2] INFO  c.b.v2.module.WebdriverModule - beforeCommandExecute: event=com.browserstack.v2.eventBus.Event@18c74959
12:16:42.232 [addProductToCart@2] INFO  c.b.v2.module.WebdriverModule - beforeCommandExecute: event=com.browserstack.v2.eventBus.Event@18c74959
12:16:42.232 [addProductToCart@2] INFO  c.b.v2.module.WebdriverModule - beforeCommandExecute: event=com.browserstack.v2.eventBus.Event@49110a2d
12:16:42.232 [addProductToCart@2] INFO  c.b.v2.module.WebdriverModule - beforeCommandExecute: event=com.browserstack.v2.eventBus.Event@49110a2d
12:16:42.548 [addProductToCart@2] INFO  c.b.v2.module.WebdriverModule - afterCommandExecute: event=com.browserstack.v2.eventBus.Event@4f572406
12:16:42.548 [addProductToCart@2] INFO  c.b.v2.module.WebdriverModule - afterCommandExecute: event=com.browserstack.v2.eventBus.Event@4f572406
12:16:42.548 [addProductToCart@2] INFO  c.b.v2.module.ObservabilityModule - THREAD ID Inside Process= 61
12:16:42.548 [addProductToCart@2] INFO  c.b.v2.module.ObservabilityModule - Processing TestLevel attachments from directory: /Users/arjun/.browserstack/UploadedAttachments-61/TestLevel
12:16:42.548 [addProductToCart@2] INFO  c.b.v2.module.ObservabilityModule - Processing BuildLevel attachments from directory: /Users/arjun/.browserstack/UploadedAttachments-61/BuildLevel
12:16:42.549 [addProductToCart@2] INFO  c.b.v2.module.ObservabilityModule - Processing attachments eventLogs: []
12:16:42.549 [addProductToCart@2] INFO  c.b.v2.module.ObservabilityModule - sendLogCreatedEvent: No Log Events to send
12:16:42.553 [addProductToCart@2] INFO  c.b.v2.module.WebdriverModule - afterCommandExecute: event=com.browserstack.v2.eventBus.Event@12e39900
12:16:42.553 [addProductToCart@2] INFO  c.b.v2.module.WebdriverModule - afterCommandExecute: event=com.browserstack.v2.eventBus.Event@12e39900
12:16:42.553 [addProductToCart@2] INFO  c.b.v2.module.ObservabilityModule - THREAD ID Inside Process= 61
12:16:42.553 [addProductToCart@2] INFO  c.b.v2.module.ObservabilityModule - Processing TestLevel attachments from directory: /Users/arjun/.browserstack/UploadedAttachments-61/TestLevel
12:16:42.553 [addProductToCart@2] INFO  c.b.v2.module.ObservabilityModule - Processing BuildLevel attachments from directory: /Users/arjun/.browserstack/UploadedAttachments-61/BuildLevel
12:16:42.553 [addProductToCart@2] INFO  c.b.v2.module.ObservabilityModule - Processing attachments eventLogs: []
12:16:42.553 [addProductToCart@2] INFO  c.b.v2.module.ObservabilityModule - sendLogCreatedEvent: No Log Events to send
12:16:42.556 [addProductToCart@2] INFO  c.b.v2.framework.TestNgFramework - trackEvent: found instance, testFrameworkState=TestFrameworkState.LOG_REPORT hookState=HookState.PRE instance=499983172
12:16:42.556 [addProductToCart@2] INFO  c.b.v2.framework.TestNgFramework - trackEvent: found instance, testFrameworkState=TestFrameworkState.LOG_REPORT hookState=HookState.POST instance=499983172
12:16:42.556 [addProductToCart@2] INFO  c.b.v2.framework.TestNgFramework - trackEvent: load test results
12:16:42.557 [addProductToCart@2] INFO  c.b.v2.framework.TestNgFramework - trackEvent: found instance, testFrameworkState=TestFrameworkState.TEST hookState=HookState.POST instance=499983172
12:16:42.557 [addProductToCart@2] INFO  c.b.v2.module.WebdriverModule - onAfterTest: event=com.browserstack.v2.eventBus.Event@7dcfa34c
12:16:42.557 [addProductToCart@2] INFO  c.b.utils.SeleniumMethodUtils - Session Name ID status marking: a941fc8421da39379a51542b154797a42bbcfb90
12:16:42.983 [addProductToCart@2] INFO  c.b.utils.SeleniumMethodUtils - Session ID status marking: a941fc8421da39379a51542b154797a42bbcfb90
12:16:44.046 [addProductToCart@2] INFO  c.b.v2.module.WebdriverModule - onAfterTest: event=com.browserstack.v2.eventBus.Event@7dcfa34c
12:16:44.047 [addProductToCart@2] INFO  c.b.utils.SeleniumMethodUtils - Session Name ID status marking: a941fc8421da39379a51542b154797a42bbcfb90
12:16:44.445 [addProductToCart@2] INFO  c.b.utils.SeleniumMethodUtils - Session ID status marking: a941fc8421da39379a51542b154797a42bbcfb90
12:16:45.445 [addProductToCart@2] INFO  c.b.v2.module.TestHubModule - sendTestFrameworkEvent: event=com.browserstack.v2.eventBus.Event@7dcfa34c, response=success: true

12:16:45.450 [addProductToCart@2] INFO  c.b.v2.framework.TestNgFramework - trackEvent: found instance, testFrameworkState=TestFrameworkState.AFTER_METHOD hookState=HookState.PRE instance=499983172
12:16:45.450 [addProductToCart@2] INFO  c.b.v2.framework.TestNgFramework - trackEvent: track hook events
12:16:45.452 [addProductToCart@2] INFO  c.b.v2.framework.TestNgFramework - args CHECK = [TestResult name=tearDown status=STARTED method=SeleniumTest.tearDown()[pri:0, instance:com.browserstack.BStackDemoTest@2e8a1ab4] output={null}]
12:16:45.452 [addProductToCart@2] INFO  c.b.v2.framework.TestNgFramework - Hook Started in PRE key = AFTER_METHOD & hook = {hook_name=tearDown, hook_result=pending, test_file_path=testng-browserstack-master/src/test/java/com/browserstack/BStackDemoTest.java, event_started_at=2025-09-27T12:16:45.452852, hook_id=bf16a535-c5ad-4033-b22f-8dcb3defed75, hook_logs=[], key=AFTER_METHOD, custom_metadata={}, test_location=testng-browserstack-master/src/test/java/com/browserstack/BStackDemoTest.java}  and args = [[TestResult name=tearDown status=STARTED method=SeleniumTest.tearDown()[pri:0, instance:com.browserstack.BStackDemoTest@2e8a1ab4] output={null}], SeleniumTest.tearDown()[pri:0, instance:com.browserstack.BStackDemoTest@2e8a1ab4]]
12:16:45.452 [addProductToCart@2] INFO  c.b.v2.framework.TestNgFramework - trackHookEvents: hook state=AFTER_METHOD.HookState.PRE , hooks started={AFTER_METHOD=[{hook_name=tearDown, hook_result=pending, test_file_path=testng-browserstack-master/src/test/java/com/browserstack/BStackDemoTest.java, event_started_at=2025-09-27T12:16:45.452852, hook_id=bf16a535-c5ad-4033-b22f-8dcb3defed75, hook_logs=[], key=AFTER_METHOD, custom_metadata={}, test_location=testng-browserstack-master/src/test/java/com/browserstack/BStackDemoTest.java}]} , hooks finished={AFTER_METHOD=[]}
12:16:45.456 [addProductToCart@2] INFO  c.b.v2.module.TestHubModule - sendTestFrameworkEvent: event=com.browserstack.v2.eventBus.Event@1a252d7c, response=success: true

12:16:45.458 [tearDown@2] INFO  c.b.v2.module.WebdriverModule - onDriverQuit: event=com.browserstack.v2.eventBus.Event@1b3cb87e
12:16:45.460 [tearDown@2] INFO  c.b.v2.module.WebdriverModule - onDriverQuit: event=com.browserstack.v2.eventBus.Event@1b3cb87e
12:16:45.465 [tearDown@2] INFO  c.b.v2.module.WebdriverModule - beforeCommandExecute: event=com.browserstack.v2.eventBus.Event@1f32c931
12:16:45.465 [tearDown@2] INFO  c.b.v2.module.WebdriverModule - beforeCommandExecute: event=com.browserstack.v2.eventBus.Event@1f32c931
12:16:45.465 [tearDown@2] INFO  c.b.v2.module.WebdriverModule - beforeCommandExecute: event=com.browserstack.v2.eventBus.Event@3285d95
12:16:45.465 [tearDown@2] INFO  c.b.v2.module.WebdriverModule - beforeCommandExecute: event=com.browserstack.v2.eventBus.Event@3285d95
12:16:46.799 [tearDown@2] INFO  c.b.v2.module.WebdriverModule - afterCommandExecute: event=com.browserstack.v2.eventBus.Event@4bbec6fc
12:16:46.799 [tearDown@2] INFO  c.b.v2.module.WebdriverModule - afterCommandExecute: event=com.browserstack.v2.eventBus.Event@4bbec6fc
12:16:46.800 [tearDown@2] INFO  c.b.v2.module.ObservabilityModule - THREAD ID Inside Process= 61
12:16:46.800 [tearDown@2] INFO  c.b.v2.module.ObservabilityModule - Processing TestLevel attachments from directory: /Users/arjun/.browserstack/UploadedAttachments-61/TestLevel
12:16:46.800 [tearDown@2] INFO  c.b.v2.module.ObservabilityModule - Processing BuildLevel attachments from directory: /Users/arjun/.browserstack/UploadedAttachments-61/BuildLevel
12:16:46.800 [tearDown@2] INFO  c.b.v2.module.ObservabilityModule - Processing attachments eventLogs: []
12:16:46.800 [tearDown@2] INFO  c.b.v2.module.ObservabilityModule - sendLogCreatedEvent: No Log Events to send
12:16:46.806 [tearDown@2] INFO  c.b.v2.module.WebdriverModule - afterCommandExecute: event=com.browserstack.v2.eventBus.Event@55be6634
12:16:46.807 [tearDown@2] INFO  c.b.v2.module.WebdriverModule - afterCommandExecute: event=com.browserstack.v2.eventBus.Event@55be6634
12:16:46.807 [tearDown@2] INFO  c.b.v2.module.ObservabilityModule - THREAD ID Inside Process= 61
12:16:46.807 [tearDown@2] INFO  c.b.v2.module.ObservabilityModule - Processing TestLevel attachments from directory: /Users/arjun/.browserstack/UploadedAttachments-61/TestLevel
12:16:46.807 [tearDown@2] INFO  c.b.v2.module.ObservabilityModule - Processing BuildLevel attachments from directory: /Users/arjun/.browserstack/UploadedAttachments-61/BuildLevel
12:16:46.807 [tearDown@2] INFO  c.b.v2.module.ObservabilityModule - Processing attachments eventLogs: []
12:16:46.807 [tearDown@2] INFO  c.b.v2.module.ObservabilityModule - sendLogCreatedEvent: No Log Events to send
12:16:46.810 [tearDown@2] INFO  c.b.v2.framework.TestNgFramework - trackEvent: found instance, testFrameworkState=TestFrameworkState.AFTER_METHOD hookState=HookState.POST instance=499983172
12:16:46.810 [tearDown@2] INFO  c.b.v2.framework.TestNgFramework - trackEvent: track hook events
12:16:46.814 [tearDown@2] INFO  c.b.v2.framework.TestNgFramework - args CHECK = [TestResult name=tearDown status=SUCCESS method=SeleniumTest.tearDown()[pri:0, instance:com.browserstack.BStackDemoTest@2e8a1ab4] output={null}]
12:16:46.814 [tearDown@2] INFO  c.b.v2.framework.TestNgFramework - Hook List in Post [{hook_name=tearDown, hook_result=pending, test_file_path=testng-browserstack-master/src/test/java/com/browserstack/BStackDemoTest.java, event_started_at=2025-09-27T12:16:45.452852, hook_id=bf16a535-c5ad-4033-b22f-8dcb3defed75, hook_logs=[], key=AFTER_METHOD, custom_metadata={}, test_location=testng-browserstack-master/src/test/java/com/browserstack/BStackDemoTest.java}] and args = [[TestResult name=tearDown status=SUCCESS method=SeleniumTest.tearDown()[pri:0, instance:com.browserstack.BStackDemoTest@2e8a1ab4] output={null}], SeleniumTest.tearDown()[pri:0, instance:com.browserstack.BStackDemoTest@2e8a1ab4]]
12:16:46.814 [tearDown@2] INFO  c.b.v2.framework.TestNgFramework - Processing HookLevel attachments from directory: /Users/arjun/.browserstack/UploadedAttachments-61/HookLevel
12:16:46.814 [tearDown@2] INFO  c.b.v2.framework.TestNgFramework - Checking hookLevelFiles: []
12:16:46.814 [tearDown@2] INFO  c.b.v2.framework.TestNgFramework - checking Paths of files = /Users/arjun/.browserstack/UploadedAttachments-61/HookLevel/BuildLevelHookEvent and abs path = /Users/arjun/.browserstack/UploadedAttachments-61/HookLevel/BuildLevelHookEvent 
12:16:46.814 [tearDown@2] INFO  c.b.v2.framework.TestNgFramework - Processing BuildLevelHookEvent attachments from directory: /Users/arjun/.browserstack/UploadedAttachments-61/HookLevel/BuildLevelHookEvent
12:16:46.814 [tearDown@2] INFO  c.b.v2.framework.TestNgFramework - Processing TestLevel attachments eventLogs: []
12:16:46.814 [tearDown@2] INFO  c.b.v2.framework.TestNgFramework - sendLogCreatedEvent: No Log Events to send
12:16:46.814 [tearDown@2] INFO  c.b.v2.framework.TestNgFramework - trackHookEvents: hook state=AFTER_METHOD.HookState.POST , hooks started={AFTER_METHOD=[]} , hooks finished={AFTER_METHOD=[{hook_name=tearDown, hook_result=passed, test_file_path=testng-browserstack-master/src/test/java/com/browserstack/BStackDemoTest.java, event_started_at=2025-09-27T12:16:45.452852, hook_id=bf16a535-c5ad-4033-b22f-8dcb3defed75, hook_logs=[], logs=[], key=AFTER_METHOD, custom_metadata={}, event_ended_at=2025-09-27T12:16:46.814396, test_location=testng-browserstack-master/src/test/java/com/browserstack/BStackDemoTest.java}]}
12:16:46.819 [tearDown@2] INFO  c.b.v2.module.TestHubModule - sendTestFrameworkEvent: event=com.browserstack.v2.eventBus.Event@391e45b2, response=success: true

12:16:47.547 [addProductToCart@0] INFO  c.b.v2.module.WebdriverModule - afterCommandExecute: event=com.browserstack.v2.eventBus.Event@364bdfc2
12:16:47.547 [addProductToCart@0] INFO  c.b.v2.module.WebdriverModule - afterCommandExecute: event=com.browserstack.v2.eventBus.Event@364bdfc2
12:16:47.547 [addProductToCart@0] INFO  c.b.v2.module.ObservabilityModule - THREAD ID Inside Process= 59
12:16:47.548 [addProductToCart@0] INFO  c.b.v2.module.ObservabilityModule - Processing TestLevel attachments from directory: /Users/arjun/.browserstack/UploadedAttachments-59/TestLevel
12:16:47.548 [addProductToCart@0] INFO  c.b.v2.module.ObservabilityModule - Processing BuildLevel attachments from directory: /Users/arjun/.browserstack/UploadedAttachments-59/BuildLevel
12:16:47.548 [addProductToCart@0] INFO  c.b.v2.module.ObservabilityModule - Processing attachments eventLogs: []
12:16:47.548 [addProductToCart@0] INFO  c.b.v2.module.ObservabilityModule - sendLogCreatedEvent: No Log Events to send
12:16:47.553 [addProductToCart@0] INFO  c.b.v2.module.WebdriverModule - afterCommandExecute: event=com.browserstack.v2.eventBus.Event@7fb2e10e
12:16:47.553 [addProductToCart@0] INFO  c.b.v2.module.WebdriverModule - afterCommandExecute: event=com.browserstack.v2.eventBus.Event@7fb2e10e
12:16:47.553 [addProductToCart@0] INFO  c.b.v2.module.ObservabilityModule - THREAD ID Inside Process= 59
12:16:47.553 [addProductToCart@0] INFO  c.b.v2.module.ObservabilityModule - Processing TestLevel attachments from directory: /Users/arjun/.browserstack/UploadedAttachments-59/TestLevel
12:16:47.553 [addProductToCart@0] INFO  c.b.v2.module.ObservabilityModule - Processing BuildLevel attachments from directory: /Users/arjun/.browserstack/UploadedAttachments-59/BuildLevel
12:16:47.553 [addProductToCart@0] INFO  c.b.v2.module.ObservabilityModule - Processing attachments eventLogs: []
12:16:47.554 [addProductToCart@0] INFO  c.b.v2.module.ObservabilityModule - sendLogCreatedEvent: No Log Events to send
12:16:47.556 [addProductToCart@0] INFO  c.b.v2.framework.TestNgFramework - trackEvent: found instance, testFrameworkState=TestFrameworkState.LOG_REPORT hookState=HookState.PRE instance=499981248
12:16:47.556 [addProductToCart@0] INFO  c.b.v2.framework.TestNgFramework - trackEvent: found instance, testFrameworkState=TestFrameworkState.LOG_REPORT hookState=HookState.POST instance=499981248
12:16:47.556 [addProductToCart@0] INFO  c.b.v2.framework.TestNgFramework - trackEvent: load test results
12:16:47.557 [addProductToCart@0] INFO  c.b.v2.framework.TestNgFramework - trackEvent: found instance, testFrameworkState=TestFrameworkState.TEST hookState=HookState.POST instance=499981248
12:16:47.557 [addProductToCart@0] INFO  c.b.v2.module.WebdriverModule - onAfterTest: event=com.browserstack.v2.eventBus.Event@1590e777
12:16:47.557 [addProductToCart@0] INFO  c.b.utils.SeleniumMethodUtils - Session Name ID status marking: 249d8ea4ee2f0d277635ddf52f4a35350527ff76
12:16:48.599 [addProductToCart@0] INFO  c.b.utils.SeleniumMethodUtils - Session ID status marking: 249d8ea4ee2f0d277635ddf52f4a35350527ff76
12:16:49.050 [addProductToCart@0] INFO  c.b.v2.module.WebdriverModule - onAfterTest: event=com.browserstack.v2.eventBus.Event@1590e777
12:16:49.050 [addProductToCart@0] INFO  c.b.utils.SeleniumMethodUtils - Session Name ID status marking: 249d8ea4ee2f0d277635ddf52f4a35350527ff76
12:16:50.042 [addProductToCart@0] INFO  c.b.utils.SeleniumMethodUtils - Session ID status marking: 249d8ea4ee2f0d277635ddf52f4a35350527ff76
12:16:50.432 [addProductToCart@0] INFO  c.b.v2.module.TestHubModule - sendTestFrameworkEvent: event=com.browserstack.v2.eventBus.Event@1590e777, response=success: true

12:16:50.438 [addProductToCart@0] INFO  c.b.v2.framework.TestNgFramework - trackEvent: found instance, testFrameworkState=TestFrameworkState.AFTER_METHOD hookState=HookState.PRE instance=499981248
12:16:50.438 [addProductToCart@0] INFO  c.b.v2.framework.TestNgFramework - trackEvent: track hook events
12:16:50.441 [addProductToCart@0] INFO  c.b.v2.framework.TestNgFramework - args CHECK = [TestResult name=tearDown status=STARTED method=SeleniumTest.tearDown()[pri:0, instance:com.browserstack.BStackDemoTest@6c9320c2] output={null}]
12:16:50.441 [addProductToCart@0] INFO  c.b.v2.framework.TestNgFramework - Hook Started in PRE key = AFTER_METHOD & hook = {hook_name=tearDown, hook_result=pending, test_file_path=testng-browserstack-master/src/test/java/com/browserstack/BStackDemoTest.java, event_started_at=2025-09-27T12:16:50.441260, hook_id=956997ca-4c48-498d-ad4f-87aaada43511, hook_logs=[], key=AFTER_METHOD, custom_metadata={}, test_location=testng-browserstack-master/src/test/java/com/browserstack/BStackDemoTest.java}  and args = [[TestResult name=tearDown status=STARTED method=SeleniumTest.tearDown()[pri:0, instance:com.browserstack.BStackDemoTest@6c9320c2] output={null}], SeleniumTest.tearDown()[pri:0, instance:com.browserstack.BStackDemoTest@6c9320c2]]
12:16:50.441 [addProductToCart@0] INFO  c.b.v2.framework.TestNgFramework - trackHookEvents: hook state=AFTER_METHOD.HookState.PRE , hooks started={AFTER_METHOD=[{hook_name=tearDown, hook_result=pending, test_file_path=testng-browserstack-master/src/test/java/com/browserstack/BStackDemoTest.java, event_started_at=2025-09-27T12:16:50.441260, hook_id=956997ca-4c48-498d-ad4f-87aaada43511, hook_logs=[], key=AFTER_METHOD, custom_metadata={}, test_location=testng-browserstack-master/src/test/java/com/browserstack/BStackDemoTest.java}]} , hooks finished={AFTER_METHOD=[]}
12:16:50.445 [addProductToCart@0] INFO  c.b.v2.module.TestHubModule - sendTestFrameworkEvent: event=com.browserstack.v2.eventBus.Event@4d9ebc33, response=success: true

12:16:50.448 [tearDown@0] INFO  c.b.v2.module.WebdriverModule - onDriverQuit: event=com.browserstack.v2.eventBus.Event@9eabea1
12:16:50.449 [tearDown@0] INFO  c.b.v2.module.WebdriverModule - onDriverQuit: event=com.browserstack.v2.eventBus.Event@9eabea1
12:16:50.455 [tearDown@0] INFO  c.b.v2.module.WebdriverModule - beforeCommandExecute: event=com.browserstack.v2.eventBus.Event@21fef4c6
12:16:50.455 [tearDown@0] INFO  c.b.v2.module.WebdriverModule - beforeCommandExecute: event=com.browserstack.v2.eventBus.Event@21fef4c6
12:16:50.455 [tearDown@0] INFO  c.b.v2.module.WebdriverModule - beforeCommandExecute: event=com.browserstack.v2.eventBus.Event@3a6b5642
12:16:50.455 [tearDown@0] INFO  c.b.v2.module.WebdriverModule - beforeCommandExecute: event=com.browserstack.v2.eventBus.Event@3a6b5642
12:16:51.978 [tearDown@0] INFO  c.b.v2.module.WebdriverModule - afterCommandExecute: event=com.browserstack.v2.eventBus.Event@b61d402
12:16:51.978 [tearDown@0] INFO  c.b.v2.module.WebdriverModule - afterCommandExecute: event=com.browserstack.v2.eventBus.Event@b61d402
12:16:51.978 [tearDown@0] INFO  c.b.v2.module.ObservabilityModule - THREAD ID Inside Process= 59
12:16:51.978 [tearDown@0] INFO  c.b.v2.module.ObservabilityModule - Processing TestLevel attachments from directory: /Users/arjun/.browserstack/UploadedAttachments-59/TestLevel
12:16:51.979 [tearDown@0] INFO  c.b.v2.module.ObservabilityModule - Processing BuildLevel attachments from directory: /Users/arjun/.browserstack/UploadedAttachments-59/BuildLevel
12:16:51.979 [tearDown@0] INFO  c.b.v2.module.ObservabilityModule - Processing attachments eventLogs: []
12:16:51.979 [tearDown@0] INFO  c.b.v2.module.ObservabilityModule - sendLogCreatedEvent: No Log Events to send
12:16:51.984 [tearDown@0] INFO  c.b.v2.module.WebdriverModule - afterCommandExecute: event=com.browserstack.v2.eventBus.Event@65717496
12:16:51.984 [tearDown@0] INFO  c.b.v2.module.WebdriverModule - afterCommandExecute: event=com.browserstack.v2.eventBus.Event@65717496
12:16:51.984 [tearDown@0] INFO  c.b.v2.module.ObservabilityModule - THREAD ID Inside Process= 59
12:16:51.984 [tearDown@0] INFO  c.b.v2.module.ObservabilityModule - Processing TestLevel attachments from directory: /Users/arjun/.browserstack/UploadedAttachments-59/TestLevel
12:16:51.984 [tearDown@0] INFO  c.b.v2.module.ObservabilityModule - Processing BuildLevel attachments from directory: /Users/arjun/.browserstack/UploadedAttachments-59/BuildLevel
12:16:51.984 [tearDown@0] INFO  c.b.v2.module.ObservabilityModule - Processing attachments eventLogs: []
12:16:51.984 [tearDown@0] INFO  c.b.v2.module.ObservabilityModule - sendLogCreatedEvent: No Log Events to send
12:16:51.986 [tearDown@0] INFO  c.b.v2.framework.TestNgFramework - trackEvent: found instance, testFrameworkState=TestFrameworkState.AFTER_METHOD hookState=HookState.POST instance=499981248
12:16:51.986 [tearDown@0] INFO  c.b.v2.framework.TestNgFramework - trackEvent: track hook events
12:16:51.989 [tearDown@0] INFO  c.b.v2.framework.TestNgFramework - args CHECK = [TestResult name=tearDown status=SUCCESS method=SeleniumTest.tearDown()[pri:0, instance:com.browserstack.BStackDemoTest@6c9320c2] output={null}]
12:16:51.989 [tearDown@0] INFO  c.b.v2.framework.TestNgFramework - Hook List in Post [{hook_name=tearDown, hook_result=pending, test_file_path=testng-browserstack-master/src/test/java/com/browserstack/BStackDemoTest.java, event_started_at=2025-09-27T12:16:50.441260, hook_id=956997ca-4c48-498d-ad4f-87aaada43511, hook_logs=[], key=AFTER_METHOD, custom_metadata={}, test_location=testng-browserstack-master/src/test/java/com/browserstack/BStackDemoTest.java}] and args = [[TestResult name=tearDown status=SUCCESS method=SeleniumTest.tearDown()[pri:0, instance:com.browserstack.BStackDemoTest@6c9320c2] output={null}], SeleniumTest.tearDown()[pri:0, instance:com.browserstack.BStackDemoTest@6c9320c2]]
12:16:51.989 [tearDown@0] INFO  c.b.v2.framework.TestNgFramework - Processing HookLevel attachments from directory: /Users/arjun/.browserstack/UploadedAttachments-59/HookLevel
12:16:51.989 [tearDown@0] INFO  c.b.v2.framework.TestNgFramework - Checking hookLevelFiles: []
12:16:51.989 [tearDown@0] INFO  c.b.v2.framework.TestNgFramework - checking Paths of files = /Users/arjun/.browserstack/UploadedAttachments-59/HookLevel/BuildLevelHookEvent and abs path = /Users/arjun/.browserstack/UploadedAttachments-59/HookLevel/BuildLevelHookEvent 
12:16:51.989 [tearDown@0] INFO  c.b.v2.framework.TestNgFramework - Processing BuildLevelHookEvent attachments from directory: /Users/arjun/.browserstack/UploadedAttachments-59/HookLevel/BuildLevelHookEvent
12:16:51.989 [tearDown@0] INFO  c.b.v2.framework.TestNgFramework - Processing TestLevel attachments eventLogs: []
12:16:51.989 [tearDown@0] INFO  c.b.v2.framework.TestNgFramework - sendLogCreatedEvent: No Log Events to send
12:16:51.989 [tearDown@0] INFO  c.b.v2.framework.TestNgFramework - trackHookEvents: hook state=AFTER_METHOD.HookState.POST , hooks started={AFTER_METHOD=[]} , hooks finished={AFTER_METHOD=[{hook_name=tearDown, hook_result=passed, test_file_path=testng-browserstack-master/src/test/java/com/browserstack/BStackDemoTest.java, event_started_at=2025-09-27T12:16:50.441260, hook_id=956997ca-4c48-498d-ad4f-87aaada43511, hook_logs=[], logs=[], key=AFTER_METHOD, custom_metadata={}, event_ended_at=2025-09-27T12:16:51.989176, test_location=testng-browserstack-master/src/test/java/com/browserstack/BStackDemoTest.java}]}
12:16:51.994 [tearDown@0] INFO  c.b.v2.module.TestHubModule - sendTestFrameworkEvent: event=com.browserstack.v2.eventBus.Event@5466abfe, response=success: true

12:16:52.316 [main] ERROR c.b.v2.framework.TestNgFramework - trackEvent: unable to find instance, testFrameworkState=TestFrameworkState.LOG hookState=HookState.PRE argsLength=2
12:16:52.316 [Thread-0] INFO  com.browserstack.testOps.Listener - onComplete: CLI is active
12:16:52.318 [Thread-0] INFO  com.browserstack.v2.SdkCLI - stop: cli stop triggered
12:17:01.333 [Thread-0] DEBUG com.browserstack.v2.SdkCLI - stop-bin-session=success: true
automate_buildlink: "https://automate.browserstack.com/dashboard/v2/builds/43f4b3ec2cd7fc98ee07bb177ca3fb81e3ddeeab"
hashed_id: "43f4b3ec2cd7fc98ee07bb177ca3fb81e3ddeeab"

12:17:01.346 [Thread-0] INFO  com.browserstack.v2.SdkCLI - stop: shutting down CLI
12:17:04.491 [Thread-0] INFO  c.browserstack.utils.UtilityMethods - Visit https://automation.browserstack.com/builds/q1bgvkyh1e6yacwgn3kt33nfbnycprabxliellrh to view build report, insights, and many more debugging information all at one place!
12:17:04.491 [Thread-0] INFO  c.b.config.BrowserStackConfig - INFO
12:17:04.491 [Thread-0] INFO  c.browserstack.utils.UtilityMethods - View build on BrowserStack dashboard: https://automate.browserstack.com/dashboard/v2/builds/43f4b3ec2cd7fc98ee07bb177ca3fb81e3ddeeab
12:17:04.491 [Thread-0] INFO  c.b.config.BrowserStackConfig - INFO
12:17:04.494 [Thread-0] INFO  c.browserstack.BrowserStackJavaAgent - SDK run ended for id: 506b5311-b034-4ac1-b883-43e458e92388, testhub id: q1bgvkyh1e6yacwgn3kt33nfbnycprabxliellrh
12:17:04.494 [Thread-0] INFO  c.b.config.BrowserStackConfig - INFO
12:19:19.996 [main] DEBUG c.browserstack.BrowserStackJavaAgent - Extracted CLI argument from system : null
12:19:20.012 [main] INFO  c.browserstack.BrowserStackJavaAgent - Selenium version detected - 4.1.4
12:19:20.012 [main] INFO  c.browserstack.BrowserStackJavaAgent - Appium version detected - 
12:19:20.103 [main] DEBUG c.b.config.BrowserStackConfig - Cli Config passed - {}
12:19:20.105 [main] INFO  c.b.config.BrowserStackConfig - Detected Framework testng
12:19:20.376 [main] INFO  c.browserstack.BrowserStackJavaAgent - Framework set to testng
12:19:20.378 [main] INFO  c.browserstack.BrowserStackJavaAgent - SDK run started with id: 9a17d3ba-4743-4a22-8aa4-80dacd60f954
12:19:20.378 [main] INFO  c.b.config.BrowserStackConfig - INFO
12:19:20.384 [main] DEBUG com.browserstack.v2.SdkCliUtils - File /Users/arjun/.browserstack already exist
12:19:20.386 [main] DEBUG com.browserstack.v2.SdkCliUtils - Current CLI Path Found: /Users/arjun/.browserstack/cli/binary-macos-arm64
12:19:21.685 [main] DEBUG com.browserstack.v2.SdkCliUtils - Resolved binary path: /Users/arjun/.browserstack/cli/binary-macos-arm64
12:19:21.687 [main] DEBUG com.browserstack.v2.SdkCLI - startMain: main-process starting
12:19:21.687 [main] INFO  com.browserstack.v2.SdkCLI - spawning command='/Users/arjun/.browserstack/cli/binary-macos-arm64' 'sdk' 'tcp'
12:19:21.985 [ForkJoinPool.commonPool-worker-1] INFO  com.browserstack.v2.SdkCLI - loadCLIParams: start binSessionId=b880346e-3fe7-4038-8250-62f5d4437788 listenAddress=127.0.0.1:5400
12:19:21.985 [main] DEBUG com.browserstack.v2.SdkCLI - startMain: main-process started
12:19:21.985 [main] DEBUG com.browserstack.v2.SdkCLI - startMain: main-process connecting {port=5400, listen=127.0.0.1:5400, id=b880346e-3fe7-4038-8250-62f5d4437788}
12:19:21.991 [main] DEBUG com.browserstack.v2.SdkCliUtils - File /Users/arjun/.browserstack already exist
12:19:30.691 [main] DEBUG com.browserstack.v2.SdkCLI - start-bin-session=bin_session_id: "b880346e-3fe7-4038-8250-62f5d4437788"
config: "{\"userName\":\"arjun153\",\"accessKey\":\"pBUjJCeGYhbsRaET7AUb\",\"framework\":\"testng\",\"platforms\":[{\"os\":\"Windows\",\"osVersion\":\"10\",\"browserName\":\"Chrome\",\"browserVersion\":\"136.0\"}],\"parallelsPerPlatform\":1,\"browserstackLocal\":true,\"buildName\":\"testathon_Arjun Build\",\"projectName\":\"testathon_Arjun\",\"CUSTOM_TAG_1\":\"You can set a custom Build Tag here\",\"networkLogs\":true,\"consoleLogs\":\"info\",\"percy\":false,\"percyCaptureMode\":\"auto\",\"testObservability\":true,\"accessibility\":false,\"browserstackAutomation\":true,\"selfHeal\":false,\"disableAutoCaptureLogs\":false,\"testhub\":true,\"testContextOptions\":{\"skipSessionStatus\":false,\"skipSessionName\":false},\"logDir\":\"/Users/arjun/Downloads/testng-browserstack-master/log\",\"buildIdentifier\":\"#${BUILD_NUMBER}\",\"browserStackLocalOptions\":{\"localIdentifier\":\"Sep_27_1219_ArjunBM-MBP_vzxh\",\"key\":\"pBUjJCeGYhbsRaET7AUb\",\"skipBinaryInitialisation\":false},\"testOrchestrationOptions\":{\"retryTestsOnFailure\":{},\"abortBuildOnFailure\":{}},\"apis\":{\"automate\":{\"hub\":\"https://hub.browserstack.com\",\"cdp\":\"https://cdp.browserstack.com\",\"api\":\"https://api.browserstack.com\",\"upload\":\"https://api-cloud.browserstack.com\"},\"appAutomate\":{\"hub\":\"https://hub.browserstack.com\",\"api\":\"https://api.browserstack.com\",\"upload\":\"https://api-cloud.browserstack.com\"},\"percy\":{\"api\":\"https://api.browserstack.com\"},\"turboScale\":{\"api\":\"https://grid.browserstack.com\"},\"accessibility\":{\"api\":\"https://accessibility.browserstack.com\"},\"appAccessibility\":{\"api\":\"https://app-accessibility.browserstack.com\"},\"observability\":{\"api\":\"https://collector-observability.browserstack.com\",\"upload\":\"https://upload-observability.browserstack.com\"},\"configServer\":{\"api\":\"https://sdk.browserstack.com\"},\"edsInstrumentation\":{\"api\":\"https://eds.browserstack.com\"},\"tcg\":{\"api\":\"https://tcg.browserstack.com\"}},\"hubUrl\":\"https://hub.browserstack.com/wd/hub\",\"proxySettings\":{}}"
testhub {
  jwt: "eyJhbGciOiJSUzI1NiJ9.eyJleHAiOiIxNzU4OTY2NTYyIiwiaXNzIjoid3d3LmJyb3dzZXJzdGFjay5jb20iLCJzdWIiOjI1ODY1MTIsInNjb3BlIjp7InByb2R1Y3QiOiJzZGsiLCJ1c2VyX2FjY2VzcyI6eyJ0ZXN0X29ic2VydmFiaWxpdHkiOjEsImF1dG9tYXRlIjoxLCJhcHBfYXV0b21hdGUiOjEsInBlcmN5IjoxLCJhcHBfcGVyY3kiOjEsImFjY2Vzc2liaWxpdHlfdGVzdGluZyI6MCwiYXBwX2FjY2Vzc2liaWxpdHlfdGVzdGluZyI6MSwiYXV0b21hdGVfdHVyYm9zY2FsZSI6MSwibG93X2NvZGVfYXV0b21hdGlvbiI6MX0sImlhYW1fcm9sZSI6Im93bmVyIn0sImdyb3VwX2lkIjoyNTQ2MTUwLCJ0ZWFtX2lkIjpudWxsLCJ1ZGFjX2FjY2VzcyI6Imdsb2JhbCJ9.ZLS9AKdEHbG69wBVHo4SEAASQcXRFFWrITv3B97ukDwzB0V1MlBYK0HgRplota2ulD5FvK3j8YE3CbGI1OevT-8qQf1E6PuMqOnAaozPu_rwv4XN7tOfcgCs7TAJLw_X6QLL3Sry6ussBLQOid2impKSeV1QghmT3v6GaIHnDKQSZzaOT3_RbkaJIh97vndNCJtZoPeUPPWk5DJDqMsJc25vTrbZWm_NjdRWpat5pPM2OpnwaIe2oXaWbzutmlGyrL_ImogLvaH7SAf94gh662r8IYe4All-RpF-wPDxRqrZdSGFwpGXCWtCotGVe5YTtQj6gp1jRb_FmnRx8SGGAw"
  build_hashed_id: "r0umzxwn4p8veyngfpm5tty7nfxtekrvp5n4x5jq"
  testhub_events: true
}
observability {
  success: true
}
session_framework: ""
8: "selenium"

12:19:30.699 [main] DEBUG com.browserstack.v2.SdkCLI - startChild: child-process connecting
12:19:30.969 [main] DEBUG com.browserstack.v2.SdkCLI - connect-bin-session=bin_session_id: "b880346e-3fe7-4038-8250-62f5d4437788"
config: "{\"userName\":\"arjun153\",\"accessKey\":\"pBUjJCeGYhbsRaET7AUb\",\"framework\":\"testng\",\"platforms\":[{\"os\":\"Windows\",\"osVersion\":\"10\",\"browserName\":\"Chrome\",\"browserVersion\":\"136.0\"}],\"parallelsPerPlatform\":1,\"browserstackLocal\":true,\"buildName\":\"testathon_Arjun Build\",\"projectName\":\"testathon_Arjun\",\"CUSTOM_TAG_1\":\"You can set a custom Build Tag here\",\"networkLogs\":true,\"consoleLogs\":\"info\",\"percy\":false,\"percyCaptureMode\":\"auto\",\"testObservability\":true,\"accessibility\":false,\"browserstackAutomation\":true,\"selfHeal\":false,\"disableAutoCaptureLogs\":false,\"testhub\":true,\"testContextOptions\":{\"skipSessionStatus\":false,\"skipSessionName\":false},\"logDir\":\"/Users/arjun/Downloads/testng-browserstack-master/log\",\"buildIdentifier\":\"#${BUILD_NUMBER}\",\"browserStackLocalOptions\":{\"localIdentifier\":\"Sep_27_1219_ArjunBM-MBP_vzxh\",\"key\":\"pBUjJCeGYhbsRaET7AUb\",\"skipBinaryInitialisation\":false},\"testOrchestrationOptions\":{\"retryTestsOnFailure\":{},\"abortBuildOnFailure\":{}},\"apis\":{\"automate\":{\"hub\":\"https://hub.browserstack.com\",\"cdp\":\"https://cdp.browserstack.com\",\"api\":\"https://api.browserstack.com\",\"upload\":\"https://api-cloud.browserstack.com\"},\"appAutomate\":{\"hub\":\"https://hub.browserstack.com\",\"api\":\"https://api.browserstack.com\",\"upload\":\"https://api-cloud.browserstack.com\"},\"percy\":{\"api\":\"https://api.browserstack.com\"},\"turboScale\":{\"api\":\"https://grid.browserstack.com\"},\"accessibility\":{\"api\":\"https://accessibility.browserstack.com\"},\"appAccessibility\":{\"api\":\"https://app-accessibility.browserstack.com\"},\"observability\":{\"api\":\"https://collector-observability.browserstack.com\",\"upload\":\"https://upload-observability.browserstack.com\"},\"configServer\":{\"api\":\"https://sdk.browserstack.com\"},\"edsInstrumentation\":{\"api\":\"https://eds.browserstack.com\"},\"tcg\":{\"api\":\"https://tcg.browserstack.com\"}},\"hubUrl\":\"https://hub-aps.browserstack.com/wd/hub\",\"proxySettings\":{}}"
testhub {
  jwt: "eyJhbGciOiJSUzI1NiJ9.eyJleHAiOiIxNzU4OTY2NTYyIiwiaXNzIjoid3d3LmJyb3dzZXJzdGFjay5jb20iLCJzdWIiOjI1ODY1MTIsInNjb3BlIjp7InByb2R1Y3QiOiJzZGsiLCJ1c2VyX2FjY2VzcyI6eyJ0ZXN0X29ic2VydmFiaWxpdHkiOjEsImF1dG9tYXRlIjoxLCJhcHBfYXV0b21hdGUiOjEsInBlcmN5IjoxLCJhcHBfcGVyY3kiOjEsImFjY2Vzc2liaWxpdHlfdGVzdGluZyI6MCwiYXBwX2FjY2Vzc2liaWxpdHlfdGVzdGluZyI6MSwiYXV0b21hdGVfdHVyYm9zY2FsZSI6MSwibG93X2NvZGVfYXV0b21hdGlvbiI6MX0sImlhYW1fcm9sZSI6Im93bmVyIn0sImdyb3VwX2lkIjoyNTQ2MTUwLCJ0ZWFtX2lkIjpudWxsLCJ1ZGFjX2FjY2VzcyI6Imdsb2JhbCJ9.ZLS9AKdEHbG69wBVHo4SEAASQcXRFFWrITv3B97ukDwzB0V1MlBYK0HgRplota2ulD5FvK3j8YE3CbGI1OevT-8qQf1E6PuMqOnAaozPu_rwv4XN7tOfcgCs7TAJLw_X6QLL3Sry6ussBLQOid2impKSeV1QghmT3v6GaIHnDKQSZzaOT3_RbkaJIh97vndNCJtZoPeUPPWk5DJDqMsJc25vTrbZWm_NjdRWpat5pPM2OpnwaIe2oXaWbzutmlGyrL_ImogLvaH7SAf94gh662r8IYe4All-RpF-wPDxRqrZdSGFwpGXCWtCotGVe5YTtQj6gp1jRb_FmnRx8SGGAw"
  build_hashed_id: "r0umzxwn4p8veyngfpm5tty7nfxtekrvp5n4x5jq"
  testhub_events: true
}
observability {
  success: true
}
session_framework: "selenium"
test_orchestration {
  retry_tests_on_failure {
  }
  abort_build_on_failure {
  }
}

12:19:30.972 [main] INFO  com.browserstack.v2.SdkCLI - loadBinResponse: Loading modules as per LoadBinResponse=bin_session_id: "b880346e-3fe7-4038-8250-62f5d4437788"
config: "{\"userName\":\"arjun153\",\"accessKey\":\"pBUjJCeGYhbsRaET7AUb\",\"framework\":\"testng\",\"platforms\":[{\"os\":\"Windows\",\"osVersion\":\"10\",\"browserName\":\"Chrome\",\"browserVersion\":\"136.0\"}],\"parallelsPerPlatform\":1,\"browserstackLocal\":true,\"buildName\":\"testathon_Arjun Build\",\"projectName\":\"testathon_Arjun\",\"CUSTOM_TAG_1\":\"You can set a custom Build Tag here\",\"networkLogs\":true,\"consoleLogs\":\"info\",\"percy\":false,\"percyCaptureMode\":\"auto\",\"testObservability\":true,\"accessibility\":false,\"browserstackAutomation\":true,\"selfHeal\":false,\"disableAutoCaptureLogs\":false,\"testhub\":true,\"testContextOptions\":{\"skipSessionStatus\":false,\"skipSessionName\":false},\"logDir\":\"/Users/arjun/Downloads/testng-browserstack-master/log\",\"buildIdentifier\":\"#${BUILD_NUMBER}\",\"browserStackLocalOptions\":{\"localIdentifier\":\"Sep_27_1219_ArjunBM-MBP_vzxh\",\"key\":\"pBUjJCeGYhbsRaET7AUb\",\"skipBinaryInitialisation\":false},\"testOrchestrationOptions\":{\"retryTestsOnFailure\":{},\"abortBuildOnFailure\":{}},\"apis\":{\"automate\":{\"hub\":\"https://hub.browserstack.com\",\"cdp\":\"https://cdp.browserstack.com\",\"api\":\"https://api.browserstack.com\",\"upload\":\"https://api-cloud.browserstack.com\"},\"appAutomate\":{\"hub\":\"https://hub.browserstack.com\",\"api\":\"https://api.browserstack.com\",\"upload\":\"https://api-cloud.browserstack.com\"},\"percy\":{\"api\":\"https://api.browserstack.com\"},\"turboScale\":{\"api\":\"https://grid.browserstack.com\"},\"accessibility\":{\"api\":\"https://accessibility.browserstack.com\"},\"appAccessibility\":{\"api\":\"https://app-accessibility.browserstack.com\"},\"observability\":{\"api\":\"https://collector-observability.browserstack.com\",\"upload\":\"https://upload-observability.browserstack.com\"},\"configServer\":{\"api\":\"https://sdk.browserstack.com\"},\"edsInstrumentation\":{\"api\":\"https://eds.browserstack.com\"},\"tcg\":{\"api\":\"https://tcg.browserstack.com\"}},\"hubUrl\":\"https://hub-aps.browserstack.com/wd/hub\",\"proxySettings\":{}}"
testhub {
  jwt: "eyJhbGciOiJSUzI1NiJ9.eyJleHAiOiIxNzU4OTY2NTYyIiwiaXNzIjoid3d3LmJyb3dzZXJzdGFjay5jb20iLCJzdWIiOjI1ODY1MTIsInNjb3BlIjp7InByb2R1Y3QiOiJzZGsiLCJ1c2VyX2FjY2VzcyI6eyJ0ZXN0X29ic2VydmFiaWxpdHkiOjEsImF1dG9tYXRlIjoxLCJhcHBfYXV0b21hdGUiOjEsInBlcmN5IjoxLCJhcHBfcGVyY3kiOjEsImFjY2Vzc2liaWxpdHlfdGVzdGluZyI6MCwiYXBwX2FjY2Vzc2liaWxpdHlfdGVzdGluZyI6MSwiYXV0b21hdGVfdHVyYm9zY2FsZSI6MSwibG93X2NvZGVfYXV0b21hdGlvbiI6MX0sImlhYW1fcm9sZSI6Im93bmVyIn0sImdyb3VwX2lkIjoyNTQ2MTUwLCJ0ZWFtX2lkIjpudWxsLCJ1ZGFjX2FjY2VzcyI6Imdsb2JhbCJ9.ZLS9AKdEHbG69wBVHo4SEAASQcXRFFWrITv3B97ukDwzB0V1MlBYK0HgRplota2ulD5FvK3j8YE3CbGI1OevT-8qQf1E6PuMqOnAaozPu_rwv4XN7tOfcgCs7TAJLw_X6QLL3Sry6ussBLQOid2impKSeV1QghmT3v6GaIHnDKQSZzaOT3_RbkaJIh97vndNCJtZoPeUPPWk5DJDqMsJc25vTrbZWm_NjdRWpat5pPM2OpnwaIe2oXaWbzutmlGyrL_ImogLvaH7SAf94gh662r8IYe4All-RpF-wPDxRqrZdSGFwpGXCWtCotGVe5YTtQj6gp1jRb_FmnRx8SGGAw"
  build_hashed_id: "r0umzxwn4p8veyngfpm5tty7nfxtekrvp5n4x5jq"
  testhub_events: true
}
observability {
  success: true
}
session_framework: "selenium"
test_orchestration {
  retry_tests_on_failure {
  }
  abort_build_on_failure {
  }
}

12:19:30.978 [main] DEBUG com.browserstack.v2.SdkCLI - loadBinResponse: configured module=WebdriverModule & b880346e-3fe7-4038-8250-62f5d4437788
12:19:30.978 [main] DEBUG com.browserstack.v2.SdkCLI - loadBinResponse: configured module=ObservabilityModule & b880346e-3fe7-4038-8250-62f5d4437788
12:19:30.978 [main] DEBUG com.browserstack.v2.SdkCLI - loadBinResponse: configured module=TestHubModule & b880346e-3fe7-4038-8250-62f5d4437788
12:19:30.986 [main] INFO  com.browserstack.v2.SdkCLI - startChild: child-process connected
12:19:30.991 [main] INFO  com.browserstack.v2.SdkCLI - startMain: main-process connected
12:19:34.771 [main] INFO  c.browserstack.BrowserStackJavaAgent - Project and debug logs are captured by default. To disable, set disableAutoCaptureLogs: true in config.
12:19:34.783 [main] INFO  com.browserstack.testOps.Listener - onStart: CLI is active
12:19:34.959 [main] DEBUG com.browserstack.v2.SdkCLI - Setting up testng framework
12:19:34.960 [main] DEBUG com.browserstack.v2.SdkCLI - Setting up selenium framework
12:19:35.054 [main] INFO  com.browserstack.testOps.Listener - logCreated: CLI is active
12:19:35.064 [TestNG-tests-1] INFO  c.b.v2.framework.TestNgFramework - trackTestNgTest: saved instance contextId=499981248 target=testng-browserstack-master-0@0 instances=[499981248]
12:19:35.064 [TestNG-tests-1] INFO  c.b.v2.framework.TestNgFramework - trackEvent: found instance, testFrameworkState=TestFrameworkState.INIT_TEST hookState=HookState.PRE instance=499981248
12:19:35.064 [TestNG-tests-1] INFO  c.b.v2.framework.TestNgFramework - trackEvent: loaded instance, testFrameworkState=TestFrameworkState.INIT_TEST hookState=HookState.PRE instance=499981248
12:19:35.075 [testng-browserstack-master-0@0] INFO  c.b.v2.framework.TestNgFramework - trackEvent: found instance, testFrameworkState=TestFrameworkState.BEFORE_METHOD hookState=HookState.PRE instance=499981248
12:19:35.075 [testng-browserstack-master-0@0] INFO  c.b.v2.framework.TestNgFramework - trackEvent: loaded common test data, testFrameworkState=TestFrameworkState.BEFORE_METHOD hookState=HookState.PRE instance=499981248
12:19:35.075 [testng-browserstack-master-0@0] INFO  c.b.v2.framework.TestNgFramework - trackEvent: track hook events
12:19:35.083 [testng-browserstack-master-0@0] INFO  c.b.v2.framework.TestNgFramework - args CHECK = [TestResult name=setUp status=STARTED method=SeleniumTest.setUp()[pri:0, instance:com.browserstack.BStackDemoTest@720bf653] output={null}]
12:19:35.085 [testng-browserstack-master-0@0] INFO  c.b.v2.framework.TestNgFramework - Hook Started in PRE key = BEFORE_METHOD & hook = {hook_name=setUp, hook_result=pending, test_file_path=testng-browserstack-master/src/test/java/com/browserstack/BStackDemoTest.java, event_started_at=2025-09-27T12:19:35.085, hook_id=d22d9904-6c99-431a-8a39-7c434d9ebb84, hook_logs=[], key=BEFORE_METHOD, custom_metadata={}, test_location=testng-browserstack-master/src/test/java/com/browserstack/BStackDemoTest.java}  and args = [[TestResult name=setUp status=STARTED method=SeleniumTest.setUp()[pri:0, instance:com.browserstack.BStackDemoTest@720bf653] output={null}], SeleniumTest.setUp()[pri:0, instance:com.browserstack.BStackDemoTest@720bf653]]
12:19:35.085 [testng-browserstack-master-0@0] INFO  c.b.v2.framework.TestNgFramework - trackHookEvents: hook state=BEFORE_METHOD.HookState.PRE , hooks started={BEFORE_METHOD=[{hook_name=setUp, hook_result=pending, test_file_path=testng-browserstack-master/src/test/java/com/browserstack/BStackDemoTest.java, event_started_at=2025-09-27T12:19:35.085, hook_id=d22d9904-6c99-431a-8a39-7c434d9ebb84, hook_logs=[], key=BEFORE_METHOD, custom_metadata={}, test_location=testng-browserstack-master/src/test/java/com/browserstack/BStackDemoTest.java}]} , hooks finished={BEFORE_METHOD=[]}
12:19:35.094 [testng-browserstack-master-0@0] INFO  c.b.v2.module.TestHubModule - sendTestFrameworkEvent: event=com.browserstack.v2.eventBus.Event@224b81b0, response=success: true

12:19:35.197 [setUp@0] INFO  c.b.v2.framework.TestNgFramework - trackEvent: found instance, testFrameworkState=TestFrameworkState.LOG hookState=HookState.PRE instance=499981248
12:19:35.197 [setUp@0] INFO  c.b.v2.framework.TestNgFramework - trackEvent: load log entries
12:19:35.205 [setUp@0] INFO  c.b.v2.module.TestHubModule - sendLogCreatedEvent: event=com.browserstack.v2.eventBus.Event@727bc3b6, response=success: true

12:19:35.206 [setUp@0] INFO  c.b.v2.module.TestHubModule - sendLogCreatedEvent: event=com.browserstack.v2.eventBus.Event@727bc3b6
12:19:35.209 [setUp@0] INFO  c.b.v2.framework.TestNgFramework - trackEvent: found instance, testFrameworkState=TestFrameworkState.LOG hookState=HookState.PRE instance=499981248
12:19:35.209 [setUp@0] INFO  c.b.v2.framework.TestNgFramework - trackEvent: load log entries
12:19:35.211 [setUp@0] INFO  c.b.v2.module.TestHubModule - sendLogCreatedEvent: event=com.browserstack.v2.eventBus.Event@31bb82aa, response=success: true

12:19:35.212 [setUp@0] INFO  c.b.v2.module.TestHubModule - sendLogCreatedEvent: event=com.browserstack.v2.eventBus.Event@31bb82aa
12:19:35.216 [setUp@0] INFO  c.b.v2.framework.TestNgFramework - trackEvent: found instance, testFrameworkState=TestFrameworkState.LOG hookState=HookState.PRE instance=499981248
12:19:35.216 [setUp@0] INFO  c.b.v2.framework.TestNgFramework - trackEvent: load log entries
12:19:35.218 [setUp@0] INFO  c.b.v2.module.TestHubModule - sendLogCreatedEvent: event=com.browserstack.v2.eventBus.Event@12fc1a36, response=success: true

12:19:35.218 [setUp@0] INFO  c.b.v2.module.TestHubModule - sendLogCreatedEvent: event=com.browserstack.v2.eventBus.Event@12fc1a36
12:19:35.243 [setUp@0] INFO  c.b.v2.framework.TestNgFramework - trackEvent: found instance, testFrameworkState=TestFrameworkState.LOG hookState=HookState.PRE instance=499981248
12:19:35.243 [setUp@0] INFO  c.b.v2.framework.TestNgFramework - trackEvent: load log entries
12:19:35.246 [setUp@0] INFO  c.b.v2.module.TestHubModule - sendLogCreatedEvent: event=com.browserstack.v2.eventBus.Event@31da69d6, response=success: true

12:19:35.246 [setUp@0] INFO  c.b.v2.module.TestHubModule - sendLogCreatedEvent: event=com.browserstack.v2.eventBus.Event@31da69d6
12:19:35.408 [setUp@0] INFO  c.b.v2.framework.SeleniumFramework - trackSeleniumTest: saved instance contextId=-329984137 target=3835:59 instances=[-329984137]
12:19:35.408 [setUp@0] INFO  c.b.v2.module.WebdriverModule - onBeforeDriverCreate: event=com.browserstack.v2.eventBus.Event@252e1943
12:19:35.413 [setUp@0] INFO  c.b.v2.module.WebdriverModule - onBeforeDriverCreate: event=com.browserstack.v2.eventBus.Event@252e1943
12:19:35.454 [setUp@0] INFO  c.b.v2.module.WebdriverModule - beforeCommandExecute: event=com.browserstack.v2.eventBus.Event@19a39793
12:19:35.454 [setUp@0] INFO  c.b.v2.module.WebdriverModule - beforeCommandExecute: event=com.browserstack.v2.eventBus.Event@19a39793
12:19:42.853 [setUp@0] INFO  c.b.v2.module.WebdriverModule - afterCommandExecute: event=com.browserstack.v2.eventBus.Event@285e31b6
12:19:42.853 [setUp@0] INFO  c.b.v2.module.WebdriverModule - afterCommandExecute: event=com.browserstack.v2.eventBus.Event@285e31b6
12:19:42.853 [setUp@0] INFO  c.b.v2.module.ObservabilityModule - THREAD ID Inside Process= 59
12:19:42.853 [setUp@0] INFO  c.b.v2.module.ObservabilityModule - Processing TestLevel attachments from directory: /Users/arjun/.browserstack/UploadedAttachments-59/TestLevel
12:19:42.853 [setUp@0] INFO  c.b.v2.module.ObservabilityModule - Processing BuildLevel attachments from directory: /Users/arjun/.browserstack/UploadedAttachments-59/BuildLevel
12:19:42.853 [setUp@0] INFO  c.b.v2.module.ObservabilityModule - Processing attachments eventLogs: []
12:19:42.854 [setUp@0] INFO  c.b.v2.module.ObservabilityModule - sendLogCreatedEvent: No Log Events to send
12:19:42.859 [setUp@0] INFO  c.b.v2.framework.SeleniumFramework - trackSeleniumTest: saved instance contextId=-329984137 target=3835:59 instances=[-329984137]
12:19:42.859 [setUp@0] INFO  c.b.v2.module.WebdriverModule - onDriverCreated: event=com.browserstack.v2.eventBus.Event@36f04581
12:19:42.859 [setUp@0] INFO  c.b.v2.module.WebdriverModule - Found session id=b15d8087bf3abb6ee957c0bdd81c7144ecfab311 for instance=com.browserstack.v2.instance.AutomationFrameworkInstance@35ebe8f3
12:19:42.860 [setUp@0] INFO  c.b.v2.module.WebdriverModule - Driver added successfully to automationFramework
12:19:42.864 [setUp@0] ERROR c.b.v2.module.WebdriverModule - Error AutomationFrameworkStart to start driver with error java.lang.ClassCastException: class java.lang.Object cannot be cast to class browserstack.sdk.v1.Sdk$AutomationFrameworkStartResponse (java.lang.Object is in module java.base of loader 'bootstrap'; browserstack.sdk.v1.Sdk$AutomationFrameworkStartResponse is in unnamed module of loader 'app')
	at com.browserstack.v2.module.WebdriverModule.startDriver(Unknown Source)
	at com.browserstack.v2.module.WebdriverModule.onDriverCreated(Unknown Source)
	at com.browserstack.v2.eventBus.EventDispatcher.notifyModuleObservers(Unknown Source)
	at com.browserstack.v2.framework.AutomationFramework.runHooks(Unknown Source)
	at com.browserstack.v2.framework.SeleniumFramework.trackEvent(Unknown Source)
	at com.browserstack.selenium.SeleniumHandler.persistDriverInstance(Unknown Source)
	at com.browserstack.selenium.SeleniumHandler.afterDriverInit(Unknown Source)
	at org.openqa.selenium.remote.RemoteWebDriver.<init>(RemoteWebDriver.java:174)
	at org.openqa.selenium.chromium.ChromiumDriver.<init>(ChromiumDriver.java:108)
	at org.openqa.selenium.chrome.ChromeDriver.<init>(ChromeDriver.java:106)
	at org.openqa.selenium.chrome.ChromeDriver.<init>(ChromeDriver.java:93)
	at org.openqa.selenium.chrome.ChromeDriver.<init>(ChromeDriver.java:82)
	at com.browserstack.SeleniumTest.setUp(SeleniumTest.java:17)
	at java.base/jdk.internal.reflect.DirectMethodHandleAccessor.invoke(DirectMethodHandleAccessor.java:104)
	at java.base/java.lang.reflect.Method.invoke(Method.java:565)
	at org.testng.internal.MethodInvocationHelper.invokeMethod(MethodInvocationHelper.java:133)
	at org.testng.internal.MethodInvocationHelper.invokeMethodConsideringTimeout(MethodInvocationHelper.java:62)
	at org.testng.internal.ConfigInvoker.invokeConfigurationMethod(ConfigInvoker.java:385)
	at org.testng.internal.ConfigInvoker.invokeConfigurations(ConfigInvoker.java:321)
	at org.testng.internal.TestInvoker.runConfigMethods(TestInvoker.java:700)
	at org.testng.internal.TestInvoker.invokeMethod(TestInvoker.java:527)
	at org.testng.internal.TestInvoker.invokeTestMethod(TestInvoker.java:173)
	at org.testng.internal.MethodRunner.runInSequence(MethodRunner.java:46)
	at org.testng.internal.TestInvoker$MethodInvocationAgent.invoke(TestInvoker.java:824)
	at org.testng.internal.TestInvoker.invokeTestMethods(TestInvoker.java:146)
	at org.testng.internal.TestMethodWorker.invokeTestMethods(TestMethodWorker.java:146)
	at org.testng.internal.TestMethodWorker.run(TestMethodWorker.java:128)
	at java.base/java.util.ArrayList.forEach(ArrayList.java:1604)
	at org.testng.TestRunner.privateRun(TestRunner.java:794)
	at org.testng.TestRunner.run(TestRunner.java:596)
	at org.testng.SuiteRunner.runTest(SuiteRunner.java:377)
	at org.testng.SuiteRunner.access$000(SuiteRunner.java:28)
	at org.testng.SuiteRunner$SuiteWorker.run(SuiteRunner.java:418)
	at org.testng.internal.thread.ThreadUtil.lambda$execute$0(ThreadUtil.java:64)
	at java.base/java.util.concurrent.FutureTask.run$$$capture(FutureTask.java:328)
	at java.base/java.util.concurrent.FutureTask.run(FutureTask.java)
	at --- Async.Stack.Trace --- (captured by IntelliJ IDEA debugger)
	at java.base/java.util.concurrent.FutureTask.<init>(FutureTask.java:134)
	at java.base/java.util.concurrent.AbstractExecutorService.newTaskFor(AbstractExecutorService.java:113)
	at java.base/java.util.concurrent.AbstractExecutorService.invokeAll(AbstractExecutorService.java:305)
	at org.testng.internal.thread.ThreadUtil.execute(ThreadUtil.java:70)
	at org.testng.SuiteRunner.runInParallelTestMode(SuiteRunner.java:397)
	at org.testng.SuiteRunner.privateRun(SuiteRunner.java:330)
	at org.testng.SuiteRunner.run(SuiteRunner.java:276)
	at org.testng.SuiteRunnerWorker.runSuite(SuiteRunnerWorker.java:53)
	at org.testng.SuiteRunnerWorker.run(SuiteRunnerWorker.java:96)
	at org.testng.TestNG.runSuitesSequentially(TestNG.java:1212)
	at org.testng.TestNG.runSuitesLocally(TestNG.java:1134)
	at org.testng.TestNG.runSuites(TestNG.java:1063)
	at org.testng.TestNG.run(TestNG.java:1031)
	at com.intellij.rt.testng.IDEARemoteTestNG.run(IDEARemoteTestNG.java:65)
	at com.intellij.rt.testng.RemoteTestNGStarter.main(RemoteTestNGStarter.java:105)

12:19:42.864 [setUp@0] INFO  c.b.v2.module.WebdriverModule - onDriverCreated: event=com.browserstack.v2.eventBus.Event@36f04581
12:19:42.864 [setUp@0] INFO  c.b.v2.module.WebdriverModule - Found session id=b15d8087bf3abb6ee957c0bdd81c7144ecfab311 for instance=com.browserstack.v2.instance.AutomationFrameworkInstance@35ebe8f3
12:19:42.865 [setUp@0] INFO  c.b.v2.module.WebdriverModule - Driver added successfully to automationFramework
12:19:42.888 [setUp@0] INFO  c.b.v2.framework.TestNgFramework - trackEvent: found instance, testFrameworkState=TestFrameworkState.BEFORE_METHOD hookState=HookState.POST instance=499981248
12:19:42.888 [setUp@0] INFO  c.b.v2.framework.TestNgFramework - trackEvent: loaded common test data, testFrameworkState=TestFrameworkState.BEFORE_METHOD hookState=HookState.POST instance=499981248
12:19:42.888 [setUp@0] INFO  c.b.v2.framework.TestNgFramework - trackEvent: track hook events
12:19:42.891 [setUp@0] INFO  c.b.v2.framework.TestNgFramework - args CHECK = [TestResult name=setUp status=SUCCESS method=SeleniumTest.setUp()[pri:0, instance:com.browserstack.BStackDemoTest@720bf653] output={null}]
12:19:42.891 [setUp@0] INFO  c.b.v2.framework.TestNgFramework - Hook List in Post [{hook_name=setUp, hook_result=pending, test_file_path=testng-browserstack-master/src/test/java/com/browserstack/BStackDemoTest.java, event_started_at=2025-09-27T12:19:35.085, hook_id=d22d9904-6c99-431a-8a39-7c434d9ebb84, hook_logs=[], key=BEFORE_METHOD, custom_metadata={}, test_location=testng-browserstack-master/src/test/java/com/browserstack/BStackDemoTest.java}] and args = [[TestResult name=setUp status=SUCCESS method=SeleniumTest.setUp()[pri:0, instance:com.browserstack.BStackDemoTest@720bf653] output={null}], SeleniumTest.setUp()[pri:0, instance:com.browserstack.BStackDemoTest@720bf653]]
12:19:42.891 [setUp@0] INFO  c.b.v2.framework.TestNgFramework - Processing HookLevel attachments from directory: /Users/arjun/.browserstack/UploadedAttachments-59/HookLevel
12:19:42.891 [setUp@0] INFO  c.b.v2.framework.TestNgFramework - Checking hookLevelFiles: []
12:19:42.892 [setUp@0] INFO  c.b.v2.framework.TestNgFramework - checking Paths of files = /Users/arjun/.browserstack/UploadedAttachments-59/HookLevel/BuildLevelHookEvent and abs path = /Users/arjun/.browserstack/UploadedAttachments-59/HookLevel/BuildLevelHookEvent 
12:19:42.892 [setUp@0] INFO  c.b.v2.framework.TestNgFramework - Processing BuildLevelHookEvent attachments from directory: /Users/arjun/.browserstack/UploadedAttachments-59/HookLevel/BuildLevelHookEvent
12:19:42.892 [setUp@0] INFO  c.b.v2.framework.TestNgFramework - Processing TestLevel attachments eventLogs: []
12:19:42.892 [setUp@0] INFO  c.b.v2.framework.TestNgFramework - sendLogCreatedEvent: No Log Events to send
12:19:42.892 [setUp@0] INFO  c.b.v2.framework.TestNgFramework - trackHookEvents: hook state=BEFORE_METHOD.HookState.POST , hooks started={BEFORE_METHOD=[]} , hooks finished={BEFORE_METHOD=[{hook_name=setUp, hook_result=passed, test_file_path=testng-browserstack-master/src/test/java/com/browserstack/BStackDemoTest.java, event_started_at=2025-09-27T12:19:35.085, hook_id=d22d9904-6c99-431a-8a39-7c434d9ebb84, hook_logs=[], logs=[], key=BEFORE_METHOD, custom_metadata={}, event_ended_at=2025-09-27T12:19:42.891858, test_location=testng-browserstack-master/src/test/java/com/browserstack/BStackDemoTest.java}]}
12:19:42.895 [setUp@0] INFO  c.b.v2.module.TestHubModule - sendTestFrameworkEvent: event=com.browserstack.v2.eventBus.Event@5d2ac4d1, response=success: true

12:19:42.910 [setUp@0] INFO  c.b.v2.framework.TestNgFramework - trackEvent: found instance, testFrameworkState=TestFrameworkState.TEST hookState=HookState.PRE instance=499981248
12:19:42.912 [setUp@0] INFO  c.b.v2.framework.TestNgFramework - trackEvent: loaded initial test data to instance, testFrameworkState=TestFrameworkState.TEST hookState=HookState.PRE instance=499981248 instanceThreadId=59 testResult=testng-browserstack-master-0 testData={test_uuid=05677328-8bc0-4ced-87db-ce18a3f0daa9, test_file_path=src/test/java/com/browserstack/BStackDemoTest.java, test_scope=Default Suite.com.browserstack.BStackDemoTest, test_meta={}, test_scopes=[Default Suite, com.browserstack.BStackDemoTest], test_code=public void com.browserstack.BStackDemoTest.addProductToCart() throws java.lang.Exception, test_session_name=com.browserstack.BStackDemoTest-addProductToCart, test_name=addProductToCart, test_tags=, custom_metadata={}, test_id=testng-browserstack-master-0@0, test_location=src/test/java/com/browserstack/BStackDemoTest.java}
12:19:42.913 [setUp@0] INFO  c.b.v2.module.WebdriverModule - onBeforeTest: event=com.browserstack.v2.eventBus.Event@56c6155e
12:19:42.913 [setUp@0] INFO  c.b.v2.module.WebdriverModule - onBeforeTest: event=com.browserstack.v2.eventBus.Event@56c6155e
12:19:42.913 [setUp@0] INFO  c.b.v2.module.TestHubModule - onBeforeTest: event={com.browserstack.v2.eventBus.Event@56c6155e}
12:19:42.935 [setUp@0] INFO  c.b.v2.module.TestHubModule - sendTestSessionEvent: event=com.browserstack.v2.eventBus.Event@56c6155e, response=success: true

12:19:42.941 [setUp@0] INFO  c.b.v2.module.TestHubModule - sendTestFrameworkEvent: event=com.browserstack.v2.eventBus.Event@56c6155e, response=success: true

12:19:42.943 [setUp@0] INFO  c.b.v2.module.ObservabilityModule - onBeforeTest: event={instance=com.browserstack.v2.instance.TestFrameworkInstance@59c48e0f, testFrameworkState=TestFrameworkState.TEST, testInstance=com.browserstack.v2.instance.TestFrameworkInstance@59c48e0f, autoInstance=[com.browserstack.v2.instance.AutomationFrameworkInstance@35ebe8f3], hookState=HookState.PRE}
12:19:42.944 [setUp@0] INFO  c.b.v2.module.ObservabilityModule - performTestReportingSync: Performing TEST REPORTING AND ANALYTICS Sync
12:19:42.976 [addProductToCart@0] INFO  c.b.v2.module.WebdriverModule - beforeCommandExecute: event=com.browserstack.v2.eventBus.Event@353bb8c7
12:19:42.976 [addProductToCart@0] INFO  c.b.v2.module.WebdriverModule - beforeCommandExecute: event=com.browserstack.v2.eventBus.Event@353bb8c7
12:19:45.131 [addProductToCart@0] INFO  c.b.v2.module.WebdriverModule - afterCommandExecute: event=com.browserstack.v2.eventBus.Event@3b9c1a5
12:19:45.131 [addProductToCart@0] INFO  c.b.v2.module.WebdriverModule - afterCommandExecute: event=com.browserstack.v2.eventBus.Event@3b9c1a5
12:19:45.131 [addProductToCart@0] INFO  c.b.v2.module.ObservabilityModule - THREAD ID Inside Process= 59
12:19:45.131 [addProductToCart@0] INFO  c.b.v2.module.ObservabilityModule - Processing TestLevel attachments from directory: /Users/arjun/.browserstack/UploadedAttachments-59/TestLevel
12:19:45.131 [addProductToCart@0] INFO  c.b.v2.module.ObservabilityModule - Processing BuildLevel attachments from directory: /Users/arjun/.browserstack/UploadedAttachments-59/BuildLevel
12:19:45.132 [addProductToCart@0] INFO  c.b.v2.module.ObservabilityModule - Processing attachments eventLogs: []
12:19:45.132 [addProductToCart@0] INFO  c.b.v2.module.ObservabilityModule - sendLogCreatedEvent: No Log Events to send
12:19:45.134 [addProductToCart@0] INFO  c.b.v2.module.WebdriverModule - beforeCommandExecute: event=com.browserstack.v2.eventBus.Event@f59d4a1
12:19:45.134 [addProductToCart@0] INFO  c.b.v2.module.WebdriverModule - beforeCommandExecute: event=com.browserstack.v2.eventBus.Event@f59d4a1
12:19:45.135 [addProductToCart@0] INFO  c.b.v2.module.WebdriverModule - beforeCommandExecute: event=com.browserstack.v2.eventBus.Event@40566663
12:19:45.135 [addProductToCart@0] INFO  c.b.v2.module.WebdriverModule - beforeCommandExecute: event=com.browserstack.v2.eventBus.Event@40566663
12:19:54.065 [addProductToCart@0] INFO  c.b.v2.module.WebdriverModule - afterCommandExecute: event=com.browserstack.v2.eventBus.Event@15b7c42c
12:19:54.065 [addProductToCart@0] INFO  c.b.v2.module.WebdriverModule - afterCommandExecute: event=com.browserstack.v2.eventBus.Event@15b7c42c
12:19:54.065 [addProductToCart@0] INFO  c.b.v2.module.ObservabilityModule - THREAD ID Inside Process= 59
12:19:54.066 [addProductToCart@0] INFO  c.b.v2.module.ObservabilityModule - Processing TestLevel attachments from directory: /Users/arjun/.browserstack/UploadedAttachments-59/TestLevel
12:19:54.066 [addProductToCart@0] INFO  c.b.v2.module.ObservabilityModule - Processing BuildLevel attachments from directory: /Users/arjun/.browserstack/UploadedAttachments-59/BuildLevel
12:19:54.066 [addProductToCart@0] INFO  c.b.v2.module.ObservabilityModule - Processing attachments eventLogs: []
12:19:54.066 [addProductToCart@0] INFO  c.b.v2.module.ObservabilityModule - sendLogCreatedEvent: No Log Events to send
12:19:54.070 [addProductToCart@0] INFO  c.b.v2.module.WebdriverModule - afterCommandExecute: event=com.browserstack.v2.eventBus.Event@21127f5e
12:19:54.070 [addProductToCart@0] INFO  c.b.v2.module.WebdriverModule - afterCommandExecute: event=com.browserstack.v2.eventBus.Event@21127f5e
12:19:54.070 [addProductToCart@0] INFO  c.b.v2.module.ObservabilityModule - THREAD ID Inside Process= 59
12:19:54.070 [addProductToCart@0] INFO  c.b.v2.module.ObservabilityModule - Processing TestLevel attachments from directory: /Users/arjun/.browserstack/UploadedAttachments-59/TestLevel
12:19:54.071 [addProductToCart@0] INFO  c.b.v2.module.ObservabilityModule - Processing BuildLevel attachments from directory: /Users/arjun/.browserstack/UploadedAttachments-59/BuildLevel
12:19:54.071 [addProductToCart@0] INFO  c.b.v2.module.ObservabilityModule - Processing attachments eventLogs: []
12:19:54.071 [addProductToCart@0] INFO  c.b.v2.module.ObservabilityModule - sendLogCreatedEvent: No Log Events to send
12:19:54.075 [addProductToCart@0] INFO  c.b.v2.module.WebdriverModule - beforeCommandExecute: event=com.browserstack.v2.eventBus.Event@58e34e20
12:19:54.075 [addProductToCart@0] INFO  c.b.v2.module.WebdriverModule - beforeCommandExecute: event=com.browserstack.v2.eventBus.Event@58e34e20
12:19:54.209 [addProductToCart@0] INFO  c.b.v2.module.WebdriverModule - afterCommandExecute: event=com.browserstack.v2.eventBus.Event@6de5a26c
12:19:54.209 [addProductToCart@0] INFO  c.b.v2.module.WebdriverModule - afterCommandExecute: event=com.browserstack.v2.eventBus.Event@6de5a26c
12:19:54.210 [addProductToCart@0] INFO  c.b.v2.module.ObservabilityModule - THREAD ID Inside Process= 59
12:19:54.210 [addProductToCart@0] INFO  c.b.v2.module.ObservabilityModule - Processing TestLevel attachments from directory: /Users/arjun/.browserstack/UploadedAttachments-59/TestLevel
12:19:54.210 [addProductToCart@0] INFO  c.b.v2.module.ObservabilityModule - Processing BuildLevel attachments from directory: /Users/arjun/.browserstack/UploadedAttachments-59/BuildLevel
12:19:54.210 [addProductToCart@0] INFO  c.b.v2.module.ObservabilityModule - Processing attachments eventLogs: []
12:19:54.210 [addProductToCart@0] INFO  c.b.v2.module.ObservabilityModule - sendLogCreatedEvent: No Log Events to send
12:19:54.212 [addProductToCart@0] INFO  c.b.v2.module.WebdriverModule - beforeCommandExecute: event=com.browserstack.v2.eventBus.Event@1199ba14
12:19:54.212 [addProductToCart@0] INFO  c.b.v2.module.WebdriverModule - beforeCommandExecute: event=com.browserstack.v2.eventBus.Event@1199ba14
12:19:54.367 [addProductToCart@0] INFO  c.b.v2.module.WebdriverModule - afterCommandExecute: event=com.browserstack.v2.eventBus.Event@1e85f021
12:19:54.367 [addProductToCart@0] INFO  c.b.v2.module.WebdriverModule - afterCommandExecute: event=com.browserstack.v2.eventBus.Event@1e85f021
12:19:54.367 [addProductToCart@0] INFO  c.b.v2.module.ObservabilityModule - THREAD ID Inside Process= 59
12:19:54.367 [addProductToCart@0] INFO  c.b.v2.module.ObservabilityModule - Processing TestLevel attachments from directory: /Users/arjun/.browserstack/UploadedAttachments-59/TestLevel
12:19:54.367 [addProductToCart@0] INFO  c.b.v2.module.ObservabilityModule - Processing BuildLevel attachments from directory: /Users/arjun/.browserstack/UploadedAttachments-59/BuildLevel
12:19:54.367 [addProductToCart@0] INFO  c.b.v2.module.ObservabilityModule - Processing attachments eventLogs: []
12:19:54.367 [addProductToCart@0] INFO  c.b.v2.module.ObservabilityModule - sendLogCreatedEvent: No Log Events to send
12:19:54.370 [addProductToCart@0] INFO  c.b.v2.module.WebdriverModule - beforeCommandExecute: event=com.browserstack.v2.eventBus.Event@6f58817e
12:19:54.370 [addProductToCart@0] INFO  c.b.v2.module.WebdriverModule - beforeCommandExecute: event=com.browserstack.v2.eventBus.Event@6f58817e
12:19:54.455 [addProductToCart@0] INFO  c.b.v2.module.WebdriverModule - afterCommandExecute: event=com.browserstack.v2.eventBus.Event@78d5c76
12:19:54.455 [addProductToCart@0] INFO  c.b.v2.module.WebdriverModule - afterCommandExecute: event=com.browserstack.v2.eventBus.Event@78d5c76
12:19:54.455 [addProductToCart@0] INFO  c.b.v2.module.ObservabilityModule - THREAD ID Inside Process= 59
12:19:54.455 [addProductToCart@0] INFO  c.b.v2.module.ObservabilityModule - Processing TestLevel attachments from directory: /Users/arjun/.browserstack/UploadedAttachments-59/TestLevel
12:19:54.455 [addProductToCart@0] INFO  c.b.v2.module.ObservabilityModule - Processing BuildLevel attachments from directory: /Users/arjun/.browserstack/UploadedAttachments-59/BuildLevel
12:19:54.455 [addProductToCart@0] INFO  c.b.v2.module.ObservabilityModule - Processing attachments eventLogs: []
12:19:54.456 [addProductToCart@0] INFO  c.b.v2.module.ObservabilityModule - sendLogCreatedEvent: No Log Events to send
12:19:54.458 [addProductToCart@0] INFO  c.b.v2.module.WebdriverModule - beforeCommandExecute: event=com.browserstack.v2.eventBus.Event@7e22bc4
12:19:54.458 [addProductToCart@0] INFO  c.b.v2.module.WebdriverModule - beforeCommandExecute: event=com.browserstack.v2.eventBus.Event@7e22bc4
12:19:54.768 [addProductToCart@0] INFO  c.b.v2.module.WebdriverModule - afterCommandExecute: event=com.browserstack.v2.eventBus.Event@19f4ac49
12:19:54.769 [addProductToCart@0] INFO  c.b.v2.module.WebdriverModule - afterCommandExecute: event=com.browserstack.v2.eventBus.Event@19f4ac49
12:19:54.769 [addProductToCart@0] INFO  c.b.v2.module.ObservabilityModule - THREAD ID Inside Process= 59
12:19:54.769 [addProductToCart@0] INFO  c.b.v2.module.ObservabilityModule - Processing TestLevel attachments from directory: /Users/arjun/.browserstack/UploadedAttachments-59/TestLevel
12:19:54.769 [addProductToCart@0] INFO  c.b.v2.module.ObservabilityModule - Processing BuildLevel attachments from directory: /Users/arjun/.browserstack/UploadedAttachments-59/BuildLevel
12:19:54.769 [addProductToCart@0] INFO  c.b.v2.module.ObservabilityModule - Processing attachments eventLogs: []
12:19:54.770 [addProductToCart@0] INFO  c.b.v2.module.ObservabilityModule - sendLogCreatedEvent: No Log Events to send
12:19:54.775 [addProductToCart@0] INFO  c.b.v2.module.WebdriverModule - beforeCommandExecute: event=com.browserstack.v2.eventBus.Event@17aa0d6b
12:19:54.775 [addProductToCart@0] INFO  c.b.v2.module.WebdriverModule - beforeCommandExecute: event=com.browserstack.v2.eventBus.Event@17aa0d6b
12:19:54.875 [addProductToCart@0] INFO  c.b.v2.module.WebdriverModule - afterCommandExecute: event=com.browserstack.v2.eventBus.Event@73e41084
12:19:54.875 [addProductToCart@0] INFO  c.b.v2.module.WebdriverModule - afterCommandExecute: event=com.browserstack.v2.eventBus.Event@73e41084
12:19:54.875 [addProductToCart@0] INFO  c.b.v2.module.ObservabilityModule - THREAD ID Inside Process= 59
12:19:54.875 [addProductToCart@0] INFO  c.b.v2.module.ObservabilityModule - Processing TestLevel attachments from directory: /Users/arjun/.browserstack/UploadedAttachments-59/TestLevel
12:19:54.876 [addProductToCart@0] INFO  c.b.v2.module.ObservabilityModule - Processing BuildLevel attachments from directory: /Users/arjun/.browserstack/UploadedAttachments-59/BuildLevel
12:19:54.876 [addProductToCart@0] INFO  c.b.v2.module.ObservabilityModule - Processing attachments eventLogs: []
12:19:54.876 [addProductToCart@0] INFO  c.b.v2.module.ObservabilityModule - sendLogCreatedEvent: No Log Events to send
12:19:54.880 [addProductToCart@0] INFO  c.b.v2.module.WebdriverModule - beforeCommandExecute: event=com.browserstack.v2.eventBus.Event@5fc6a1f7
12:19:54.880 [addProductToCart@0] INFO  c.b.v2.module.WebdriverModule - beforeCommandExecute: event=com.browserstack.v2.eventBus.Event@5fc6a1f7
12:19:55.004 [addProductToCart@0] INFO  c.b.v2.module.WebdriverModule - afterCommandExecute: event=com.browserstack.v2.eventBus.Event@2ec88fb
12:19:55.004 [addProductToCart@0] INFO  c.b.v2.module.WebdriverModule - afterCommandExecute: event=com.browserstack.v2.eventBus.Event@2ec88fb
12:19:55.004 [addProductToCart@0] INFO  c.b.v2.module.ObservabilityModule - THREAD ID Inside Process= 59
12:19:55.005 [addProductToCart@0] INFO  c.b.v2.module.ObservabilityModule - Processing TestLevel attachments from directory: /Users/arjun/.browserstack/UploadedAttachments-59/TestLevel
12:19:55.005 [addProductToCart@0] INFO  c.b.v2.module.ObservabilityModule - Processing BuildLevel attachments from directory: /Users/arjun/.browserstack/UploadedAttachments-59/BuildLevel
12:19:55.005 [addProductToCart@0] INFO  c.b.v2.module.ObservabilityModule - Processing attachments eventLogs: []
12:19:55.005 [addProductToCart@0] INFO  c.b.v2.module.ObservabilityModule - sendLogCreatedEvent: No Log Events to send
12:19:55.009 [addProductToCart@0] INFO  c.b.v2.module.WebdriverModule - beforeCommandExecute: event=com.browserstack.v2.eventBus.Event@29f6ef85
12:19:55.009 [addProductToCart@0] INFO  c.b.v2.module.WebdriverModule - beforeCommandExecute: event=com.browserstack.v2.eventBus.Event@29f6ef85
12:19:55.241 [addProductToCart@0] INFO  c.b.v2.module.WebdriverModule - afterCommandExecute: event=com.browserstack.v2.eventBus.Event@3ba564d4
12:19:55.241 [addProductToCart@0] INFO  c.b.v2.module.WebdriverModule - afterCommandExecute: event=com.browserstack.v2.eventBus.Event@3ba564d4
12:19:55.241 [addProductToCart@0] INFO  c.b.v2.module.ObservabilityModule - THREAD ID Inside Process= 59
12:19:55.241 [addProductToCart@0] INFO  c.b.v2.module.ObservabilityModule - Processing TestLevel attachments from directory: /Users/arjun/.browserstack/UploadedAttachments-59/TestLevel
12:19:55.241 [addProductToCart@0] INFO  c.b.v2.module.ObservabilityModule - Processing BuildLevel attachments from directory: /Users/arjun/.browserstack/UploadedAttachments-59/BuildLevel
12:19:55.241 [addProductToCart@0] INFO  c.b.v2.module.ObservabilityModule - Processing attachments eventLogs: []
12:19:55.241 [addProductToCart@0] INFO  c.b.v2.module.ObservabilityModule - sendLogCreatedEvent: No Log Events to send
12:19:55.248 [addProductToCart@0] INFO  c.b.v2.module.WebdriverModule - beforeCommandExecute: event=com.browserstack.v2.eventBus.Event@4a65f98d
12:19:55.248 [addProductToCart@0] INFO  c.b.v2.module.WebdriverModule - beforeCommandExecute: event=com.browserstack.v2.eventBus.Event@4a65f98d
12:19:55.317 [addProductToCart@0] INFO  c.b.v2.module.WebdriverModule - afterCommandExecute: event=com.browserstack.v2.eventBus.Event@1ad3498f
12:19:55.317 [addProductToCart@0] INFO  c.b.v2.module.WebdriverModule - afterCommandExecute: event=com.browserstack.v2.eventBus.Event@1ad3498f
12:19:55.317 [addProductToCart@0] INFO  c.b.v2.module.ObservabilityModule - THREAD ID Inside Process= 59
12:19:55.317 [addProductToCart@0] INFO  c.b.v2.module.ObservabilityModule - Processing TestLevel attachments from directory: /Users/arjun/.browserstack/UploadedAttachments-59/TestLevel
12:19:55.317 [addProductToCart@0] INFO  c.b.v2.module.ObservabilityModule - Processing BuildLevel attachments from directory: /Users/arjun/.browserstack/UploadedAttachments-59/BuildLevel
12:19:55.317 [addProductToCart@0] INFO  c.b.v2.module.ObservabilityModule - Processing attachments eventLogs: []
12:19:55.317 [addProductToCart@0] INFO  c.b.v2.module.ObservabilityModule - sendLogCreatedEvent: No Log Events to send
12:19:55.320 [addProductToCart@0] INFO  c.b.v2.framework.TestNgFramework - trackEvent: found instance, testFrameworkState=TestFrameworkState.LOG_REPORT hookState=HookState.PRE instance=499981248
12:19:55.321 [addProductToCart@0] INFO  c.b.v2.framework.TestNgFramework - trackEvent: found instance, testFrameworkState=TestFrameworkState.LOG_REPORT hookState=HookState.POST instance=499981248
12:19:55.321 [addProductToCart@0] INFO  c.b.v2.framework.TestNgFramework - trackEvent: load test results
12:19:55.321 [addProductToCart@0] INFO  c.b.v2.framework.TestNgFramework - trackEvent: found instance, testFrameworkState=TestFrameworkState.TEST hookState=HookState.POST instance=499981248
12:19:55.321 [addProductToCart@0] INFO  c.b.v2.module.WebdriverModule - onAfterTest: event=com.browserstack.v2.eventBus.Event@3ef08036
12:19:55.321 [addProductToCart@0] INFO  c.b.utils.SeleniumMethodUtils - Session Name ID status marking: b15d8087bf3abb6ee957c0bdd81c7144ecfab311
12:19:55.770 [addProductToCart@0] INFO  c.b.utils.SeleniumMethodUtils - Session ID status marking: b15d8087bf3abb6ee957c0bdd81c7144ecfab311
12:19:56.284 [addProductToCart@0] INFO  c.b.v2.module.WebdriverModule - onAfterTest: event=com.browserstack.v2.eventBus.Event@3ef08036
12:19:56.284 [addProductToCart@0] INFO  c.b.utils.SeleniumMethodUtils - Session Name ID status marking: b15d8087bf3abb6ee957c0bdd81c7144ecfab311
12:19:56.690 [addProductToCart@0] INFO  c.b.utils.SeleniumMethodUtils - Session ID status marking: b15d8087bf3abb6ee957c0bdd81c7144ecfab311
12:19:57.204 [addProductToCart@0] INFO  c.b.v2.module.TestHubModule - sendTestFrameworkEvent: event=com.browserstack.v2.eventBus.Event@3ef08036, response=success: true

12:19:57.207 [addProductToCart@0] INFO  c.b.v2.framework.TestNgFramework - trackEvent: found instance, testFrameworkState=TestFrameworkState.AFTER_METHOD hookState=HookState.PRE instance=499981248
12:19:57.207 [addProductToCart@0] INFO  c.b.v2.framework.TestNgFramework - trackEvent: track hook events
12:19:57.211 [addProductToCart@0] INFO  c.b.v2.framework.TestNgFramework - args CHECK = [TestResult name=tearDown status=STARTED method=SeleniumTest.tearDown()[pri:0, instance:com.browserstack.BStackDemoTest@720bf653] output={null}]
12:19:57.211 [addProductToCart@0] INFO  c.b.v2.framework.TestNgFramework - Hook Started in PRE key = AFTER_METHOD & hook = {hook_name=tearDown, hook_result=pending, test_file_path=testng-browserstack-master/src/test/java/com/browserstack/BStackDemoTest.java, event_started_at=2025-09-27T12:19:57.211542, hook_id=5f7eec68-6656-4c84-bc4f-d025307cf752, hook_logs=[], key=AFTER_METHOD, custom_metadata={}, test_location=testng-browserstack-master/src/test/java/com/browserstack/BStackDemoTest.java}  and args = [[TestResult name=tearDown status=STARTED method=SeleniumTest.tearDown()[pri:0, instance:com.browserstack.BStackDemoTest@720bf653] output={null}], SeleniumTest.tearDown()[pri:0, instance:com.browserstack.BStackDemoTest@720bf653]]
12:19:57.211 [addProductToCart@0] INFO  c.b.v2.framework.TestNgFramework - trackHookEvents: hook state=AFTER_METHOD.HookState.PRE , hooks started={AFTER_METHOD=[{hook_name=tearDown, hook_result=pending, test_file_path=testng-browserstack-master/src/test/java/com/browserstack/BStackDemoTest.java, event_started_at=2025-09-27T12:19:57.211542, hook_id=5f7eec68-6656-4c84-bc4f-d025307cf752, hook_logs=[], key=AFTER_METHOD, custom_metadata={}, test_location=testng-browserstack-master/src/test/java/com/browserstack/BStackDemoTest.java}]} , hooks finished={AFTER_METHOD=[]}
12:19:57.214 [addProductToCart@0] INFO  c.b.v2.module.TestHubModule - sendTestFrameworkEvent: event=com.browserstack.v2.eventBus.Event@5dbdbba6, response=success: true

12:19:57.218 [tearDown@0] INFO  c.b.v2.module.WebdriverModule - onDriverQuit: event=com.browserstack.v2.eventBus.Event@7a3b0df2
12:19:57.220 [tearDown@0] INFO  c.b.v2.module.WebdriverModule - onDriverQuit: event=com.browserstack.v2.eventBus.Event@7a3b0df2
12:19:57.229 [tearDown@0] INFO  c.b.v2.module.WebdriverModule - beforeCommandExecute: event=com.browserstack.v2.eventBus.Event@3edb20f8
12:19:57.229 [tearDown@0] INFO  c.b.v2.module.WebdriverModule - beforeCommandExecute: event=com.browserstack.v2.eventBus.Event@3edb20f8
12:19:57.229 [tearDown@0] INFO  c.b.v2.module.WebdriverModule - beforeCommandExecute: event=com.browserstack.v2.eventBus.Event@44f94b1
12:19:57.229 [tearDown@0] INFO  c.b.v2.module.WebdriverModule - beforeCommandExecute: event=com.browserstack.v2.eventBus.Event@44f94b1
12:19:58.578 [tearDown@0] INFO  c.b.v2.module.WebdriverModule - afterCommandExecute: event=com.browserstack.v2.eventBus.Event@c080d15
12:19:58.578 [tearDown@0] INFO  c.b.v2.module.WebdriverModule - afterCommandExecute: event=com.browserstack.v2.eventBus.Event@c080d15
12:19:58.578 [tearDown@0] INFO  c.b.v2.module.ObservabilityModule - THREAD ID Inside Process= 59
12:19:58.578 [tearDown@0] INFO  c.b.v2.module.ObservabilityModule - Processing TestLevel attachments from directory: /Users/arjun/.browserstack/UploadedAttachments-59/TestLevel
12:19:58.578 [tearDown@0] INFO  c.b.v2.module.ObservabilityModule - Processing BuildLevel attachments from directory: /Users/arjun/.browserstack/UploadedAttachments-59/BuildLevel
12:19:58.578 [tearDown@0] INFO  c.b.v2.module.ObservabilityModule - Processing attachments eventLogs: []
12:19:58.578 [tearDown@0] INFO  c.b.v2.module.ObservabilityModule - sendLogCreatedEvent: No Log Events to send
12:19:58.581 [tearDown@0] INFO  c.b.v2.module.WebdriverModule - afterCommandExecute: event=com.browserstack.v2.eventBus.Event@44bdeb80
12:19:58.581 [tearDown@0] INFO  c.b.v2.module.WebdriverModule - afterCommandExecute: event=com.browserstack.v2.eventBus.Event@44bdeb80
12:19:58.581 [tearDown@0] INFO  c.b.v2.module.ObservabilityModule - THREAD ID Inside Process= 59
12:19:58.581 [tearDown@0] INFO  c.b.v2.module.ObservabilityModule - Processing TestLevel attachments from directory: /Users/arjun/.browserstack/UploadedAttachments-59/TestLevel
12:19:58.581 [tearDown@0] INFO  c.b.v2.module.ObservabilityModule - Processing BuildLevel attachments from directory: /Users/arjun/.browserstack/UploadedAttachments-59/BuildLevel
12:19:58.581 [tearDown@0] INFO  c.b.v2.module.ObservabilityModule - Processing attachments eventLogs: []
12:19:58.581 [tearDown@0] INFO  c.b.v2.module.ObservabilityModule - sendLogCreatedEvent: No Log Events to send
12:19:58.582 [tearDown@0] INFO  c.b.v2.framework.TestNgFramework - trackEvent: found instance, testFrameworkState=TestFrameworkState.AFTER_METHOD hookState=HookState.POST instance=499981248
12:19:58.582 [tearDown@0] INFO  c.b.v2.framework.TestNgFramework - trackEvent: track hook events
12:19:58.586 [tearDown@0] INFO  c.b.v2.framework.TestNgFramework - args CHECK = [TestResult name=tearDown status=SUCCESS method=SeleniumTest.tearDown()[pri:0, instance:com.browserstack.BStackDemoTest@720bf653] output={null}]
12:19:58.586 [tearDown@0] INFO  c.b.v2.framework.TestNgFramework - Hook List in Post [{hook_name=tearDown, hook_result=pending, test_file_path=testng-browserstack-master/src/test/java/com/browserstack/BStackDemoTest.java, event_started_at=2025-09-27T12:19:57.211542, hook_id=5f7eec68-6656-4c84-bc4f-d025307cf752, hook_logs=[], key=AFTER_METHOD, custom_metadata={}, test_location=testng-browserstack-master/src/test/java/com/browserstack/BStackDemoTest.java}] and args = [[TestResult name=tearDown status=SUCCESS method=SeleniumTest.tearDown()[pri:0, instance:com.browserstack.BStackDemoTest@720bf653] output={null}], SeleniumTest.tearDown()[pri:0, instance:com.browserstack.BStackDemoTest@720bf653]]
12:19:58.586 [tearDown@0] INFO  c.b.v2.framework.TestNgFramework - Processing HookLevel attachments from directory: /Users/arjun/.browserstack/UploadedAttachments-59/HookLevel
12:19:58.586 [tearDown@0] INFO  c.b.v2.framework.TestNgFramework - Checking hookLevelFiles: []
12:19:58.586 [tearDown@0] INFO  c.b.v2.framework.TestNgFramework - checking Paths of files = /Users/arjun/.browserstack/UploadedAttachments-59/HookLevel/BuildLevelHookEvent and abs path = /Users/arjun/.browserstack/UploadedAttachments-59/HookLevel/BuildLevelHookEvent 
12:19:58.586 [tearDown@0] INFO  c.b.v2.framework.TestNgFramework - Processing BuildLevelHookEvent attachments from directory: /Users/arjun/.browserstack/UploadedAttachments-59/HookLevel/BuildLevelHookEvent
12:19:58.586 [tearDown@0] INFO  c.b.v2.framework.TestNgFramework - Processing TestLevel attachments eventLogs: []
12:19:58.586 [tearDown@0] INFO  c.b.v2.framework.TestNgFramework - sendLogCreatedEvent: No Log Events to send
12:19:58.587 [tearDown@0] INFO  c.b.v2.framework.TestNgFramework - trackHookEvents: hook state=AFTER_METHOD.HookState.POST , hooks started={AFTER_METHOD=[]} , hooks finished={AFTER_METHOD=[{hook_name=tearDown, hook_result=passed, test_file_path=testng-browserstack-master/src/test/java/com/browserstack/BStackDemoTest.java, event_started_at=2025-09-27T12:19:57.211542, hook_id=5f7eec68-6656-4c84-bc4f-d025307cf752, hook_logs=[], logs=[], key=AFTER_METHOD, custom_metadata={}, event_ended_at=2025-09-27T12:19:58.586576, test_location=testng-browserstack-master/src/test/java/com/browserstack/BStackDemoTest.java}]}
12:19:58.591 [tearDown@0] INFO  c.b.v2.module.TestHubModule - sendTestFrameworkEvent: event=com.browserstack.v2.eventBus.Event@998a824, response=success: true

12:19:59.545 [main] ERROR c.b.v2.framework.TestNgFramework - trackEvent: unable to find instance, testFrameworkState=TestFrameworkState.LOG hookState=HookState.PRE argsLength=2
12:19:59.547 [Thread-0] INFO  com.browserstack.testOps.Listener - onComplete: CLI is active
12:19:59.550 [Thread-0] INFO  com.browserstack.v2.SdkCLI - stop: cli stop triggered
12:20:07.861 [Thread-0] DEBUG com.browserstack.v2.SdkCLI - stop-bin-session=success: true
automate_buildlink: "https://automate.browserstack.com/dashboard/v2/builds/43f4b3ec2cd7fc98ee07bb177ca3fb81e3ddeeab"
hashed_id: "43f4b3ec2cd7fc98ee07bb177ca3fb81e3ddeeab"

12:20:07.868 [Thread-0] INFO  com.browserstack.v2.SdkCLI - stop: shutting down CLI
12:20:09.817 [Thread-0] INFO  c.browserstack.utils.UtilityMethods - Visit https://automation.browserstack.com/builds/r0umzxwn4p8veyngfpm5tty7nfxtekrvp5n4x5jq to view build report, insights, and many more debugging information all at one place!
12:20:09.817 [Thread-0] INFO  c.b.config.BrowserStackConfig - INFO
12:20:09.817 [Thread-0] INFO  c.browserstack.utils.UtilityMethods - View build on BrowserStack dashboard: https://automate.browserstack.com/dashboard/v2/builds/43f4b3ec2cd7fc98ee07bb177ca3fb81e3ddeeab
12:20:09.817 [Thread-0] INFO  c.b.config.BrowserStackConfig - INFO
12:20:09.819 [Thread-0] INFO  c.browserstack.BrowserStackJavaAgent - SDK run ended for id: 9a17d3ba-4743-4a22-8aa4-80dacd60f954, testhub id: r0umzxwn4p8veyngfpm5tty7nfxtekrvp5n4x5jq
12:20:09.819 [Thread-0] INFO  c.b.config.BrowserStackConfig - INFO
12:43:28.783 [main] DEBUG c.browserstack.BrowserStackJavaAgent - Extracted CLI argument from system : null
12:43:28.801 [main] INFO  c.browserstack.BrowserStackJavaAgent - Selenium version detected - 4.1.4
12:43:28.801 [main] INFO  c.browserstack.BrowserStackJavaAgent - Appium version detected - 
12:43:28.896 [main] DEBUG c.b.config.BrowserStackConfig - Cli Config passed - {}
12:43:28.898 [main] INFO  c.b.config.BrowserStackConfig - Detected Framework testng
12:43:29.326 [main] INFO  c.browserstack.BrowserStackJavaAgent - Framework set to testng
12:43:29.327 [main] INFO  c.browserstack.BrowserStackJavaAgent - SDK run started with id: 1835303a-361d-4715-a926-7cb52ef6fb23
12:43:29.327 [main] INFO  c.b.config.BrowserStackConfig - INFO
12:43:29.334 [main] DEBUG com.browserstack.v2.SdkCliUtils - File /Users/arjun/.browserstack already exist
12:43:29.336 [main] DEBUG com.browserstack.v2.SdkCliUtils - Current CLI Path Found: /Users/arjun/.browserstack/cli/binary-macos-arm64
12:43:30.862 [main] DEBUG com.browserstack.v2.SdkCliUtils - Resolved binary path: /Users/arjun/.browserstack/cli/binary-macos-arm64
12:43:30.863 [main] DEBUG com.browserstack.v2.SdkCLI - startMain: main-process starting
12:43:30.863 [main] INFO  com.browserstack.v2.SdkCLI - spawning command='/Users/arjun/.browserstack/cli/binary-macos-arm64' 'sdk' 'tcp'
12:43:31.154 [ForkJoinPool.commonPool-worker-1] INFO  com.browserstack.v2.SdkCLI - loadCLIParams: start binSessionId=a57b8a25-75d1-477c-bae2-e987c38833a9 listenAddress=127.0.0.1:5400
12:43:31.155 [main] DEBUG com.browserstack.v2.SdkCLI - startMain: main-process started
12:43:31.155 [main] DEBUG com.browserstack.v2.SdkCLI - startMain: main-process connecting {port=5400, listen=127.0.0.1:5400, id=a57b8a25-75d1-477c-bae2-e987c38833a9}
12:43:31.161 [main] DEBUG com.browserstack.v2.SdkCliUtils - File /Users/arjun/.browserstack already exist
12:43:39.360 [main] DEBUG com.browserstack.v2.SdkCLI - start-bin-session=bin_session_id: "a57b8a25-75d1-477c-bae2-e987c38833a9"
config: "{\"userName\":\"arjun153\",\"accessKey\":\"pBUjJCeGYhbsRaET7AUb\",\"framework\":\"testng\",\"platforms\":[{\"os\":\"Windows\",\"osVersion\":\"10\",\"browserName\":\"Chrome\",\"browserVersion\":\"136.0\"}],\"parallelsPerPlatform\":1,\"browserstackLocal\":true,\"buildName\":\"testathon_Arjun Build\",\"projectName\":\"testathon_Arjun\",\"CUSTOM_TAG_1\":\"testathon_Arjun_tag\",\"networkLogs\":true,\"consoleLogs\":\"info\",\"percy\":false,\"percyCaptureMode\":\"auto\",\"testObservability\":true,\"accessibility\":false,\"browserstackAutomation\":true,\"selfHeal\":false,\"disableAutoCaptureLogs\":false,\"testhub\":true,\"testContextOptions\":{\"skipSessionStatus\":false,\"skipSessionName\":false},\"logDir\":\"/Users/arjun/Downloads/testng-browserstack-master/log\",\"buildIdentifier\":\"#${BUILD_NUMBER}\",\"browserStackLocalOptions\":{\"localIdentifier\":\"Sep_27_1243_ArjunBM-MBP_l49a\",\"key\":\"pBUjJCeGYhbsRaET7AUb\",\"skipBinaryInitialisation\":false},\"testOrchestrationOptions\":{\"retryTestsOnFailure\":{},\"abortBuildOnFailure\":{}},\"apis\":{\"automate\":{\"hub\":\"https://hub.browserstack.com\",\"cdp\":\"https://cdp.browserstack.com\",\"api\":\"https://api.browserstack.com\",\"upload\":\"https://api-cloud.browserstack.com\"},\"appAutomate\":{\"hub\":\"https://hub.browserstack.com\",\"api\":\"https://api.browserstack.com\",\"upload\":\"https://api-cloud.browserstack.com\"},\"percy\":{\"api\":\"https://api.browserstack.com\"},\"turboScale\":{\"api\":\"https://grid.browserstack.com\"},\"accessibility\":{\"api\":\"https://accessibility.browserstack.com\"},\"appAccessibility\":{\"api\":\"https://app-accessibility.browserstack.com\"},\"observability\":{\"api\":\"https://collector-observability.browserstack.com\",\"upload\":\"https://upload-observability.browserstack.com\"},\"configServer\":{\"api\":\"https://sdk.browserstack.com\"},\"edsInstrumentation\":{\"api\":\"https://eds.browserstack.com\"},\"tcg\":{\"api\":\"https://tcg.browserstack.com\"}},\"hubUrl\":\"https://hub.browserstack.com/wd/hub\",\"proxySettings\":{}}"
testhub {
  jwt: "eyJhbGciOiJSUzI1NiJ9.eyJleHAiOiIxNzU4OTY4MDExIiwiaXNzIjoid3d3LmJyb3dzZXJzdGFjay5jb20iLCJzdWIiOjI1ODY1MTIsInNjb3BlIjp7InByb2R1Y3QiOiJzZGsiLCJ1c2VyX2FjY2VzcyI6eyJ0ZXN0X29ic2VydmFiaWxpdHkiOjEsImF1dG9tYXRlIjoxLCJhcHBfYXV0b21hdGUiOjEsInBlcmN5IjoxLCJhcHBfcGVyY3kiOjEsImFjY2Vzc2liaWxpdHlfdGVzdGluZyI6MCwiYXBwX2FjY2Vzc2liaWxpdHlfdGVzdGluZyI6MSwiYXV0b21hdGVfdHVyYm9zY2FsZSI6MSwibG93X2NvZGVfYXV0b21hdGlvbiI6MX0sImlhYW1fcm9sZSI6Im93bmVyIn0sImdyb3VwX2lkIjoyNTQ2MTUwLCJ0ZWFtX2lkIjpudWxsLCJ1ZGFjX2FjY2VzcyI6Imdsb2JhbCJ9.smS36ah2gbxLwTg8hhCa-E9DX8zuqALArjiLcwy4ReYvcdEzxL6CWyccz4kmMQT9j474kLjwangRWEOmzjssUPCYQ3jxBCMZhV3FJ1stRbXiwWD-LiEqkKC6q1DeAku6W9HcTgndtdfK_OIMTaZpB3VuPSx3NAo1T5TTHZFo1imHYSasKBCfb25tBZB-ZXq_GWw_m6FE6eExV4ZS2BY0Ygo_olmB72vUsqkQRImmi_gUDEiqQ7R34roxVK0YN7CXwbwBJk3jXgRp-Ju6IvFH83vNgBTk1F-h7vdzlnWueXx6o39txuJtmpQ51XBW9DaP0sfbD4QKtOgPD14SM9UVEg"
  build_hashed_id: "1iwuis5w5jbr6ff6s8pic6e737w5xkbfxilo20mh"
  testhub_events: true
}
observability {
  success: true
}
session_framework: ""
8: "selenium"

12:43:39.369 [main] DEBUG com.browserstack.v2.SdkCLI - startChild: child-process connecting
12:43:39.691 [main] DEBUG com.browserstack.v2.SdkCLI - connect-bin-session=bin_session_id: "a57b8a25-75d1-477c-bae2-e987c38833a9"
config: "{\"userName\":\"arjun153\",\"accessKey\":\"pBUjJCeGYhbsRaET7AUb\",\"framework\":\"testng\",\"platforms\":[{\"os\":\"Windows\",\"osVersion\":\"10\",\"browserName\":\"Chrome\",\"browserVersion\":\"136.0\"}],\"parallelsPerPlatform\":1,\"browserstackLocal\":true,\"buildName\":\"testathon_Arjun Build\",\"projectName\":\"testathon_Arjun\",\"CUSTOM_TAG_1\":\"testathon_Arjun_tag\",\"networkLogs\":true,\"consoleLogs\":\"info\",\"percy\":false,\"percyCaptureMode\":\"auto\",\"testObservability\":true,\"accessibility\":false,\"browserstackAutomation\":true,\"selfHeal\":false,\"disableAutoCaptureLogs\":false,\"testhub\":true,\"testContextOptions\":{\"skipSessionStatus\":false,\"skipSessionName\":false},\"logDir\":\"/Users/arjun/Downloads/testng-browserstack-master/log\",\"buildIdentifier\":\"#${BUILD_NUMBER}\",\"browserStackLocalOptions\":{\"localIdentifier\":\"Sep_27_1243_ArjunBM-MBP_l49a\",\"key\":\"pBUjJCeGYhbsRaET7AUb\",\"skipBinaryInitialisation\":false},\"testOrchestrationOptions\":{\"retryTestsOnFailure\":{},\"abortBuildOnFailure\":{}},\"apis\":{\"automate\":{\"hub\":\"https://hub.browserstack.com\",\"cdp\":\"https://cdp.browserstack.com\",\"api\":\"https://api.browserstack.com\",\"upload\":\"https://api-cloud.browserstack.com\"},\"appAutomate\":{\"hub\":\"https://hub.browserstack.com\",\"api\":\"https://api.browserstack.com\",\"upload\":\"https://api-cloud.browserstack.com\"},\"percy\":{\"api\":\"https://api.browserstack.com\"},\"turboScale\":{\"api\":\"https://grid.browserstack.com\"},\"accessibility\":{\"api\":\"https://accessibility.browserstack.com\"},\"appAccessibility\":{\"api\":\"https://app-accessibility.browserstack.com\"},\"observability\":{\"api\":\"https://collector-observability.browserstack.com\",\"upload\":\"https://upload-observability.browserstack.com\"},\"configServer\":{\"api\":\"https://sdk.browserstack.com\"},\"edsInstrumentation\":{\"api\":\"https://eds.browserstack.com\"},\"tcg\":{\"api\":\"https://tcg.browserstack.com\"}},\"hubUrl\":\"https://hub-aps.browserstack.com/wd/hub\",\"proxySettings\":{}}"
testhub {
  jwt: "eyJhbGciOiJSUzI1NiJ9.eyJleHAiOiIxNzU4OTY4MDExIiwiaXNzIjoid3d3LmJyb3dzZXJzdGFjay5jb20iLCJzdWIiOjI1ODY1MTIsInNjb3BlIjp7InByb2R1Y3QiOiJzZGsiLCJ1c2VyX2FjY2VzcyI6eyJ0ZXN0X29ic2VydmFiaWxpdHkiOjEsImF1dG9tYXRlIjoxLCJhcHBfYXV0b21hdGUiOjEsInBlcmN5IjoxLCJhcHBfcGVyY3kiOjEsImFjY2Vzc2liaWxpdHlfdGVzdGluZyI6MCwiYXBwX2FjY2Vzc2liaWxpdHlfdGVzdGluZyI6MSwiYXV0b21hdGVfdHVyYm9zY2FsZSI6MSwibG93X2NvZGVfYXV0b21hdGlvbiI6MX0sImlhYW1fcm9sZSI6Im93bmVyIn0sImdyb3VwX2lkIjoyNTQ2MTUwLCJ0ZWFtX2lkIjpudWxsLCJ1ZGFjX2FjY2VzcyI6Imdsb2JhbCJ9.smS36ah2gbxLwTg8hhCa-E9DX8zuqALArjiLcwy4ReYvcdEzxL6CWyccz4kmMQT9j474kLjwangRWEOmzjssUPCYQ3jxBCMZhV3FJ1stRbXiwWD-LiEqkKC6q1DeAku6W9HcTgndtdfK_OIMTaZpB3VuPSx3NAo1T5TTHZFo1imHYSasKBCfb25tBZB-ZXq_GWw_m6FE6eExV4ZS2BY0Ygo_olmB72vUsqkQRImmi_gUDEiqQ7R34roxVK0YN7CXwbwBJk3jXgRp-Ju6IvFH83vNgBTk1F-h7vdzlnWueXx6o39txuJtmpQ51XBW9DaP0sfbD4QKtOgPD14SM9UVEg"
  build_hashed_id: "1iwuis5w5jbr6ff6s8pic6e737w5xkbfxilo20mh"
  testhub_events: true
}
observability {
  success: true
}
session_framework: "selenium"
test_orchestration {
  retry_tests_on_failure {
  }
  abort_build_on_failure {
  }
}

12:43:39.694 [main] INFO  com.browserstack.v2.SdkCLI - loadBinResponse: Loading modules as per LoadBinResponse=bin_session_id: "a57b8a25-75d1-477c-bae2-e987c38833a9"
config: "{\"userName\":\"arjun153\",\"accessKey\":\"pBUjJCeGYhbsRaET7AUb\",\"framework\":\"testng\",\"platforms\":[{\"os\":\"Windows\",\"osVersion\":\"10\",\"browserName\":\"Chrome\",\"browserVersion\":\"136.0\"}],\"parallelsPerPlatform\":1,\"browserstackLocal\":true,\"buildName\":\"testathon_Arjun Build\",\"projectName\":\"testathon_Arjun\",\"CUSTOM_TAG_1\":\"testathon_Arjun_tag\",\"networkLogs\":true,\"consoleLogs\":\"info\",\"percy\":false,\"percyCaptureMode\":\"auto\",\"testObservability\":true,\"accessibility\":false,\"browserstackAutomation\":true,\"selfHeal\":false,\"disableAutoCaptureLogs\":false,\"testhub\":true,\"testContextOptions\":{\"skipSessionStatus\":false,\"skipSessionName\":false},\"logDir\":\"/Users/arjun/Downloads/testng-browserstack-master/log\",\"buildIdentifier\":\"#${BUILD_NUMBER}\",\"browserStackLocalOptions\":{\"localIdentifier\":\"Sep_27_1243_ArjunBM-MBP_l49a\",\"key\":\"pBUjJCeGYhbsRaET7AUb\",\"skipBinaryInitialisation\":false},\"testOrchestrationOptions\":{\"retryTestsOnFailure\":{},\"abortBuildOnFailure\":{}},\"apis\":{\"automate\":{\"hub\":\"https://hub.browserstack.com\",\"cdp\":\"https://cdp.browserstack.com\",\"api\":\"https://api.browserstack.com\",\"upload\":\"https://api-cloud.browserstack.com\"},\"appAutomate\":{\"hub\":\"https://hub.browserstack.com\",\"api\":\"https://api.browserstack.com\",\"upload\":\"https://api-cloud.browserstack.com\"},\"percy\":{\"api\":\"https://api.browserstack.com\"},\"turboScale\":{\"api\":\"https://grid.browserstack.com\"},\"accessibility\":{\"api\":\"https://accessibility.browserstack.com\"},\"appAccessibility\":{\"api\":\"https://app-accessibility.browserstack.com\"},\"observability\":{\"api\":\"https://collector-observability.browserstack.com\",\"upload\":\"https://upload-observability.browserstack.com\"},\"configServer\":{\"api\":\"https://sdk.browserstack.com\"},\"edsInstrumentation\":{\"api\":\"https://eds.browserstack.com\"},\"tcg\":{\"api\":\"https://tcg.browserstack.com\"}},\"hubUrl\":\"https://hub-aps.browserstack.com/wd/hub\",\"proxySettings\":{}}"
testhub {
  jwt: "eyJhbGciOiJSUzI1NiJ9.eyJleHAiOiIxNzU4OTY4MDExIiwiaXNzIjoid3d3LmJyb3dzZXJzdGFjay5jb20iLCJzdWIiOjI1ODY1MTIsInNjb3BlIjp7InByb2R1Y3QiOiJzZGsiLCJ1c2VyX2FjY2VzcyI6eyJ0ZXN0X29ic2VydmFiaWxpdHkiOjEsImF1dG9tYXRlIjoxLCJhcHBfYXV0b21hdGUiOjEsInBlcmN5IjoxLCJhcHBfcGVyY3kiOjEsImFjY2Vzc2liaWxpdHlfdGVzdGluZyI6MCwiYXBwX2FjY2Vzc2liaWxpdHlfdGVzdGluZyI6MSwiYXV0b21hdGVfdHVyYm9zY2FsZSI6MSwibG93X2NvZGVfYXV0b21hdGlvbiI6MX0sImlhYW1fcm9sZSI6Im93bmVyIn0sImdyb3VwX2lkIjoyNTQ2MTUwLCJ0ZWFtX2lkIjpudWxsLCJ1ZGFjX2FjY2VzcyI6Imdsb2JhbCJ9.smS36ah2gbxLwTg8hhCa-E9DX8zuqALArjiLcwy4ReYvcdEzxL6CWyccz4kmMQT9j474kLjwangRWEOmzjssUPCYQ3jxBCMZhV3FJ1stRbXiwWD-LiEqkKC6q1DeAku6W9HcTgndtdfK_OIMTaZpB3VuPSx3NAo1T5TTHZFo1imHYSasKBCfb25tBZB-ZXq_GWw_m6FE6eExV4ZS2BY0Ygo_olmB72vUsqkQRImmi_gUDEiqQ7R34roxVK0YN7CXwbwBJk3jXgRp-Ju6IvFH83vNgBTk1F-h7vdzlnWueXx6o39txuJtmpQ51XBW9DaP0sfbD4QKtOgPD14SM9UVEg"
  build_hashed_id: "1iwuis5w5jbr6ff6s8pic6e737w5xkbfxilo20mh"
  testhub_events: true
}
observability {
  success: true
}
session_framework: "selenium"
test_orchestration {
  retry_tests_on_failure {
  }
  abort_build_on_failure {
  }
}

12:43:39.700 [main] DEBUG com.browserstack.v2.SdkCLI - loadBinResponse: configured module=WebdriverModule & a57b8a25-75d1-477c-bae2-e987c38833a9
12:43:39.700 [main] DEBUG com.browserstack.v2.SdkCLI - loadBinResponse: configured module=ObservabilityModule & a57b8a25-75d1-477c-bae2-e987c38833a9
12:43:39.700 [main] DEBUG com.browserstack.v2.SdkCLI - loadBinResponse: configured module=TestHubModule & a57b8a25-75d1-477c-bae2-e987c38833a9
12:43:39.706 [main] INFO  com.browserstack.v2.SdkCLI - startChild: child-process connected
12:43:39.712 [main] INFO  com.browserstack.v2.SdkCLI - startMain: main-process connected
12:43:42.971 [main] INFO  c.browserstack.BrowserStackJavaAgent - Project and debug logs are captured by default. To disable, set disableAutoCaptureLogs: true in config.
12:43:42.983 [main] INFO  com.browserstack.testOps.Listener - onStart: CLI is active
12:43:43.174 [main] DEBUG com.browserstack.v2.SdkCLI - Setting up testng framework
12:43:43.175 [main] DEBUG com.browserstack.v2.SdkCLI - Setting up selenium framework
12:43:43.264 [main] INFO  com.browserstack.testOps.Listener - logCreated: CLI is active
12:43:43.274 [TestNG-tests-1] INFO  c.b.v2.framework.TestNgFramework - trackTestNgTest: saved instance contextId=499981248 target=testng-browserstack-master-0@0 instances=[499981248]
12:43:43.274 [TestNG-tests-1] INFO  c.b.v2.framework.TestNgFramework - trackEvent: found instance, testFrameworkState=TestFrameworkState.INIT_TEST hookState=HookState.PRE instance=499981248
12:43:43.274 [TestNG-tests-1] INFO  c.b.v2.framework.TestNgFramework - trackEvent: loaded instance, testFrameworkState=TestFrameworkState.INIT_TEST hookState=HookState.PRE instance=499981248
12:43:43.284 [testng-browserstack-master-0@0] INFO  c.b.v2.framework.TestNgFramework - trackEvent: found instance, testFrameworkState=TestFrameworkState.BEFORE_METHOD hookState=HookState.PRE instance=499981248
12:43:43.285 [testng-browserstack-master-0@0] INFO  c.b.v2.framework.TestNgFramework - trackEvent: loaded common test data, testFrameworkState=TestFrameworkState.BEFORE_METHOD hookState=HookState.PRE instance=499981248
12:43:43.285 [testng-browserstack-master-0@0] INFO  c.b.v2.framework.TestNgFramework - trackEvent: track hook events
12:43:43.293 [testng-browserstack-master-0@0] INFO  c.b.v2.framework.TestNgFramework - args CHECK = [TestResult name=setUp status=STARTED method=SeleniumTest.setUp()[pri:0, instance:com.browserstack.ValidateHomePageLanding@6cd5122d] output={null}]
12:43:43.294 [testng-browserstack-master-0@0] INFO  c.b.v2.framework.TestNgFramework - Hook Started in PRE key = BEFORE_METHOD & hook = {hook_name=setUp, hook_result=pending, test_file_path=testng-browserstack-master/src/test/java/com/browserstack/ValidateHomePageLanding.java, event_started_at=2025-09-27T12:43:43.294580, hook_id=b067defd-1924-45e6-87c8-b543822b5e21, hook_logs=[], key=BEFORE_METHOD, custom_metadata={}, test_location=testng-browserstack-master/src/test/java/com/browserstack/ValidateHomePageLanding.java}  and args = [[TestResult name=setUp status=STARTED method=SeleniumTest.setUp()[pri:0, instance:com.browserstack.ValidateHomePageLanding@6cd5122d] output={null}], SeleniumTest.setUp()[pri:0, instance:com.browserstack.ValidateHomePageLanding@6cd5122d]]
12:43:43.294 [testng-browserstack-master-0@0] INFO  c.b.v2.framework.TestNgFramework - trackHookEvents: hook state=BEFORE_METHOD.HookState.PRE , hooks started={BEFORE_METHOD=[{hook_name=setUp, hook_result=pending, test_file_path=testng-browserstack-master/src/test/java/com/browserstack/ValidateHomePageLanding.java, event_started_at=2025-09-27T12:43:43.294580, hook_id=b067defd-1924-45e6-87c8-b543822b5e21, hook_logs=[], key=BEFORE_METHOD, custom_metadata={}, test_location=testng-browserstack-master/src/test/java/com/browserstack/ValidateHomePageLanding.java}]} , hooks finished={BEFORE_METHOD=[]}
12:43:43.305 [testng-browserstack-master-0@0] INFO  c.b.v2.module.TestHubModule - sendTestFrameworkEvent: event=com.browserstack.v2.eventBus.Event@7c4dcf8b, response=success: true

12:43:43.405 [setUp@0] INFO  c.b.v2.framework.TestNgFramework - trackEvent: found instance, testFrameworkState=TestFrameworkState.LOG hookState=HookState.PRE instance=499981248
12:43:43.405 [setUp@0] INFO  c.b.v2.framework.TestNgFramework - trackEvent: load log entries
12:43:43.411 [setUp@0] INFO  c.b.v2.module.TestHubModule - sendLogCreatedEvent: event=com.browserstack.v2.eventBus.Event@4a8aeae1, response=success: true

12:43:43.412 [setUp@0] INFO  c.b.v2.module.TestHubModule - sendLogCreatedEvent: event=com.browserstack.v2.eventBus.Event@4a8aeae1
12:43:43.415 [setUp@0] INFO  c.b.v2.framework.TestNgFramework - trackEvent: found instance, testFrameworkState=TestFrameworkState.LOG hookState=HookState.PRE instance=499981248
12:43:43.415 [setUp@0] INFO  c.b.v2.framework.TestNgFramework - trackEvent: load log entries
12:43:43.417 [setUp@0] INFO  c.b.v2.module.TestHubModule - sendLogCreatedEvent: event=com.browserstack.v2.eventBus.Event@3d95f3f7, response=success: true

12:43:43.417 [setUp@0] INFO  c.b.v2.module.TestHubModule - sendLogCreatedEvent: event=com.browserstack.v2.eventBus.Event@3d95f3f7
12:43:43.420 [setUp@0] INFO  c.b.v2.framework.TestNgFramework - trackEvent: found instance, testFrameworkState=TestFrameworkState.LOG hookState=HookState.PRE instance=499981248
12:43:43.420 [setUp@0] INFO  c.b.v2.framework.TestNgFramework - trackEvent: load log entries
12:43:43.421 [setUp@0] INFO  c.b.v2.module.TestHubModule - sendLogCreatedEvent: event=com.browserstack.v2.eventBus.Event@2ae888be, response=success: true

12:43:43.421 [setUp@0] INFO  c.b.v2.module.TestHubModule - sendLogCreatedEvent: event=com.browserstack.v2.eventBus.Event@2ae888be
12:43:43.446 [setUp@0] INFO  c.b.v2.framework.TestNgFramework - trackEvent: found instance, testFrameworkState=TestFrameworkState.LOG hookState=HookState.PRE instance=499981248
12:43:43.446 [setUp@0] INFO  c.b.v2.framework.TestNgFramework - trackEvent: load log entries
12:43:43.449 [setUp@0] INFO  c.b.v2.module.TestHubModule - sendLogCreatedEvent: event=com.browserstack.v2.eventBus.Event@48b1678d, response=success: true

12:43:43.449 [setUp@0] INFO  c.b.v2.module.TestHubModule - sendLogCreatedEvent: event=com.browserstack.v2.eventBus.Event@48b1678d
12:43:43.615 [setUp@0] INFO  c.b.v2.framework.SeleniumFramework - trackSeleniumTest: saved instance contextId=356966532 target=4130:59 instances=[356966532]
12:43:43.616 [setUp@0] INFO  c.b.v2.module.WebdriverModule - onBeforeDriverCreate: event=com.browserstack.v2.eventBus.Event@2274ddb4
12:43:43.621 [setUp@0] INFO  c.b.v2.module.WebdriverModule - onBeforeDriverCreate: event=com.browserstack.v2.eventBus.Event@2274ddb4
12:43:43.657 [setUp@0] INFO  c.b.v2.module.WebdriverModule - beforeCommandExecute: event=com.browserstack.v2.eventBus.Event@6b720642
12:43:43.657 [setUp@0] INFO  c.b.v2.module.WebdriverModule - beforeCommandExecute: event=com.browserstack.v2.eventBus.Event@6b720642
12:43:51.567 [setUp@0] INFO  c.b.v2.module.WebdriverModule - afterCommandExecute: event=com.browserstack.v2.eventBus.Event@ea82424
12:43:51.567 [setUp@0] INFO  c.b.v2.module.WebdriverModule - afterCommandExecute: event=com.browserstack.v2.eventBus.Event@ea82424
12:43:51.567 [setUp@0] INFO  c.b.v2.module.ObservabilityModule - THREAD ID Inside Process= 59
12:43:51.567 [setUp@0] INFO  c.b.v2.module.ObservabilityModule - Processing TestLevel attachments from directory: /Users/arjun/.browserstack/UploadedAttachments-59/TestLevel
12:43:51.568 [setUp@0] INFO  c.b.v2.module.ObservabilityModule - Processing BuildLevel attachments from directory: /Users/arjun/.browserstack/UploadedAttachments-59/BuildLevel
12:43:51.568 [setUp@0] INFO  c.b.v2.module.ObservabilityModule - Processing attachments eventLogs: []
12:43:51.568 [setUp@0] INFO  c.b.v2.module.ObservabilityModule - sendLogCreatedEvent: No Log Events to send
12:43:51.576 [setUp@0] INFO  c.b.v2.framework.SeleniumFramework - trackSeleniumTest: saved instance contextId=356966532 target=4130:59 instances=[356966532]
12:43:51.577 [setUp@0] INFO  c.b.v2.module.WebdriverModule - onDriverCreated: event=com.browserstack.v2.eventBus.Event@28e5d104
12:43:51.577 [setUp@0] INFO  c.b.v2.module.WebdriverModule - Found session id=195b252a6b4fd3e481aa7696683029d59cb5ffc1 for instance=com.browserstack.v2.instance.AutomationFrameworkInstance@15c9d14b
12:43:51.578 [setUp@0] INFO  c.b.v2.module.WebdriverModule - Driver added successfully to automationFramework
12:43:51.580 [setUp@0] ERROR c.b.v2.module.WebdriverModule - Error AutomationFrameworkStart to start driver with error java.lang.ClassCastException: class java.lang.Object cannot be cast to class browserstack.sdk.v1.Sdk$AutomationFrameworkStartResponse (java.lang.Object is in module java.base of loader 'bootstrap'; browserstack.sdk.v1.Sdk$AutomationFrameworkStartResponse is in unnamed module of loader 'app')
	at com.browserstack.v2.module.WebdriverModule.startDriver(Unknown Source)
	at com.browserstack.v2.module.WebdriverModule.onDriverCreated(Unknown Source)
	at com.browserstack.v2.eventBus.EventDispatcher.notifyModuleObservers(Unknown Source)
	at com.browserstack.v2.framework.AutomationFramework.runHooks(Unknown Source)
	at com.browserstack.v2.framework.SeleniumFramework.trackEvent(Unknown Source)
	at com.browserstack.selenium.SeleniumHandler.persistDriverInstance(Unknown Source)
	at com.browserstack.selenium.SeleniumHandler.afterDriverInit(Unknown Source)
	at org.openqa.selenium.remote.RemoteWebDriver.<init>(RemoteWebDriver.java:174)
	at org.openqa.selenium.chromium.ChromiumDriver.<init>(ChromiumDriver.java:108)
	at org.openqa.selenium.chrome.ChromeDriver.<init>(ChromeDriver.java:106)
	at org.openqa.selenium.chrome.ChromeDriver.<init>(ChromeDriver.java:93)
	at org.openqa.selenium.chrome.ChromeDriver.<init>(ChromeDriver.java:82)
	at com.browserstack.SeleniumTest.setUp(SeleniumTest.java:17)
	at java.base/jdk.internal.reflect.DirectMethodHandleAccessor.invoke(DirectMethodHandleAccessor.java:104)
	at java.base/java.lang.reflect.Method.invoke(Method.java:565)
	at org.testng.internal.MethodInvocationHelper.invokeMethod(MethodInvocationHelper.java:133)
	at org.testng.internal.MethodInvocationHelper.invokeMethodConsideringTimeout(MethodInvocationHelper.java:62)
	at org.testng.internal.ConfigInvoker.invokeConfigurationMethod(ConfigInvoker.java:385)
	at org.testng.internal.ConfigInvoker.invokeConfigurations(ConfigInvoker.java:321)
	at org.testng.internal.TestInvoker.runConfigMethods(TestInvoker.java:700)
	at org.testng.internal.TestInvoker.invokeMethod(TestInvoker.java:527)
	at org.testng.internal.TestInvoker.invokeTestMethod(TestInvoker.java:173)
	at org.testng.internal.MethodRunner.runInSequence(MethodRunner.java:46)
	at org.testng.internal.TestInvoker$MethodInvocationAgent.invoke(TestInvoker.java:824)
	at org.testng.internal.TestInvoker.invokeTestMethods(TestInvoker.java:146)
	at org.testng.internal.TestMethodWorker.invokeTestMethods(TestMethodWorker.java:146)
	at org.testng.internal.TestMethodWorker.run(TestMethodWorker.java:128)
	at java.base/java.util.ArrayList.forEach(ArrayList.java:1604)
	at org.testng.TestRunner.privateRun(TestRunner.java:794)
	at org.testng.TestRunner.run(TestRunner.java:596)
	at org.testng.SuiteRunner.runTest(SuiteRunner.java:377)
	at org.testng.SuiteRunner.access$000(SuiteRunner.java:28)
	at org.testng.SuiteRunner$SuiteWorker.run(SuiteRunner.java:418)
	at org.testng.internal.thread.ThreadUtil.lambda$execute$0(ThreadUtil.java:64)
	at java.base/java.util.concurrent.FutureTask.run$$$capture(FutureTask.java:328)
	at java.base/java.util.concurrent.FutureTask.run(FutureTask.java)
	at --- Async.Stack.Trace --- (captured by IntelliJ IDEA debugger)
	at java.base/java.util.concurrent.FutureTask.<init>(FutureTask.java:134)
	at java.base/java.util.concurrent.AbstractExecutorService.newTaskFor(AbstractExecutorService.java:113)
	at java.base/java.util.concurrent.AbstractExecutorService.invokeAll(AbstractExecutorService.java:305)
	at org.testng.internal.thread.ThreadUtil.execute(ThreadUtil.java:70)
	at org.testng.SuiteRunner.runInParallelTestMode(SuiteRunner.java:397)
	at org.testng.SuiteRunner.privateRun(SuiteRunner.java:330)
	at org.testng.SuiteRunner.run(SuiteRunner.java:276)
	at org.testng.SuiteRunnerWorker.runSuite(SuiteRunnerWorker.java:53)
	at org.testng.SuiteRunnerWorker.run(SuiteRunnerWorker.java:96)
	at org.testng.TestNG.runSuitesSequentially(TestNG.java:1212)
	at org.testng.TestNG.runSuitesLocally(TestNG.java:1134)
	at org.testng.TestNG.runSuites(TestNG.java:1063)
	at org.testng.TestNG.run(TestNG.java:1031)
	at com.intellij.rt.testng.IDEARemoteTestNG.run(IDEARemoteTestNG.java:65)
	at com.intellij.rt.testng.RemoteTestNGStarter.main(RemoteTestNGStarter.java:105)

12:43:51.580 [setUp@0] INFO  c.b.v2.module.WebdriverModule - onDriverCreated: event=com.browserstack.v2.eventBus.Event@28e5d104
12:43:51.580 [setUp@0] INFO  c.b.v2.module.WebdriverModule - Found session id=195b252a6b4fd3e481aa7696683029d59cb5ffc1 for instance=com.browserstack.v2.instance.AutomationFrameworkInstance@15c9d14b
12:43:51.581 [setUp@0] INFO  c.b.v2.module.WebdriverModule - Driver added successfully to automationFramework
12:43:51.603 [setUp@0] INFO  c.b.v2.framework.TestNgFramework - trackEvent: found instance, testFrameworkState=TestFrameworkState.BEFORE_METHOD hookState=HookState.POST instance=499981248
12:43:51.603 [setUp@0] INFO  c.b.v2.framework.TestNgFramework - trackEvent: loaded common test data, testFrameworkState=TestFrameworkState.BEFORE_METHOD hookState=HookState.POST instance=499981248
12:43:51.603 [setUp@0] INFO  c.b.v2.framework.TestNgFramework - trackEvent: track hook events
12:43:51.606 [setUp@0] INFO  c.b.v2.framework.TestNgFramework - args CHECK = [TestResult name=setUp status=SUCCESS method=SeleniumTest.setUp()[pri:0, instance:com.browserstack.ValidateHomePageLanding@6cd5122d] output={null}]
12:43:51.606 [setUp@0] INFO  c.b.v2.framework.TestNgFramework - Hook List in Post [{hook_name=setUp, hook_result=pending, test_file_path=testng-browserstack-master/src/test/java/com/browserstack/ValidateHomePageLanding.java, event_started_at=2025-09-27T12:43:43.294580, hook_id=b067defd-1924-45e6-87c8-b543822b5e21, hook_logs=[], key=BEFORE_METHOD, custom_metadata={}, test_location=testng-browserstack-master/src/test/java/com/browserstack/ValidateHomePageLanding.java}] and args = [[TestResult name=setUp status=SUCCESS method=SeleniumTest.setUp()[pri:0, instance:com.browserstack.ValidateHomePageLanding@6cd5122d] output={null}], SeleniumTest.setUp()[pri:0, instance:com.browserstack.ValidateHomePageLanding@6cd5122d]]
12:43:51.606 [setUp@0] INFO  c.b.v2.framework.TestNgFramework - Processing HookLevel attachments from directory: /Users/arjun/.browserstack/UploadedAttachments-59/HookLevel
12:43:51.606 [setUp@0] INFO  c.b.v2.framework.TestNgFramework - Checking hookLevelFiles: []
12:43:51.606 [setUp@0] INFO  c.b.v2.framework.TestNgFramework - checking Paths of files = /Users/arjun/.browserstack/UploadedAttachments-59/HookLevel/BuildLevelHookEvent and abs path = /Users/arjun/.browserstack/UploadedAttachments-59/HookLevel/BuildLevelHookEvent 
12:43:51.606 [setUp@0] INFO  c.b.v2.framework.TestNgFramework - Processing BuildLevelHookEvent attachments from directory: /Users/arjun/.browserstack/UploadedAttachments-59/HookLevel/BuildLevelHookEvent
12:43:51.606 [setUp@0] INFO  c.b.v2.framework.TestNgFramework - Processing TestLevel attachments eventLogs: []
12:43:51.606 [setUp@0] INFO  c.b.v2.framework.TestNgFramework - sendLogCreatedEvent: No Log Events to send
12:43:51.606 [setUp@0] INFO  c.b.v2.framework.TestNgFramework - trackHookEvents: hook state=BEFORE_METHOD.HookState.POST , hooks started={BEFORE_METHOD=[]} , hooks finished={BEFORE_METHOD=[{hook_name=setUp, hook_result=passed, test_file_path=testng-browserstack-master/src/test/java/com/browserstack/ValidateHomePageLanding.java, event_started_at=2025-09-27T12:43:43.294580, hook_id=b067defd-1924-45e6-87c8-b543822b5e21, hook_logs=[], logs=[], key=BEFORE_METHOD, custom_metadata={}, event_ended_at=2025-09-27T12:43:51.606343, test_location=testng-browserstack-master/src/test/java/com/browserstack/ValidateHomePageLanding.java}]}
12:43:51.609 [setUp@0] INFO  c.b.v2.module.TestHubModule - sendTestFrameworkEvent: event=com.browserstack.v2.eventBus.Event@2c3eb124, response=success: true

12:43:51.614 [setUp@0] INFO  c.b.v2.framework.TestNgFramework - trackEvent: found instance, testFrameworkState=TestFrameworkState.TEST hookState=HookState.PRE instance=499981248
12:43:51.617 [setUp@0] INFO  c.b.v2.framework.TestNgFramework - trackEvent: loaded initial test data to instance, testFrameworkState=TestFrameworkState.TEST hookState=HookState.PRE instance=499981248 instanceThreadId=59 testResult=testng-browserstack-master-0 testData={test_uuid=26e70257-7157-4f25-ae33-bdedf969c832, test_file_path=src/test/java/com/browserstack/ValidateHomePageLanding.java, test_scope=Default Suite.com.browserstack.ValidateHomePageLanding, test_meta={}, test_scopes=[Default Suite, com.browserstack.ValidateHomePageLanding], test_code=public void com.browserstack.ValidateHomePageLanding.homeValidation() throws java.lang.Exception, test_session_name=com.browserstack.ValidateHomePageLanding-homeValidation, test_name=homeValidation, test_tags=, custom_metadata={}, test_id=testng-browserstack-master-0@0, test_location=src/test/java/com/browserstack/ValidateHomePageLanding.java}
12:43:51.617 [setUp@0] INFO  c.b.v2.module.WebdriverModule - onBeforeTest: event=com.browserstack.v2.eventBus.Event@3086f02f
12:43:51.617 [setUp@0] INFO  c.b.v2.module.WebdriverModule - onBeforeTest: event=com.browserstack.v2.eventBus.Event@3086f02f
12:43:51.617 [setUp@0] INFO  c.b.v2.module.TestHubModule - onBeforeTest: event={com.browserstack.v2.eventBus.Event@3086f02f}
12:43:51.642 [setUp@0] INFO  c.b.v2.module.TestHubModule - sendTestSessionEvent: event=com.browserstack.v2.eventBus.Event@3086f02f, response=success: true

12:43:51.647 [setUp@0] INFO  c.b.v2.module.TestHubModule - sendTestFrameworkEvent: event=com.browserstack.v2.eventBus.Event@3086f02f, response=success: true

12:43:51.648 [setUp@0] INFO  c.b.v2.module.ObservabilityModule - onBeforeTest: event={instance=com.browserstack.v2.instance.TestFrameworkInstance@2e52ab05, testFrameworkState=TestFrameworkState.TEST, testInstance=com.browserstack.v2.instance.TestFrameworkInstance@2e52ab05, autoInstance=[com.browserstack.v2.instance.AutomationFrameworkInstance@15c9d14b], hookState=HookState.PRE}
12:43:51.649 [setUp@0] INFO  c.b.v2.module.ObservabilityModule - performTestReportingSync: Performing TEST REPORTING AND ANALYTICS Sync
12:43:51.682 [homeValidation@0] INFO  c.b.v2.module.WebdriverModule - beforeCommandExecute: event=com.browserstack.v2.eventBus.Event@3c1e425
12:43:51.682 [homeValidation@0] INFO  c.b.v2.module.WebdriverModule - beforeCommandExecute: event=com.browserstack.v2.eventBus.Event@3c1e425
12:43:52.614 [homeValidation@0] INFO  c.b.v2.module.WebdriverModule - afterCommandExecute: event=com.browserstack.v2.eventBus.Event@63fc726a
12:43:52.614 [homeValidation@0] INFO  c.b.v2.module.WebdriverModule - afterCommandExecute: event=com.browserstack.v2.eventBus.Event@63fc726a
12:43:52.614 [homeValidation@0] INFO  c.b.v2.module.ObservabilityModule - THREAD ID Inside Process= 59
12:43:52.614 [homeValidation@0] INFO  c.b.v2.module.ObservabilityModule - Processing TestLevel attachments from directory: /Users/arjun/.browserstack/UploadedAttachments-59/TestLevel
12:43:52.614 [homeValidation@0] INFO  c.b.v2.module.ObservabilityModule - Processing BuildLevel attachments from directory: /Users/arjun/.browserstack/UploadedAttachments-59/BuildLevel
12:43:52.614 [homeValidation@0] INFO  c.b.v2.module.ObservabilityModule - Processing attachments eventLogs: []
12:43:52.615 [homeValidation@0] INFO  c.b.v2.module.ObservabilityModule - sendLogCreatedEvent: No Log Events to send
12:43:52.620 [homeValidation@0] INFO  c.b.v2.module.WebdriverModule - beforeCommandExecute: event=com.browserstack.v2.eventBus.Event@18445ce4
12:43:52.620 [homeValidation@0] INFO  c.b.v2.module.WebdriverModule - beforeCommandExecute: event=com.browserstack.v2.eventBus.Event@18445ce4
12:43:52.620 [homeValidation@0] INFO  c.b.v2.module.WebdriverModule - beforeCommandExecute: event=com.browserstack.v2.eventBus.Event@7143f1c2
12:43:52.620 [homeValidation@0] INFO  c.b.v2.module.WebdriverModule - beforeCommandExecute: event=com.browserstack.v2.eventBus.Event@7143f1c2
12:43:56.915 [homeValidation@0] INFO  c.b.v2.module.WebdriverModule - afterCommandExecute: event=com.browserstack.v2.eventBus.Event@133bd02d
12:43:56.915 [homeValidation@0] INFO  c.b.v2.module.WebdriverModule - afterCommandExecute: event=com.browserstack.v2.eventBus.Event@133bd02d
12:43:56.915 [homeValidation@0] INFO  c.b.v2.module.ObservabilityModule - THREAD ID Inside Process= 59
12:43:56.916 [homeValidation@0] INFO  c.b.v2.module.ObservabilityModule - Processing TestLevel attachments from directory: /Users/arjun/.browserstack/UploadedAttachments-59/TestLevel
12:43:56.916 [homeValidation@0] INFO  c.b.v2.module.ObservabilityModule - Processing BuildLevel attachments from directory: /Users/arjun/.browserstack/UploadedAttachments-59/BuildLevel
12:43:56.916 [homeValidation@0] INFO  c.b.v2.module.ObservabilityModule - Processing attachments eventLogs: []
12:43:56.916 [homeValidation@0] INFO  c.b.v2.module.ObservabilityModule - sendLogCreatedEvent: No Log Events to send
12:43:56.923 [homeValidation@0] INFO  c.b.v2.module.WebdriverModule - afterCommandExecute: event=com.browserstack.v2.eventBus.Event@497fe2e1
12:43:56.923 [homeValidation@0] INFO  c.b.v2.module.WebdriverModule - afterCommandExecute: event=com.browserstack.v2.eventBus.Event@497fe2e1
12:43:56.924 [homeValidation@0] INFO  c.b.v2.module.ObservabilityModule - THREAD ID Inside Process= 59
12:43:56.924 [homeValidation@0] INFO  c.b.v2.module.ObservabilityModule - Processing TestLevel attachments from directory: /Users/arjun/.browserstack/UploadedAttachments-59/TestLevel
12:43:56.924 [homeValidation@0] INFO  c.b.v2.module.ObservabilityModule - Processing BuildLevel attachments from directory: /Users/arjun/.browserstack/UploadedAttachments-59/BuildLevel
12:43:56.924 [homeValidation@0] INFO  c.b.v2.module.ObservabilityModule - Processing attachments eventLogs: []
12:43:56.924 [homeValidation@0] INFO  c.b.v2.module.ObservabilityModule - sendLogCreatedEvent: No Log Events to send
12:43:56.929 [homeValidation@0] INFO  c.b.v2.framework.TestNgFramework - trackEvent: found instance, testFrameworkState=TestFrameworkState.LOG_REPORT hookState=HookState.PRE instance=499981248
12:43:56.930 [homeValidation@0] INFO  c.b.v2.framework.TestNgFramework - trackEvent: found instance, testFrameworkState=TestFrameworkState.LOG_REPORT hookState=HookState.POST instance=499981248
12:43:56.930 [homeValidation@0] INFO  c.b.v2.framework.TestNgFramework - trackEvent: load test results
12:43:56.931 [homeValidation@0] INFO  c.b.v2.framework.TestNgFramework - trackEvent: found instance, testFrameworkState=TestFrameworkState.TEST hookState=HookState.POST instance=499981248
12:43:56.931 [homeValidation@0] INFO  c.b.v2.module.WebdriverModule - onAfterTest: event=com.browserstack.v2.eventBus.Event@7591cfee
12:43:56.932 [homeValidation@0] INFO  c.b.utils.SeleniumMethodUtils - Session Name ID status marking: 195b252a6b4fd3e481aa7696683029d59cb5ffc1
12:43:57.933 [homeValidation@0] INFO  c.b.utils.SeleniumMethodUtils - Session ID status marking: 195b252a6b4fd3e481aa7696683029d59cb5ffc1
12:43:58.976 [homeValidation@0] INFO  c.b.v2.module.WebdriverModule - onAfterTest: event=com.browserstack.v2.eventBus.Event@7591cfee
12:43:58.976 [homeValidation@0] INFO  c.b.utils.SeleniumMethodUtils - Session Name ID status marking: 195b252a6b4fd3e481aa7696683029d59cb5ffc1
12:43:59.959 [homeValidation@0] INFO  c.b.utils.SeleniumMethodUtils - Session ID status marking: 195b252a6b4fd3e481aa7696683029d59cb5ffc1
12:44:00.381 [homeValidation@0] INFO  c.b.v2.module.TestHubModule - sendTestFrameworkEvent: event=com.browserstack.v2.eventBus.Event@7591cfee, response=success: true

12:44:00.386 [homeValidation@0] INFO  c.b.v2.framework.TestNgFramework - trackEvent: found instance, testFrameworkState=TestFrameworkState.AFTER_METHOD hookState=HookState.PRE instance=499981248
12:44:00.386 [homeValidation@0] INFO  c.b.v2.framework.TestNgFramework - trackEvent: track hook events
12:44:00.390 [homeValidation@0] INFO  c.b.v2.framework.TestNgFramework - args CHECK = [TestResult name=tearDown status=STARTED method=SeleniumTest.tearDown()[pri:0, instance:com.browserstack.ValidateHomePageLanding@6cd5122d] output={null}]
12:44:00.390 [homeValidation@0] INFO  c.b.v2.framework.TestNgFramework - Hook Started in PRE key = AFTER_METHOD & hook = {hook_name=tearDown, hook_result=pending, test_file_path=testng-browserstack-master/src/test/java/com/browserstack/ValidateHomePageLanding.java, event_started_at=2025-09-27T12:44:00.390465, hook_id=f757c17f-1100-4120-89b4-9e4434ae7a0e, hook_logs=[], key=AFTER_METHOD, custom_metadata={}, test_location=testng-browserstack-master/src/test/java/com/browserstack/ValidateHomePageLanding.java}  and args = [[TestResult name=tearDown status=STARTED method=SeleniumTest.tearDown()[pri:0, instance:com.browserstack.ValidateHomePageLanding@6cd5122d] output={null}], SeleniumTest.tearDown()[pri:0, instance:com.browserstack.ValidateHomePageLanding@6cd5122d]]
12:44:00.390 [homeValidation@0] INFO  c.b.v2.framework.TestNgFramework - trackHookEvents: hook state=AFTER_METHOD.HookState.PRE , hooks started={AFTER_METHOD=[{hook_name=tearDown, hook_result=pending, test_file_path=testng-browserstack-master/src/test/java/com/browserstack/ValidateHomePageLanding.java, event_started_at=2025-09-27T12:44:00.390465, hook_id=f757c17f-1100-4120-89b4-9e4434ae7a0e, hook_logs=[], key=AFTER_METHOD, custom_metadata={}, test_location=testng-browserstack-master/src/test/java/com/browserstack/ValidateHomePageLanding.java}]} , hooks finished={AFTER_METHOD=[]}
12:44:00.393 [homeValidation@0] INFO  c.b.v2.module.TestHubModule - sendTestFrameworkEvent: event=com.browserstack.v2.eventBus.Event@16eaba02, response=success: true

12:44:00.398 [tearDown@0] INFO  c.b.v2.module.WebdriverModule - onDriverQuit: event=com.browserstack.v2.eventBus.Event@1ec1af1a
12:44:00.400 [tearDown@0] INFO  c.b.v2.module.WebdriverModule - onDriverQuit: event=com.browserstack.v2.eventBus.Event@1ec1af1a
12:44:00.412 [tearDown@0] INFO  c.b.v2.module.WebdriverModule - beforeCommandExecute: event=com.browserstack.v2.eventBus.Event@58afdcb
12:44:00.412 [tearDown@0] INFO  c.b.v2.module.WebdriverModule - beforeCommandExecute: event=com.browserstack.v2.eventBus.Event@58afdcb
12:44:00.412 [tearDown@0] INFO  c.b.v2.module.WebdriverModule - beforeCommandExecute: event=com.browserstack.v2.eventBus.Event@392dbe24
12:44:00.412 [tearDown@0] INFO  c.b.v2.module.WebdriverModule - beforeCommandExecute: event=com.browserstack.v2.eventBus.Event@392dbe24
12:44:01.881 [tearDown@0] INFO  c.b.v2.module.WebdriverModule - afterCommandExecute: event=com.browserstack.v2.eventBus.Event@7149c03c
12:44:01.881 [tearDown@0] INFO  c.b.v2.module.WebdriverModule - afterCommandExecute: event=com.browserstack.v2.eventBus.Event@7149c03c
12:44:01.881 [tearDown@0] INFO  c.b.v2.module.ObservabilityModule - THREAD ID Inside Process= 59
12:44:01.881 [tearDown@0] INFO  c.b.v2.module.ObservabilityModule - Processing TestLevel attachments from directory: /Users/arjun/.browserstack/UploadedAttachments-59/TestLevel
12:44:01.881 [tearDown@0] INFO  c.b.v2.module.ObservabilityModule - Processing BuildLevel attachments from directory: /Users/arjun/.browserstack/UploadedAttachments-59/BuildLevel
12:44:01.882 [tearDown@0] INFO  c.b.v2.module.ObservabilityModule - Processing attachments eventLogs: []
12:44:01.882 [tearDown@0] INFO  c.b.v2.module.ObservabilityModule - sendLogCreatedEvent: No Log Events to send
12:44:01.887 [tearDown@0] INFO  c.b.v2.module.WebdriverModule - afterCommandExecute: event=com.browserstack.v2.eventBus.Event@46b925e2
12:44:01.887 [tearDown@0] INFO  c.b.v2.module.WebdriverModule - afterCommandExecute: event=com.browserstack.v2.eventBus.Event@46b925e2
12:44:01.887 [tearDown@0] INFO  c.b.v2.module.ObservabilityModule - THREAD ID Inside Process= 59
12:44:01.887 [tearDown@0] INFO  c.b.v2.module.ObservabilityModule - Processing TestLevel attachments from directory: /Users/arjun/.browserstack/UploadedAttachments-59/TestLevel
12:44:01.887 [tearDown@0] INFO  c.b.v2.module.ObservabilityModule - Processing BuildLevel attachments from directory: /Users/arjun/.browserstack/UploadedAttachments-59/BuildLevel
12:44:01.887 [tearDown@0] INFO  c.b.v2.module.ObservabilityModule - Processing attachments eventLogs: []
12:44:01.888 [tearDown@0] INFO  c.b.v2.module.ObservabilityModule - sendLogCreatedEvent: No Log Events to send
12:44:01.891 [tearDown@0] INFO  c.b.v2.framework.TestNgFramework - trackEvent: found instance, testFrameworkState=TestFrameworkState.AFTER_METHOD hookState=HookState.POST instance=499981248
12:44:01.891 [tearDown@0] INFO  c.b.v2.framework.TestNgFramework - trackEvent: track hook events
12:44:01.895 [tearDown@0] INFO  c.b.v2.framework.TestNgFramework - args CHECK = [TestResult name=tearDown status=SUCCESS method=SeleniumTest.tearDown()[pri:0, instance:com.browserstack.ValidateHomePageLanding@6cd5122d] output={null}]
12:44:01.895 [tearDown@0] INFO  c.b.v2.framework.TestNgFramework - Hook List in Post [{hook_name=tearDown, hook_result=pending, test_file_path=testng-browserstack-master/src/test/java/com/browserstack/ValidateHomePageLanding.java, event_started_at=2025-09-27T12:44:00.390465, hook_id=f757c17f-1100-4120-89b4-9e4434ae7a0e, hook_logs=[], key=AFTER_METHOD, custom_metadata={}, test_location=testng-browserstack-master/src/test/java/com/browserstack/ValidateHomePageLanding.java}] and args = [[TestResult name=tearDown status=SUCCESS method=SeleniumTest.tearDown()[pri:0, instance:com.browserstack.ValidateHomePageLanding@6cd5122d] output={null}], SeleniumTest.tearDown()[pri:0, instance:com.browserstack.ValidateHomePageLanding@6cd5122d]]
12:44:01.895 [tearDown@0] INFO  c.b.v2.framework.TestNgFramework - Processing HookLevel attachments from directory: /Users/arjun/.browserstack/UploadedAttachments-59/HookLevel
12:44:01.895 [tearDown@0] INFO  c.b.v2.framework.TestNgFramework - Checking hookLevelFiles: []
12:44:01.895 [tearDown@0] INFO  c.b.v2.framework.TestNgFramework - checking Paths of files = /Users/arjun/.browserstack/UploadedAttachments-59/HookLevel/BuildLevelHookEvent and abs path = /Users/arjun/.browserstack/UploadedAttachments-59/HookLevel/BuildLevelHookEvent 
12:44:01.895 [tearDown@0] INFO  c.b.v2.framework.TestNgFramework - Processing BuildLevelHookEvent attachments from directory: /Users/arjun/.browserstack/UploadedAttachments-59/HookLevel/BuildLevelHookEvent
12:44:01.895 [tearDown@0] INFO  c.b.v2.framework.TestNgFramework - Processing TestLevel attachments eventLogs: []
12:44:01.895 [tearDown@0] INFO  c.b.v2.framework.TestNgFramework - sendLogCreatedEvent: No Log Events to send
12:44:01.895 [tearDown@0] INFO  c.b.v2.framework.TestNgFramework - trackHookEvents: hook state=AFTER_METHOD.HookState.POST , hooks started={AFTER_METHOD=[]} , hooks finished={AFTER_METHOD=[{hook_name=tearDown, hook_result=passed, test_file_path=testng-browserstack-master/src/test/java/com/browserstack/ValidateHomePageLanding.java, event_started_at=2025-09-27T12:44:00.390465, hook_id=f757c17f-1100-4120-89b4-9e4434ae7a0e, hook_logs=[], logs=[], key=AFTER_METHOD, custom_metadata={}, event_ended_at=2025-09-27T12:44:01.895385, test_location=testng-browserstack-master/src/test/java/com/browserstack/ValidateHomePageLanding.java}]}
12:44:01.901 [tearDown@0] INFO  c.b.v2.module.TestHubModule - sendTestFrameworkEvent: event=com.browserstack.v2.eventBus.Event@211697a0, response=success: true

12:44:02.855 [main] ERROR c.b.v2.framework.TestNgFramework - trackEvent: unable to find instance, testFrameworkState=TestFrameworkState.LOG hookState=HookState.PRE argsLength=2
12:44:02.856 [Thread-0] INFO  com.browserstack.testOps.Listener - onComplete: CLI is active
12:44:02.860 [Thread-0] INFO  com.browserstack.v2.SdkCLI - stop: cli stop triggered
12:44:11.408 [Thread-0] DEBUG com.browserstack.v2.SdkCLI - stop-bin-session=success: true
automate_buildlink: "https://automate.browserstack.com/dashboard/v2/builds/43f4b3ec2cd7fc98ee07bb177ca3fb81e3ddeeab"
hashed_id: "43f4b3ec2cd7fc98ee07bb177ca3fb81e3ddeeab"

12:44:11.419 [Thread-0] INFO  com.browserstack.v2.SdkCLI - stop: shutting down CLI
12:44:13.335 [Thread-0] INFO  c.browserstack.utils.UtilityMethods - Visit https://automation.browserstack.com/builds/1iwuis5w5jbr6ff6s8pic6e737w5xkbfxilo20mh to view build report, insights, and many more debugging information all at one place!
12:44:13.335 [Thread-0] INFO  c.b.config.BrowserStackConfig - INFO
12:44:13.335 [Thread-0] INFO  c.browserstack.utils.UtilityMethods - View build on BrowserStack dashboard: https://automate.browserstack.com/dashboard/v2/builds/43f4b3ec2cd7fc98ee07bb177ca3fb81e3ddeeab
12:44:13.335 [Thread-0] INFO  c.b.config.BrowserStackConfig - INFO
12:44:13.337 [Thread-0] INFO  c.browserstack.BrowserStackJavaAgent - SDK run ended for id: 1835303a-361d-4715-a926-7cb52ef6fb23, testhub id: 1iwuis5w5jbr6ff6s8pic6e737w5xkbfxilo20mh
12:44:13.337 [Thread-0] INFO  c.b.config.BrowserStackConfig - INFO
12:49:48.094 [main] DEBUG c.browserstack.BrowserStackJavaAgent - Extracted CLI argument from system : null
12:49:48.110 [main] INFO  c.browserstack.BrowserStackJavaAgent - Selenium version detected - 4.1.4
12:49:48.110 [main] INFO  c.browserstack.BrowserStackJavaAgent - Appium version detected - 
12:49:48.203 [main] DEBUG c.b.config.BrowserStackConfig - Cli Config passed - {}
12:49:48.205 [main] INFO  c.b.config.BrowserStackConfig - Detected Framework testng
12:49:48.478 [main] INFO  c.browserstack.BrowserStackJavaAgent - Framework set to testng
12:49:48.479 [main] INFO  c.browserstack.BrowserStackJavaAgent - SDK run started with id: 74b13fe4-9d1c-42fa-aeb8-9018dd57c39e
12:49:48.479 [main] INFO  c.b.config.BrowserStackConfig - INFO
12:49:48.486 [main] DEBUG com.browserstack.v2.SdkCliUtils - File /Users/arjun/.browserstack already exist
12:49:48.488 [main] DEBUG com.browserstack.v2.SdkCliUtils - Current CLI Path Found: /Users/arjun/.browserstack/cli/binary-macos-arm64
12:49:49.922 [main] DEBUG com.browserstack.v2.SdkCliUtils - Resolved binary path: /Users/arjun/.browserstack/cli/binary-macos-arm64
12:49:49.924 [main] DEBUG com.browserstack.v2.SdkCLI - startMain: main-process starting
12:49:49.924 [main] INFO  com.browserstack.v2.SdkCLI - spawning command='/Users/arjun/.browserstack/cli/binary-macos-arm64' 'sdk' 'tcp'
12:49:50.233 [ForkJoinPool.commonPool-worker-1] INFO  com.browserstack.v2.SdkCLI - loadCLIParams: start binSessionId=bdd1efea-bff9-4f08-95a2-7c3b5f545b59 listenAddress=127.0.0.1:5400
12:49:50.233 [main] DEBUG com.browserstack.v2.SdkCLI - startMain: main-process started
12:49:50.233 [main] DEBUG com.browserstack.v2.SdkCLI - startMain: main-process connecting {port=5400, listen=127.0.0.1:5400, id=bdd1efea-bff9-4f08-95a2-7c3b5f545b59}
12:49:50.239 [main] DEBUG com.browserstack.v2.SdkCliUtils - File /Users/arjun/.browserstack already exist
12:49:59.262 [main] DEBUG com.browserstack.v2.SdkCLI - start-bin-session=bin_session_id: "bdd1efea-bff9-4f08-95a2-7c3b5f545b59"
config: "{\"userName\":\"arjun153\",\"accessKey\":\"pBUjJCeGYhbsRaET7AUb\",\"framework\":\"testng\",\"platforms\":[{\"os\":\"Windows\",\"osVersion\":\"10\",\"browserName\":\"Chrome\",\"browserVersion\":\"136.0\"}],\"parallelsPerPlatform\":1,\"browserstackLocal\":true,\"buildName\":\"testathon_Arjun Build\",\"projectName\":\"testathon_Arjun\",\"CUSTOM_TAG_1\":\"testathon_Arjun_tag\",\"networkLogs\":true,\"consoleLogs\":\"info\",\"percy\":false,\"percyCaptureMode\":\"auto\",\"testObservability\":true,\"accessibility\":false,\"browserstackAutomation\":true,\"selfHeal\":false,\"disableAutoCaptureLogs\":false,\"testhub\":true,\"testContextOptions\":{\"skipSessionStatus\":false,\"skipSessionName\":false},\"logDir\":\"/Users/arjun/Downloads/testng-browserstack-master/log\",\"buildIdentifier\":\"#${BUILD_NUMBER}\",\"browserStackLocalOptions\":{\"localIdentifier\":\"Sep_27_1249_ArjunBM-MBP_8psy\",\"key\":\"pBUjJCeGYhbsRaET7AUb\",\"skipBinaryInitialisation\":false},\"testOrchestrationOptions\":{\"retryTestsOnFailure\":{},\"abortBuildOnFailure\":{}},\"apis\":{\"automate\":{\"hub\":\"https://hub.browserstack.com\",\"cdp\":\"https://cdp.browserstack.com\",\"api\":\"https://api.browserstack.com\",\"upload\":\"https://api-cloud.browserstack.com\"},\"appAutomate\":{\"hub\":\"https://hub.browserstack.com\",\"api\":\"https://api.browserstack.com\",\"upload\":\"https://api-cloud.browserstack.com\"},\"percy\":{\"api\":\"https://api.browserstack.com\"},\"turboScale\":{\"api\":\"https://grid.browserstack.com\"},\"accessibility\":{\"api\":\"https://accessibility.browserstack.com\"},\"appAccessibility\":{\"api\":\"https://app-accessibility.browserstack.com\"},\"observability\":{\"api\":\"https://collector-observability.browserstack.com\",\"upload\":\"https://upload-observability.browserstack.com\"},\"configServer\":{\"api\":\"https://sdk.browserstack.com\"},\"edsInstrumentation\":{\"api\":\"https://eds.browserstack.com\"},\"tcg\":{\"api\":\"https://tcg.browserstack.com\"}},\"hubUrl\":\"https://hub.browserstack.com/wd/hub\",\"proxySettings\":{}}"
testhub {
  jwt: "eyJhbGciOiJSUzI1NiJ9.eyJleHAiOiIxNzU4OTY4MzkwIiwiaXNzIjoid3d3LmJyb3dzZXJzdGFjay5jb20iLCJzdWIiOjI1ODY1MTIsInNjb3BlIjp7InByb2R1Y3QiOiJzZGsiLCJ1c2VyX2FjY2VzcyI6eyJ0ZXN0X29ic2VydmFiaWxpdHkiOjEsImF1dG9tYXRlIjoxLCJhcHBfYXV0b21hdGUiOjEsInBlcmN5IjoxLCJhcHBfcGVyY3kiOjEsImFjY2Vzc2liaWxpdHlfdGVzdGluZyI6MCwiYXBwX2FjY2Vzc2liaWxpdHlfdGVzdGluZyI6MSwiYXV0b21hdGVfdHVyYm9zY2FsZSI6MSwibG93X2NvZGVfYXV0b21hdGlvbiI6MX0sImlhYW1fcm9sZSI6Im93bmVyIn0sImdyb3VwX2lkIjoyNTQ2MTUwLCJ0ZWFtX2lkIjpudWxsLCJ1ZGFjX2FjY2VzcyI6Imdsb2JhbCJ9.FNaeOywjFwhH6A-q2lHyNF5BDuQ-a18reIJhOdZ4Fnyb2CBCbZgSMfT1VWRFYWK3YhA8G1vVJ8RVnyG7zYgJId6uj3GIfnKtN3rsL-bLUqaM_tMg-CQEfOeizn9s9aEEyhDqFFR7-l2AALigW-AvEWB4p0MFCiZk54VnwoNrinZfZebxmJdB-2Dx_eEtnIsaNEChmJtFSe-4NbWHAzCTIFJi0fe0HkDSyi_eC5yAbt6FYep5xb8C7OM3abSnYdeBVpTYeHEPYI4Aw9a-07ESllPv9ZeX8qULQSaX2UMf88FzlEvTAnwF0nmzYXzcZbfC7tkGL1EXQ1nYax66NBW04A"
  build_hashed_id: "31rccpp6ffw8jscqau269akgxat2wnedwqyv3qyu"
  testhub_events: true
}
observability {
  success: true
}
session_framework: ""
8: "selenium"

12:49:59.269 [main] DEBUG com.browserstack.v2.SdkCLI - startChild: child-process connecting
12:49:59.586 [main] DEBUG com.browserstack.v2.SdkCLI - connect-bin-session=bin_session_id: "bdd1efea-bff9-4f08-95a2-7c3b5f545b59"
config: "{\"userName\":\"arjun153\",\"accessKey\":\"pBUjJCeGYhbsRaET7AUb\",\"framework\":\"testng\",\"platforms\":[{\"os\":\"Windows\",\"osVersion\":\"10\",\"browserName\":\"Chrome\",\"browserVersion\":\"136.0\"}],\"parallelsPerPlatform\":1,\"browserstackLocal\":true,\"buildName\":\"testathon_Arjun Build\",\"projectName\":\"testathon_Arjun\",\"CUSTOM_TAG_1\":\"testathon_Arjun_tag\",\"networkLogs\":true,\"consoleLogs\":\"info\",\"percy\":false,\"percyCaptureMode\":\"auto\",\"testObservability\":true,\"accessibility\":false,\"browserstackAutomation\":true,\"selfHeal\":false,\"disableAutoCaptureLogs\":false,\"testhub\":true,\"testContextOptions\":{\"skipSessionStatus\":false,\"skipSessionName\":false},\"logDir\":\"/Users/arjun/Downloads/testng-browserstack-master/log\",\"buildIdentifier\":\"#${BUILD_NUMBER}\",\"browserStackLocalOptions\":{\"localIdentifier\":\"Sep_27_1249_ArjunBM-MBP_8psy\",\"key\":\"pBUjJCeGYhbsRaET7AUb\",\"skipBinaryInitialisation\":false},\"testOrchestrationOptions\":{\"retryTestsOnFailure\":{},\"abortBuildOnFailure\":{}},\"apis\":{\"automate\":{\"hub\":\"https://hub.browserstack.com\",\"cdp\":\"https://cdp.browserstack.com\",\"api\":\"https://api.browserstack.com\",\"upload\":\"https://api-cloud.browserstack.com\"},\"appAutomate\":{\"hub\":\"https://hub.browserstack.com\",\"api\":\"https://api.browserstack.com\",\"upload\":\"https://api-cloud.browserstack.com\"},\"percy\":{\"api\":\"https://api.browserstack.com\"},\"turboScale\":{\"api\":\"https://grid.browserstack.com\"},\"accessibility\":{\"api\":\"https://accessibility.browserstack.com\"},\"appAccessibility\":{\"api\":\"https://app-accessibility.browserstack.com\"},\"observability\":{\"api\":\"https://collector-observability.browserstack.com\",\"upload\":\"https://upload-observability.browserstack.com\"},\"configServer\":{\"api\":\"https://sdk.browserstack.com\"},\"edsInstrumentation\":{\"api\":\"https://eds.browserstack.com\"},\"tcg\":{\"api\":\"https://tcg.browserstack.com\"}},\"hubUrl\":\"https://hub-aps.browserstack.com/wd/hub\",\"proxySettings\":{}}"
testhub {
  jwt: "eyJhbGciOiJSUzI1NiJ9.eyJleHAiOiIxNzU4OTY4MzkwIiwiaXNzIjoid3d3LmJyb3dzZXJzdGFjay5jb20iLCJzdWIiOjI1ODY1MTIsInNjb3BlIjp7InByb2R1Y3QiOiJzZGsiLCJ1c2VyX2FjY2VzcyI6eyJ0ZXN0X29ic2VydmFiaWxpdHkiOjEsImF1dG9tYXRlIjoxLCJhcHBfYXV0b21hdGUiOjEsInBlcmN5IjoxLCJhcHBfcGVyY3kiOjEsImFjY2Vzc2liaWxpdHlfdGVzdGluZyI6MCwiYXBwX2FjY2Vzc2liaWxpdHlfdGVzdGluZyI6MSwiYXV0b21hdGVfdHVyYm9zY2FsZSI6MSwibG93X2NvZGVfYXV0b21hdGlvbiI6MX0sImlhYW1fcm9sZSI6Im93bmVyIn0sImdyb3VwX2lkIjoyNTQ2MTUwLCJ0ZWFtX2lkIjpudWxsLCJ1ZGFjX2FjY2VzcyI6Imdsb2JhbCJ9.FNaeOywjFwhH6A-q2lHyNF5BDuQ-a18reIJhOdZ4Fnyb2CBCbZgSMfT1VWRFYWK3YhA8G1vVJ8RVnyG7zYgJId6uj3GIfnKtN3rsL-bLUqaM_tMg-CQEfOeizn9s9aEEyhDqFFR7-l2AALigW-AvEWB4p0MFCiZk54VnwoNrinZfZebxmJdB-2Dx_eEtnIsaNEChmJtFSe-4NbWHAzCTIFJi0fe0HkDSyi_eC5yAbt6FYep5xb8C7OM3abSnYdeBVpTYeHEPYI4Aw9a-07ESllPv9ZeX8qULQSaX2UMf88FzlEvTAnwF0nmzYXzcZbfC7tkGL1EXQ1nYax66NBW04A"
  build_hashed_id: "31rccpp6ffw8jscqau269akgxat2wnedwqyv3qyu"
  testhub_events: true
}
observability {
  success: true
}
session_framework: "selenium"
test_orchestration {
  retry_tests_on_failure {
  }
  abort_build_on_failure {
  }
}

12:49:59.589 [main] INFO  com.browserstack.v2.SdkCLI - loadBinResponse: Loading modules as per LoadBinResponse=bin_session_id: "bdd1efea-bff9-4f08-95a2-7c3b5f545b59"
config: "{\"userName\":\"arjun153\",\"accessKey\":\"pBUjJCeGYhbsRaET7AUb\",\"framework\":\"testng\",\"platforms\":[{\"os\":\"Windows\",\"osVersion\":\"10\",\"browserName\":\"Chrome\",\"browserVersion\":\"136.0\"}],\"parallelsPerPlatform\":1,\"browserstackLocal\":true,\"buildName\":\"testathon_Arjun Build\",\"projectName\":\"testathon_Arjun\",\"CUSTOM_TAG_1\":\"testathon_Arjun_tag\",\"networkLogs\":true,\"consoleLogs\":\"info\",\"percy\":false,\"percyCaptureMode\":\"auto\",\"testObservability\":true,\"accessibility\":false,\"browserstackAutomation\":true,\"selfHeal\":false,\"disableAutoCaptureLogs\":false,\"testhub\":true,\"testContextOptions\":{\"skipSessionStatus\":false,\"skipSessionName\":false},\"logDir\":\"/Users/arjun/Downloads/testng-browserstack-master/log\",\"buildIdentifier\":\"#${BUILD_NUMBER}\",\"browserStackLocalOptions\":{\"localIdentifier\":\"Sep_27_1249_ArjunBM-MBP_8psy\",\"key\":\"pBUjJCeGYhbsRaET7AUb\",\"skipBinaryInitialisation\":false},\"testOrchestrationOptions\":{\"retryTestsOnFailure\":{},\"abortBuildOnFailure\":{}},\"apis\":{\"automate\":{\"hub\":\"https://hub.browserstack.com\",\"cdp\":\"https://cdp.browserstack.com\",\"api\":\"https://api.browserstack.com\",\"upload\":\"https://api-cloud.browserstack.com\"},\"appAutomate\":{\"hub\":\"https://hub.browserstack.com\",\"api\":\"https://api.browserstack.com\",\"upload\":\"https://api-cloud.browserstack.com\"},\"percy\":{\"api\":\"https://api.browserstack.com\"},\"turboScale\":{\"api\":\"https://grid.browserstack.com\"},\"accessibility\":{\"api\":\"https://accessibility.browserstack.com\"},\"appAccessibility\":{\"api\":\"https://app-accessibility.browserstack.com\"},\"observability\":{\"api\":\"https://collector-observability.browserstack.com\",\"upload\":\"https://upload-observability.browserstack.com\"},\"configServer\":{\"api\":\"https://sdk.browserstack.com\"},\"edsInstrumentation\":{\"api\":\"https://eds.browserstack.com\"},\"tcg\":{\"api\":\"https://tcg.browserstack.com\"}},\"hubUrl\":\"https://hub-aps.browserstack.com/wd/hub\",\"proxySettings\":{}}"
testhub {
  jwt: "eyJhbGciOiJSUzI1NiJ9.eyJleHAiOiIxNzU4OTY4MzkwIiwiaXNzIjoid3d3LmJyb3dzZXJzdGFjay5jb20iLCJzdWIiOjI1ODY1MTIsInNjb3BlIjp7InByb2R1Y3QiOiJzZGsiLCJ1c2VyX2FjY2VzcyI6eyJ0ZXN0X29ic2VydmFiaWxpdHkiOjEsImF1dG9tYXRlIjoxLCJhcHBfYXV0b21hdGUiOjEsInBlcmN5IjoxLCJhcHBfcGVyY3kiOjEsImFjY2Vzc2liaWxpdHlfdGVzdGluZyI6MCwiYXBwX2FjY2Vzc2liaWxpdHlfdGVzdGluZyI6MSwiYXV0b21hdGVfdHVyYm9zY2FsZSI6MSwibG93X2NvZGVfYXV0b21hdGlvbiI6MX0sImlhYW1fcm9sZSI6Im93bmVyIn0sImdyb3VwX2lkIjoyNTQ2MTUwLCJ0ZWFtX2lkIjpudWxsLCJ1ZGFjX2FjY2VzcyI6Imdsb2JhbCJ9.FNaeOywjFwhH6A-q2lHyNF5BDuQ-a18reIJhOdZ4Fnyb2CBCbZgSMfT1VWRFYWK3YhA8G1vVJ8RVnyG7zYgJId6uj3GIfnKtN3rsL-bLUqaM_tMg-CQEfOeizn9s9aEEyhDqFFR7-l2AALigW-AvEWB4p0MFCiZk54VnwoNrinZfZebxmJdB-2Dx_eEtnIsaNEChmJtFSe-4NbWHAzCTIFJi0fe0HkDSyi_eC5yAbt6FYep5xb8C7OM3abSnYdeBVpTYeHEPYI4Aw9a-07ESllPv9ZeX8qULQSaX2UMf88FzlEvTAnwF0nmzYXzcZbfC7tkGL1EXQ1nYax66NBW04A"
  build_hashed_id: "31rccpp6ffw8jscqau269akgxat2wnedwqyv3qyu"
  testhub_events: true
}
observability {
  success: true
}
session_framework: "selenium"
test_orchestration {
  retry_tests_on_failure {
  }
  abort_build_on_failure {
  }
}

12:49:59.596 [main] DEBUG com.browserstack.v2.SdkCLI - loadBinResponse: configured module=WebdriverModule & bdd1efea-bff9-4f08-95a2-7c3b5f545b59
12:49:59.596 [main] DEBUG com.browserstack.v2.SdkCLI - loadBinResponse: configured module=ObservabilityModule & bdd1efea-bff9-4f08-95a2-7c3b5f545b59
12:49:59.596 [main] DEBUG com.browserstack.v2.SdkCLI - loadBinResponse: configured module=TestHubModule & bdd1efea-bff9-4f08-95a2-7c3b5f545b59
12:49:59.604 [main] INFO  com.browserstack.v2.SdkCLI - startChild: child-process connected
12:49:59.611 [main] INFO  com.browserstack.v2.SdkCLI - startMain: main-process connected
12:50:02.944 [main] INFO  c.browserstack.BrowserStackJavaAgent - Project and debug logs are captured by default. To disable, set disableAutoCaptureLogs: true in config.
12:50:02.955 [main] INFO  com.browserstack.testOps.Listener - onStart: CLI is active
12:50:03.138 [main] DEBUG com.browserstack.v2.SdkCLI - Setting up testng framework
12:50:03.138 [main] DEBUG com.browserstack.v2.SdkCLI - Setting up selenium framework
12:50:03.231 [main] INFO  com.browserstack.testOps.Listener - logCreated: CLI is active
12:50:03.241 [TestNG-tests-1] INFO  c.b.v2.framework.TestNgFramework - trackTestNgTest: saved instance contextId=499981248 target=testng-browserstack-master-0@0 instances=[499981248]
12:50:03.241 [TestNG-tests-1] INFO  c.b.v2.framework.TestNgFramework - trackEvent: found instance, testFrameworkState=TestFrameworkState.INIT_TEST hookState=HookState.PRE instance=499981248
12:50:03.241 [TestNG-tests-1] INFO  c.b.v2.framework.TestNgFramework - trackEvent: loaded instance, testFrameworkState=TestFrameworkState.INIT_TEST hookState=HookState.PRE instance=499981248
12:50:03.253 [testng-browserstack-master-0@0] INFO  c.b.v2.framework.TestNgFramework - trackEvent: found instance, testFrameworkState=TestFrameworkState.BEFORE_METHOD hookState=HookState.PRE instance=499981248
12:50:03.253 [testng-browserstack-master-0@0] INFO  c.b.v2.framework.TestNgFramework - trackEvent: loaded common test data, testFrameworkState=TestFrameworkState.BEFORE_METHOD hookState=HookState.PRE instance=499981248
12:50:03.253 [testng-browserstack-master-0@0] INFO  c.b.v2.framework.TestNgFramework - trackEvent: track hook events
12:50:03.262 [testng-browserstack-master-0@0] INFO  c.b.v2.framework.TestNgFramework - args CHECK = [TestResult name=setUp status=STARTED method=SeleniumTest.setUp()[pri:0, instance:com.browserstack.ValidateHomePageLanding@6cd5122d] output={null}]
12:50:03.264 [testng-browserstack-master-0@0] INFO  c.b.v2.framework.TestNgFramework - Hook Started in PRE key = BEFORE_METHOD & hook = {hook_name=setUp, hook_result=pending, test_file_path=testng-browserstack-master/src/test/java/com/browserstack/ValidateHomePageLanding.java, event_started_at=2025-09-27T12:50:03.263913, hook_id=95726df3-01cb-427f-9da9-94a0824394ae, hook_logs=[], key=BEFORE_METHOD, custom_metadata={}, test_location=testng-browserstack-master/src/test/java/com/browserstack/ValidateHomePageLanding.java}  and args = [[TestResult name=setUp status=STARTED method=SeleniumTest.setUp()[pri:0, instance:com.browserstack.ValidateHomePageLanding@6cd5122d] output={null}], SeleniumTest.setUp()[pri:0, instance:com.browserstack.ValidateHomePageLanding@6cd5122d]]
12:50:03.264 [testng-browserstack-master-0@0] INFO  c.b.v2.framework.TestNgFramework - trackHookEvents: hook state=BEFORE_METHOD.HookState.PRE , hooks started={BEFORE_METHOD=[{hook_name=setUp, hook_result=pending, test_file_path=testng-browserstack-master/src/test/java/com/browserstack/ValidateHomePageLanding.java, event_started_at=2025-09-27T12:50:03.263913, hook_id=95726df3-01cb-427f-9da9-94a0824394ae, hook_logs=[], key=BEFORE_METHOD, custom_metadata={}, test_location=testng-browserstack-master/src/test/java/com/browserstack/ValidateHomePageLanding.java}]} , hooks finished={BEFORE_METHOD=[]}
12:50:03.274 [testng-browserstack-master-0@0] INFO  c.b.v2.module.TestHubModule - sendTestFrameworkEvent: event=com.browserstack.v2.eventBus.Event@1b9ed5b6, response=success: true

12:50:03.376 [setUp@0] INFO  c.b.v2.framework.TestNgFramework - trackEvent: found instance, testFrameworkState=TestFrameworkState.LOG hookState=HookState.PRE instance=499981248
12:50:03.376 [setUp@0] INFO  c.b.v2.framework.TestNgFramework - trackEvent: load log entries
12:50:03.383 [setUp@0] INFO  c.b.v2.module.TestHubModule - sendLogCreatedEvent: event=com.browserstack.v2.eventBus.Event@e8bbaf8, response=success: true

12:50:03.384 [setUp@0] INFO  c.b.v2.module.TestHubModule - sendLogCreatedEvent: event=com.browserstack.v2.eventBus.Event@e8bbaf8
12:50:03.387 [setUp@0] INFO  c.b.v2.framework.TestNgFramework - trackEvent: found instance, testFrameworkState=TestFrameworkState.LOG hookState=HookState.PRE instance=499981248
12:50:03.387 [setUp@0] INFO  c.b.v2.framework.TestNgFramework - trackEvent: load log entries
12:50:03.389 [setUp@0] INFO  c.b.v2.module.TestHubModule - sendLogCreatedEvent: event=com.browserstack.v2.eventBus.Event@2df02062, response=success: true

12:50:03.389 [setUp@0] INFO  c.b.v2.module.TestHubModule - sendLogCreatedEvent: event=com.browserstack.v2.eventBus.Event@2df02062
12:50:03.392 [setUp@0] INFO  c.b.v2.framework.TestNgFramework - trackEvent: found instance, testFrameworkState=TestFrameworkState.LOG hookState=HookState.PRE instance=499981248
12:50:03.392 [setUp@0] INFO  c.b.v2.framework.TestNgFramework - trackEvent: load log entries
12:50:03.394 [setUp@0] INFO  c.b.v2.module.TestHubModule - sendLogCreatedEvent: event=com.browserstack.v2.eventBus.Event@c95587e, response=success: true

12:50:03.394 [setUp@0] INFO  c.b.v2.module.TestHubModule - sendLogCreatedEvent: event=com.browserstack.v2.eventBus.Event@c95587e
12:50:03.421 [setUp@0] INFO  c.b.v2.framework.TestNgFramework - trackEvent: found instance, testFrameworkState=TestFrameworkState.LOG hookState=HookState.PRE instance=499981248
12:50:03.421 [setUp@0] INFO  c.b.v2.framework.TestNgFramework - trackEvent: load log entries
12:50:03.424 [setUp@0] INFO  c.b.v2.module.TestHubModule - sendLogCreatedEvent: event=com.browserstack.v2.eventBus.Event@3e7f5067, response=success: true

12:50:03.424 [setUp@0] INFO  c.b.v2.module.TestHubModule - sendLogCreatedEvent: event=com.browserstack.v2.eventBus.Event@3e7f5067
12:50:03.595 [setUp@0] INFO  c.b.v2.framework.SeleniumFramework - trackSeleniumTest: saved instance contextId=385625474 target=4231:59 instances=[385625474]
12:50:03.595 [setUp@0] INFO  c.b.v2.module.WebdriverModule - onBeforeDriverCreate: event=com.browserstack.v2.eventBus.Event@5820dca6
12:50:03.600 [setUp@0] INFO  c.b.v2.module.WebdriverModule - onBeforeDriverCreate: event=com.browserstack.v2.eventBus.Event@5820dca6
12:50:03.637 [setUp@0] INFO  c.b.v2.module.WebdriverModule - beforeCommandExecute: event=com.browserstack.v2.eventBus.Event@29e86fe
12:50:03.637 [setUp@0] INFO  c.b.v2.module.WebdriverModule - beforeCommandExecute: event=com.browserstack.v2.eventBus.Event@29e86fe
12:50:12.164 [setUp@0] INFO  c.b.v2.module.WebdriverModule - afterCommandExecute: event=com.browserstack.v2.eventBus.Event@4a1da50a
12:50:12.164 [setUp@0] INFO  c.b.v2.module.WebdriverModule - afterCommandExecute: event=com.browserstack.v2.eventBus.Event@4a1da50a
12:50:12.164 [setUp@0] INFO  c.b.v2.module.ObservabilityModule - THREAD ID Inside Process= 59
12:50:12.164 [setUp@0] INFO  c.b.v2.module.ObservabilityModule - Processing TestLevel attachments from directory: /Users/arjun/.browserstack/UploadedAttachments-59/TestLevel
12:50:12.164 [setUp@0] INFO  c.b.v2.module.ObservabilityModule - Processing BuildLevel attachments from directory: /Users/arjun/.browserstack/UploadedAttachments-59/BuildLevel
12:50:12.164 [setUp@0] INFO  c.b.v2.module.ObservabilityModule - Processing attachments eventLogs: []
12:50:12.164 [setUp@0] INFO  c.b.v2.module.ObservabilityModule - sendLogCreatedEvent: No Log Events to send
12:50:12.169 [setUp@0] INFO  c.b.v2.framework.SeleniumFramework - trackSeleniumTest: saved instance contextId=385625474 target=4231:59 instances=[385625474]
12:50:12.170 [setUp@0] INFO  c.b.v2.module.WebdriverModule - onDriverCreated: event=com.browserstack.v2.eventBus.Event@6b38b99d
12:50:12.170 [setUp@0] INFO  c.b.v2.module.WebdriverModule - Found session id=c52e978fd804c43277cbe753b4b6766a63dc6b22 for instance=com.browserstack.v2.instance.AutomationFrameworkInstance@214d9b35
12:50:12.171 [setUp@0] INFO  c.b.v2.module.WebdriverModule - Driver added successfully to automationFramework
12:50:12.173 [setUp@0] ERROR c.b.v2.module.WebdriverModule - Error AutomationFrameworkStart to start driver with error java.lang.ClassCastException: class java.lang.Object cannot be cast to class browserstack.sdk.v1.Sdk$AutomationFrameworkStartResponse (java.lang.Object is in module java.base of loader 'bootstrap'; browserstack.sdk.v1.Sdk$AutomationFrameworkStartResponse is in unnamed module of loader 'app')
	at com.browserstack.v2.module.WebdriverModule.startDriver(Unknown Source)
	at com.browserstack.v2.module.WebdriverModule.onDriverCreated(Unknown Source)
	at com.browserstack.v2.eventBus.EventDispatcher.notifyModuleObservers(Unknown Source)
	at com.browserstack.v2.framework.AutomationFramework.runHooks(Unknown Source)
	at com.browserstack.v2.framework.SeleniumFramework.trackEvent(Unknown Source)
	at com.browserstack.selenium.SeleniumHandler.persistDriverInstance(Unknown Source)
	at com.browserstack.selenium.SeleniumHandler.afterDriverInit(Unknown Source)
	at org.openqa.selenium.remote.RemoteWebDriver.<init>(RemoteWebDriver.java:174)
	at org.openqa.selenium.chromium.ChromiumDriver.<init>(ChromiumDriver.java:108)
	at org.openqa.selenium.chrome.ChromeDriver.<init>(ChromeDriver.java:106)
	at org.openqa.selenium.chrome.ChromeDriver.<init>(ChromeDriver.java:93)
	at org.openqa.selenium.chrome.ChromeDriver.<init>(ChromeDriver.java:82)
	at com.browserstack.SeleniumTest.setUp(SeleniumTest.java:17)
	at java.base/jdk.internal.reflect.DirectMethodHandleAccessor.invoke(DirectMethodHandleAccessor.java:104)
	at java.base/java.lang.reflect.Method.invoke(Method.java:565)
	at org.testng.internal.MethodInvocationHelper.invokeMethod(MethodInvocationHelper.java:133)
	at org.testng.internal.MethodInvocationHelper.invokeMethodConsideringTimeout(MethodInvocationHelper.java:62)
	at org.testng.internal.ConfigInvoker.invokeConfigurationMethod(ConfigInvoker.java:385)
	at org.testng.internal.ConfigInvoker.invokeConfigurations(ConfigInvoker.java:321)
	at org.testng.internal.TestInvoker.runConfigMethods(TestInvoker.java:700)
	at org.testng.internal.TestInvoker.invokeMethod(TestInvoker.java:527)
	at org.testng.internal.TestInvoker.invokeTestMethod(TestInvoker.java:173)
	at org.testng.internal.MethodRunner.runInSequence(MethodRunner.java:46)
	at org.testng.internal.TestInvoker$MethodInvocationAgent.invoke(TestInvoker.java:824)
	at org.testng.internal.TestInvoker.invokeTestMethods(TestInvoker.java:146)
	at org.testng.internal.TestMethodWorker.invokeTestMethods(TestMethodWorker.java:146)
	at org.testng.internal.TestMethodWorker.run(TestMethodWorker.java:128)
	at java.base/java.util.ArrayList.forEach(ArrayList.java:1604)
	at org.testng.TestRunner.privateRun(TestRunner.java:794)
	at org.testng.TestRunner.run(TestRunner.java:596)
	at org.testng.SuiteRunner.runTest(SuiteRunner.java:377)
	at org.testng.SuiteRunner.access$000(SuiteRunner.java:28)
	at org.testng.SuiteRunner$SuiteWorker.run(SuiteRunner.java:418)
	at org.testng.internal.thread.ThreadUtil.lambda$execute$0(ThreadUtil.java:64)
	at java.base/java.util.concurrent.FutureTask.run$$$capture(FutureTask.java:328)
	at java.base/java.util.concurrent.FutureTask.run(FutureTask.java)
	at --- Async.Stack.Trace --- (captured by IntelliJ IDEA debugger)
	at java.base/java.util.concurrent.FutureTask.<init>(FutureTask.java:134)
	at java.base/java.util.concurrent.AbstractExecutorService.newTaskFor(AbstractExecutorService.java:113)
	at java.base/java.util.concurrent.AbstractExecutorService.invokeAll(AbstractExecutorService.java:305)
	at org.testng.internal.thread.ThreadUtil.execute(ThreadUtil.java:70)
	at org.testng.SuiteRunner.runInParallelTestMode(SuiteRunner.java:397)
	at org.testng.SuiteRunner.privateRun(SuiteRunner.java:330)
	at org.testng.SuiteRunner.run(SuiteRunner.java:276)
	at org.testng.SuiteRunnerWorker.runSuite(SuiteRunnerWorker.java:53)
	at org.testng.SuiteRunnerWorker.run(SuiteRunnerWorker.java:96)
	at org.testng.TestNG.runSuitesSequentially(TestNG.java:1212)
	at org.testng.TestNG.runSuitesLocally(TestNG.java:1134)
	at org.testng.TestNG.runSuites(TestNG.java:1063)
	at org.testng.TestNG.run(TestNG.java:1031)
	at com.intellij.rt.testng.IDEARemoteTestNG.run(IDEARemoteTestNG.java:65)
	at com.intellij.rt.testng.RemoteTestNGStarter.main(RemoteTestNGStarter.java:105)

12:50:12.173 [setUp@0] INFO  c.b.v2.module.WebdriverModule - onDriverCreated: event=com.browserstack.v2.eventBus.Event@6b38b99d
12:50:12.173 [setUp@0] INFO  c.b.v2.module.WebdriverModule - Found session id=c52e978fd804c43277cbe753b4b6766a63dc6b22 for instance=com.browserstack.v2.instance.AutomationFrameworkInstance@214d9b35
12:50:12.174 [setUp@0] INFO  c.b.v2.module.WebdriverModule - Driver added successfully to automationFramework
12:50:12.195 [setUp@0] INFO  c.b.v2.framework.TestNgFramework - trackEvent: found instance, testFrameworkState=TestFrameworkState.BEFORE_METHOD hookState=HookState.POST instance=499981248
12:50:12.196 [setUp@0] INFO  c.b.v2.framework.TestNgFramework - trackEvent: loaded common test data, testFrameworkState=TestFrameworkState.BEFORE_METHOD hookState=HookState.POST instance=499981248
12:50:12.196 [setUp@0] INFO  c.b.v2.framework.TestNgFramework - trackEvent: track hook events
12:50:12.199 [setUp@0] INFO  c.b.v2.framework.TestNgFramework - args CHECK = [TestResult name=setUp status=SUCCESS method=SeleniumTest.setUp()[pri:0, instance:com.browserstack.ValidateHomePageLanding@6cd5122d] output={null}]
12:50:12.199 [setUp@0] INFO  c.b.v2.framework.TestNgFramework - Hook List in Post [{hook_name=setUp, hook_result=pending, test_file_path=testng-browserstack-master/src/test/java/com/browserstack/ValidateHomePageLanding.java, event_started_at=2025-09-27T12:50:03.263913, hook_id=95726df3-01cb-427f-9da9-94a0824394ae, hook_logs=[], key=BEFORE_METHOD, custom_metadata={}, test_location=testng-browserstack-master/src/test/java/com/browserstack/ValidateHomePageLanding.java}] and args = [[TestResult name=setUp status=SUCCESS method=SeleniumTest.setUp()[pri:0, instance:com.browserstack.ValidateHomePageLanding@6cd5122d] output={null}], SeleniumTest.setUp()[pri:0, instance:com.browserstack.ValidateHomePageLanding@6cd5122d]]
12:50:12.199 [setUp@0] INFO  c.b.v2.framework.TestNgFramework - Processing HookLevel attachments from directory: /Users/arjun/.browserstack/UploadedAttachments-59/HookLevel
12:50:12.199 [setUp@0] INFO  c.b.v2.framework.TestNgFramework - Checking hookLevelFiles: []
12:50:12.199 [setUp@0] INFO  c.b.v2.framework.TestNgFramework - checking Paths of files = /Users/arjun/.browserstack/UploadedAttachments-59/HookLevel/BuildLevelHookEvent and abs path = /Users/arjun/.browserstack/UploadedAttachments-59/HookLevel/BuildLevelHookEvent 
12:50:12.199 [setUp@0] INFO  c.b.v2.framework.TestNgFramework - Processing BuildLevelHookEvent attachments from directory: /Users/arjun/.browserstack/UploadedAttachments-59/HookLevel/BuildLevelHookEvent
12:50:12.199 [setUp@0] INFO  c.b.v2.framework.TestNgFramework - Processing TestLevel attachments eventLogs: []
12:50:12.199 [setUp@0] INFO  c.b.v2.framework.TestNgFramework - sendLogCreatedEvent: No Log Events to send
12:50:12.199 [setUp@0] INFO  c.b.v2.framework.TestNgFramework - trackHookEvents: hook state=BEFORE_METHOD.HookState.POST , hooks started={BEFORE_METHOD=[]} , hooks finished={BEFORE_METHOD=[{hook_name=setUp, hook_result=passed, test_file_path=testng-browserstack-master/src/test/java/com/browserstack/ValidateHomePageLanding.java, event_started_at=2025-09-27T12:50:03.263913, hook_id=95726df3-01cb-427f-9da9-94a0824394ae, hook_logs=[], logs=[], key=BEFORE_METHOD, custom_metadata={}, event_ended_at=2025-09-27T12:50:12.199304, test_location=testng-browserstack-master/src/test/java/com/browserstack/ValidateHomePageLanding.java}]}
12:50:12.202 [setUp@0] INFO  c.b.v2.module.TestHubModule - sendTestFrameworkEvent: event=com.browserstack.v2.eventBus.Event@788eed83, response=success: true

12:50:12.207 [setUp@0] INFO  c.b.v2.framework.TestNgFramework - trackEvent: found instance, testFrameworkState=TestFrameworkState.TEST hookState=HookState.PRE instance=499981248
12:50:12.210 [setUp@0] INFO  c.b.v2.framework.TestNgFramework - trackEvent: loaded initial test data to instance, testFrameworkState=TestFrameworkState.TEST hookState=HookState.PRE instance=499981248 instanceThreadId=59 testResult=testng-browserstack-master-0 testData={test_uuid=bbe6832f-1ada-4e75-bdf8-6acacadf6ebb, test_file_path=src/test/java/com/browserstack/ValidateHomePageLanding.java, test_scope=Default Suite.com.browserstack.ValidateHomePageLanding, test_meta={}, test_scopes=[Default Suite, com.browserstack.ValidateHomePageLanding], test_code=public void com.browserstack.ValidateHomePageLanding.homeValidation() throws java.lang.Exception, test_session_name=com.browserstack.ValidateHomePageLanding-homeValidation, test_name=homeValidation, test_tags=, custom_metadata={}, test_id=testng-browserstack-master-0@0, test_location=src/test/java/com/browserstack/ValidateHomePageLanding.java}
12:50:12.210 [setUp@0] INFO  c.b.v2.module.WebdriverModule - onBeforeTest: event=com.browserstack.v2.eventBus.Event@3443a399
12:50:12.210 [setUp@0] INFO  c.b.v2.module.WebdriverModule - onBeforeTest: event=com.browserstack.v2.eventBus.Event@3443a399
12:50:12.210 [setUp@0] INFO  c.b.v2.module.TestHubModule - onBeforeTest: event={com.browserstack.v2.eventBus.Event@3443a399}
12:50:12.232 [setUp@0] INFO  c.b.v2.module.TestHubModule - sendTestSessionEvent: event=com.browserstack.v2.eventBus.Event@3443a399, response=success: true

12:50:12.237 [setUp@0] INFO  c.b.v2.module.TestHubModule - sendTestFrameworkEvent: event=com.browserstack.v2.eventBus.Event@3443a399, response=success: true

12:50:12.239 [setUp@0] INFO  c.b.v2.module.ObservabilityModule - onBeforeTest: event={instance=com.browserstack.v2.instance.TestFrameworkInstance@e1421e8, testFrameworkState=TestFrameworkState.TEST, testInstance=com.browserstack.v2.instance.TestFrameworkInstance@e1421e8, autoInstance=[com.browserstack.v2.instance.AutomationFrameworkInstance@214d9b35], hookState=HookState.PRE}
12:50:12.239 [setUp@0] INFO  c.b.v2.module.ObservabilityModule - performTestReportingSync: Performing TEST REPORTING AND ANALYTICS Sync
12:50:12.273 [homeValidation@0] INFO  c.b.v2.module.WebdriverModule - beforeCommandExecute: event=com.browserstack.v2.eventBus.Event@6e3c083c
12:50:12.273 [homeValidation@0] INFO  c.b.v2.module.WebdriverModule - beforeCommandExecute: event=com.browserstack.v2.eventBus.Event@6e3c083c
12:50:14.562 [homeValidation@0] INFO  c.b.v2.module.WebdriverModule - afterCommandExecute: event=com.browserstack.v2.eventBus.Event@3ca781dd
12:50:14.562 [homeValidation@0] INFO  c.b.v2.module.WebdriverModule - afterCommandExecute: event=com.browserstack.v2.eventBus.Event@3ca781dd
12:50:14.562 [homeValidation@0] INFO  c.b.v2.module.ObservabilityModule - THREAD ID Inside Process= 59
12:50:14.563 [homeValidation@0] INFO  c.b.v2.module.ObservabilityModule - Processing TestLevel attachments from directory: /Users/arjun/.browserstack/UploadedAttachments-59/TestLevel
12:50:14.563 [homeValidation@0] INFO  c.b.v2.module.ObservabilityModule - Processing BuildLevel attachments from directory: /Users/arjun/.browserstack/UploadedAttachments-59/BuildLevel
12:50:14.563 [homeValidation@0] INFO  c.b.v2.module.ObservabilityModule - Processing attachments eventLogs: []
12:50:14.563 [homeValidation@0] INFO  c.b.v2.module.ObservabilityModule - sendLogCreatedEvent: No Log Events to send
12:50:14.569 [homeValidation@0] INFO  c.b.v2.module.WebdriverModule - beforeCommandExecute: event=com.browserstack.v2.eventBus.Event@52529993
12:50:14.569 [homeValidation@0] INFO  c.b.v2.module.WebdriverModule - beforeCommandExecute: event=com.browserstack.v2.eventBus.Event@52529993
12:50:14.569 [homeValidation@0] INFO  c.b.v2.module.WebdriverModule - beforeCommandExecute: event=com.browserstack.v2.eventBus.Event@3c86e05f
12:50:14.569 [homeValidation@0] INFO  c.b.v2.module.WebdriverModule - beforeCommandExecute: event=com.browserstack.v2.eventBus.Event@3c86e05f
12:50:22.602 [homeValidation@0] INFO  c.b.v2.module.WebdriverModule - afterCommandExecute: event=com.browserstack.v2.eventBus.Event@5199fb83
12:50:22.602 [homeValidation@0] INFO  c.b.v2.module.WebdriverModule - afterCommandExecute: event=com.browserstack.v2.eventBus.Event@5199fb83
12:50:22.602 [homeValidation@0] INFO  c.b.v2.module.ObservabilityModule - THREAD ID Inside Process= 59
12:50:22.602 [homeValidation@0] INFO  c.b.v2.module.ObservabilityModule - Processing TestLevel attachments from directory: /Users/arjun/.browserstack/UploadedAttachments-59/TestLevel
12:50:22.602 [homeValidation@0] INFO  c.b.v2.module.ObservabilityModule - Processing BuildLevel attachments from directory: /Users/arjun/.browserstack/UploadedAttachments-59/BuildLevel
12:50:22.602 [homeValidation@0] INFO  c.b.v2.module.ObservabilityModule - Processing attachments eventLogs: []
12:50:22.602 [homeValidation@0] INFO  c.b.v2.module.ObservabilityModule - sendLogCreatedEvent: No Log Events to send
12:50:22.606 [homeValidation@0] INFO  c.b.v2.module.WebdriverModule - afterCommandExecute: event=com.browserstack.v2.eventBus.Event@7f69ca38
12:50:22.606 [homeValidation@0] INFO  c.b.v2.module.WebdriverModule - afterCommandExecute: event=com.browserstack.v2.eventBus.Event@7f69ca38
12:50:22.606 [homeValidation@0] INFO  c.b.v2.module.ObservabilityModule - THREAD ID Inside Process= 59
12:50:22.606 [homeValidation@0] INFO  c.b.v2.module.ObservabilityModule - Processing TestLevel attachments from directory: /Users/arjun/.browserstack/UploadedAttachments-59/TestLevel
12:50:22.606 [homeValidation@0] INFO  c.b.v2.module.ObservabilityModule - Processing BuildLevel attachments from directory: /Users/arjun/.browserstack/UploadedAttachments-59/BuildLevel
12:50:22.606 [homeValidation@0] INFO  c.b.v2.module.ObservabilityModule - Processing attachments eventLogs: []
12:50:22.607 [homeValidation@0] INFO  c.b.v2.module.ObservabilityModule - sendLogCreatedEvent: No Log Events to send
12:50:22.610 [homeValidation@0] INFO  c.b.v2.module.WebdriverModule - beforeCommandExecute: event=com.browserstack.v2.eventBus.Event@2ad46e5b
12:50:22.610 [homeValidation@0] INFO  c.b.v2.module.WebdriverModule - beforeCommandExecute: event=com.browserstack.v2.eventBus.Event@2ad46e5b
12:50:22.702 [homeValidation@0] INFO  c.b.v2.module.WebdriverModule - afterCommandExecute: event=com.browserstack.v2.eventBus.Event@220217f3
12:50:22.702 [homeValidation@0] INFO  c.b.v2.module.WebdriverModule - afterCommandExecute: event=com.browserstack.v2.eventBus.Event@220217f3
12:50:22.702 [homeValidation@0] INFO  c.b.v2.module.ObservabilityModule - THREAD ID Inside Process= 59
12:50:22.703 [homeValidation@0] INFO  c.b.v2.module.ObservabilityModule - Processing TestLevel attachments from directory: /Users/arjun/.browserstack/UploadedAttachments-59/TestLevel
12:50:22.703 [homeValidation@0] INFO  c.b.v2.module.ObservabilityModule - Processing BuildLevel attachments from directory: /Users/arjun/.browserstack/UploadedAttachments-59/BuildLevel
12:50:22.703 [homeValidation@0] INFO  c.b.v2.module.ObservabilityModule - Processing attachments eventLogs: []
12:50:22.703 [homeValidation@0] INFO  c.b.v2.module.ObservabilityModule - sendLogCreatedEvent: No Log Events to send
12:50:22.707 [homeValidation@0] INFO  c.b.v2.module.WebdriverModule - beforeCommandExecute: event=com.browserstack.v2.eventBus.Event@20d6925b
12:50:22.707 [homeValidation@0] INFO  c.b.v2.module.WebdriverModule - beforeCommandExecute: event=com.browserstack.v2.eventBus.Event@20d6925b
12:50:22.787 [homeValidation@0] INFO  c.b.v2.module.WebdriverModule - afterCommandExecute: event=com.browserstack.v2.eventBus.Event@18514033
12:50:22.787 [homeValidation@0] INFO  c.b.v2.module.WebdriverModule - afterCommandExecute: event=com.browserstack.v2.eventBus.Event@18514033
12:50:22.787 [homeValidation@0] INFO  c.b.v2.module.ObservabilityModule - THREAD ID Inside Process= 59
12:50:22.789 [homeValidation@0] INFO  c.b.v2.module.ObservabilityModule - Processing TestLevel attachments from directory: /Users/arjun/.browserstack/UploadedAttachments-59/TestLevel
12:50:22.789 [homeValidation@0] INFO  c.b.v2.module.ObservabilityModule - Processing BuildLevel attachments from directory: /Users/arjun/.browserstack/UploadedAttachments-59/BuildLevel
12:50:22.789 [homeValidation@0] INFO  c.b.v2.module.ObservabilityModule - Processing attachments eventLogs: []
12:50:22.789 [homeValidation@0] INFO  c.b.v2.module.ObservabilityModule - sendLogCreatedEvent: No Log Events to send
12:50:22.795 [homeValidation@0] INFO  c.b.v2.module.WebdriverModule - beforeCommandExecute: event=com.browserstack.v2.eventBus.Event@48f9a70f
12:50:22.795 [homeValidation@0] INFO  c.b.v2.module.WebdriverModule - beforeCommandExecute: event=com.browserstack.v2.eventBus.Event@48f9a70f
12:50:22.896 [homeValidation@0] INFO  c.b.v2.module.WebdriverModule - afterCommandExecute: event=com.browserstack.v2.eventBus.Event@771df513
12:50:22.896 [homeValidation@0] INFO  c.b.v2.module.WebdriverModule - afterCommandExecute: event=com.browserstack.v2.eventBus.Event@771df513
12:50:22.896 [homeValidation@0] INFO  c.b.v2.module.ObservabilityModule - THREAD ID Inside Process= 59
12:50:22.896 [homeValidation@0] INFO  c.b.v2.module.ObservabilityModule - Processing TestLevel attachments from directory: /Users/arjun/.browserstack/UploadedAttachments-59/TestLevel
12:50:22.897 [homeValidation@0] INFO  c.b.v2.module.ObservabilityModule - Processing BuildLevel attachments from directory: /Users/arjun/.browserstack/UploadedAttachments-59/BuildLevel
12:50:22.897 [homeValidation@0] INFO  c.b.v2.module.ObservabilityModule - Processing attachments eventLogs: []
12:50:22.897 [homeValidation@0] INFO  c.b.v2.module.ObservabilityModule - sendLogCreatedEvent: No Log Events to send
12:50:22.902 [homeValidation@0] INFO  c.b.v2.module.WebdriverModule - beforeCommandExecute: event=com.browserstack.v2.eventBus.Event@3da2a15e
12:50:22.902 [homeValidation@0] INFO  c.b.v2.module.WebdriverModule - beforeCommandExecute: event=com.browserstack.v2.eventBus.Event@3da2a15e
12:50:23.149 [homeValidation@0] INFO  c.b.v2.module.WebdriverModule - afterCommandExecute: event=com.browserstack.v2.eventBus.Event@5be722f
12:50:23.149 [homeValidation@0] INFO  c.b.v2.module.WebdriverModule - afterCommandExecute: event=com.browserstack.v2.eventBus.Event@5be722f
12:50:23.149 [homeValidation@0] INFO  c.b.v2.module.ObservabilityModule - THREAD ID Inside Process= 59
12:50:23.150 [homeValidation@0] INFO  c.b.v2.module.ObservabilityModule - Processing TestLevel attachments from directory: /Users/arjun/.browserstack/UploadedAttachments-59/TestLevel
12:50:23.150 [homeValidation@0] INFO  c.b.v2.module.ObservabilityModule - Processing BuildLevel attachments from directory: /Users/arjun/.browserstack/UploadedAttachments-59/BuildLevel
12:50:23.150 [homeValidation@0] INFO  c.b.v2.module.ObservabilityModule - Processing attachments eventLogs: []
12:50:23.150 [homeValidation@0] INFO  c.b.v2.module.ObservabilityModule - sendLogCreatedEvent: No Log Events to send
12:50:23.155 [homeValidation@0] INFO  c.b.v2.module.WebdriverModule - beforeCommandExecute: event=com.browserstack.v2.eventBus.Event@70a9e352
12:50:23.155 [homeValidation@0] INFO  c.b.v2.module.WebdriverModule - beforeCommandExecute: event=com.browserstack.v2.eventBus.Event@70a9e352
12:50:23.263 [homeValidation@0] INFO  c.b.v2.module.WebdriverModule - afterCommandExecute: event=com.browserstack.v2.eventBus.Event@12421f58
12:50:23.263 [homeValidation@0] INFO  c.b.v2.module.WebdriverModule - afterCommandExecute: event=com.browserstack.v2.eventBus.Event@12421f58
12:50:23.263 [homeValidation@0] INFO  c.b.v2.module.ObservabilityModule - THREAD ID Inside Process= 59
12:50:23.263 [homeValidation@0] INFO  c.b.v2.module.ObservabilityModule - Processing TestLevel attachments from directory: /Users/arjun/.browserstack/UploadedAttachments-59/TestLevel
12:50:23.263 [homeValidation@0] INFO  c.b.v2.module.ObservabilityModule - Processing BuildLevel attachments from directory: /Users/arjun/.browserstack/UploadedAttachments-59/BuildLevel
12:50:23.263 [homeValidation@0] INFO  c.b.v2.module.ObservabilityModule - Processing attachments eventLogs: []
12:50:23.263 [homeValidation@0] INFO  c.b.v2.module.ObservabilityModule - sendLogCreatedEvent: No Log Events to send
12:50:23.266 [homeValidation@0] INFO  c.b.v2.module.WebdriverModule - beforeCommandExecute: event=com.browserstack.v2.eventBus.Event@66dd8ca
12:50:23.266 [homeValidation@0] INFO  c.b.v2.module.WebdriverModule - beforeCommandExecute: event=com.browserstack.v2.eventBus.Event@66dd8ca
12:50:23.361 [homeValidation@0] INFO  c.b.v2.module.WebdriverModule - afterCommandExecute: event=com.browserstack.v2.eventBus.Event@43b04fb
12:50:23.361 [homeValidation@0] INFO  c.b.v2.module.WebdriverModule - afterCommandExecute: event=com.browserstack.v2.eventBus.Event@43b04fb
12:50:23.361 [homeValidation@0] INFO  c.b.v2.module.ObservabilityModule - THREAD ID Inside Process= 59
12:50:23.361 [homeValidation@0] INFO  c.b.v2.module.ObservabilityModule - Processing TestLevel attachments from directory: /Users/arjun/.browserstack/UploadedAttachments-59/TestLevel
12:50:23.361 [homeValidation@0] INFO  c.b.v2.module.ObservabilityModule - Processing BuildLevel attachments from directory: /Users/arjun/.browserstack/UploadedAttachments-59/BuildLevel
12:50:23.361 [homeValidation@0] INFO  c.b.v2.module.ObservabilityModule - Processing attachments eventLogs: []
12:50:23.361 [homeValidation@0] INFO  c.b.v2.module.ObservabilityModule - sendLogCreatedEvent: No Log Events to send
12:50:23.364 [homeValidation@0] INFO  c.b.v2.module.WebdriverModule - beforeCommandExecute: event=com.browserstack.v2.eventBus.Event@433f478
12:50:23.364 [homeValidation@0] INFO  c.b.v2.module.WebdriverModule - beforeCommandExecute: event=com.browserstack.v2.eventBus.Event@433f478
12:50:23.424 [homeValidation@0] INFO  c.b.v2.module.WebdriverModule - afterCommandExecute: event=com.browserstack.v2.eventBus.Event@6b36e554
12:50:23.424 [homeValidation@0] INFO  c.b.v2.module.WebdriverModule - afterCommandExecute: event=com.browserstack.v2.eventBus.Event@6b36e554
12:50:23.424 [homeValidation@0] INFO  c.b.v2.module.ObservabilityModule - THREAD ID Inside Process= 59
12:50:23.424 [homeValidation@0] INFO  c.b.v2.module.ObservabilityModule - Processing TestLevel attachments from directory: /Users/arjun/.browserstack/UploadedAttachments-59/TestLevel
12:50:23.424 [homeValidation@0] INFO  c.b.v2.module.ObservabilityModule - Processing BuildLevel attachments from directory: /Users/arjun/.browserstack/UploadedAttachments-59/BuildLevel
12:50:23.424 [homeValidation@0] INFO  c.b.v2.module.ObservabilityModule - Processing attachments eventLogs: []
12:50:23.425 [homeValidation@0] INFO  c.b.v2.module.ObservabilityModule - sendLogCreatedEvent: No Log Events to send
12:50:23.427 [homeValidation@0] INFO  c.b.v2.module.WebdriverModule - beforeCommandExecute: event=com.browserstack.v2.eventBus.Event@56a054e7
12:50:23.427 [homeValidation@0] INFO  c.b.v2.module.WebdriverModule - beforeCommandExecute: event=com.browserstack.v2.eventBus.Event@56a054e7
12:50:23.474 [homeValidation@0] INFO  c.b.v2.module.WebdriverModule - afterCommandExecute: event=com.browserstack.v2.eventBus.Event@6d0abe6
12:50:23.474 [homeValidation@0] INFO  c.b.v2.module.WebdriverModule - afterCommandExecute: event=com.browserstack.v2.eventBus.Event@6d0abe6
12:50:23.474 [homeValidation@0] INFO  c.b.v2.module.ObservabilityModule - THREAD ID Inside Process= 59
12:50:23.474 [homeValidation@0] INFO  c.b.v2.module.ObservabilityModule - Processing TestLevel attachments from directory: /Users/arjun/.browserstack/UploadedAttachments-59/TestLevel
12:50:23.475 [homeValidation@0] INFO  c.b.v2.module.ObservabilityModule - Processing BuildLevel attachments from directory: /Users/arjun/.browserstack/UploadedAttachments-59/BuildLevel
12:50:23.475 [homeValidation@0] INFO  c.b.v2.module.ObservabilityModule - Processing attachments eventLogs: []
12:50:23.475 [homeValidation@0] INFO  c.b.v2.module.ObservabilityModule - sendLogCreatedEvent: No Log Events to send
12:50:23.480 [homeValidation@0] INFO  c.b.v2.framework.TestNgFramework - trackEvent: found instance, testFrameworkState=TestFrameworkState.LOG_REPORT hookState=HookState.PRE instance=499981248
12:50:23.481 [homeValidation@0] INFO  c.b.v2.framework.TestNgFramework - trackEvent: found instance, testFrameworkState=TestFrameworkState.LOG_REPORT hookState=HookState.POST instance=499981248
12:50:23.481 [homeValidation@0] INFO  c.b.v2.framework.TestNgFramework - trackEvent: load test results
12:50:23.481 [homeValidation@0] INFO  c.b.v2.framework.TestNgFramework - trackEvent: found instance, testFrameworkState=TestFrameworkState.TEST hookState=HookState.POST instance=499981248
12:50:23.481 [homeValidation@0] INFO  c.b.v2.module.WebdriverModule - onAfterTest: event=com.browserstack.v2.eventBus.Event@6db4e767
12:50:23.481 [homeValidation@0] INFO  c.b.utils.SeleniumMethodUtils - Session Name ID status marking: c52e978fd804c43277cbe753b4b6766a63dc6b22
12:50:24.553 [homeValidation@0] INFO  c.b.utils.SeleniumMethodUtils - Session ID status marking: c52e978fd804c43277cbe753b4b6766a63dc6b22
12:50:25.624 [homeValidation@0] INFO  c.b.v2.module.WebdriverModule - onAfterTest: event=com.browserstack.v2.eventBus.Event@6db4e767
12:50:25.624 [homeValidation@0] INFO  c.b.utils.SeleniumMethodUtils - Session Name ID status marking: c52e978fd804c43277cbe753b4b6766a63dc6b22
12:50:26.018 [homeValidation@0] INFO  c.b.utils.SeleniumMethodUtils - Session ID status marking: c52e978fd804c43277cbe753b4b6766a63dc6b22
12:50:26.417 [homeValidation@0] INFO  c.b.v2.module.TestHubModule - sendTestFrameworkEvent: event=com.browserstack.v2.eventBus.Event@6db4e767, response=success: true

12:50:26.422 [homeValidation@0] INFO  c.b.v2.framework.TestNgFramework - trackEvent: found instance, testFrameworkState=TestFrameworkState.AFTER_METHOD hookState=HookState.PRE instance=499981248
12:50:26.422 [homeValidation@0] INFO  c.b.v2.framework.TestNgFramework - trackEvent: track hook events
12:50:26.427 [homeValidation@0] INFO  c.b.v2.framework.TestNgFramework - args CHECK = [TestResult name=tearDown status=STARTED method=SeleniumTest.tearDown()[pri:0, instance:com.browserstack.ValidateHomePageLanding@6cd5122d] output={null}]
12:50:26.427 [homeValidation@0] INFO  c.b.v2.framework.TestNgFramework - Hook Started in PRE key = AFTER_METHOD & hook = {hook_name=tearDown, hook_result=pending, test_file_path=testng-browserstack-master/src/test/java/com/browserstack/ValidateHomePageLanding.java, event_started_at=2025-09-27T12:50:26.427190, hook_id=722605ee-b500-42c9-b487-8bea4a72164a, hook_logs=[], key=AFTER_METHOD, custom_metadata={}, test_location=testng-browserstack-master/src/test/java/com/browserstack/ValidateHomePageLanding.java}  and args = [[TestResult name=tearDown status=STARTED method=SeleniumTest.tearDown()[pri:0, instance:com.browserstack.ValidateHomePageLanding@6cd5122d] output={null}], SeleniumTest.tearDown()[pri:0, instance:com.browserstack.ValidateHomePageLanding@6cd5122d]]
12:50:26.427 [homeValidation@0] INFO  c.b.v2.framework.TestNgFramework - trackHookEvents: hook state=AFTER_METHOD.HookState.PRE , hooks started={AFTER_METHOD=[{hook_name=tearDown, hook_result=pending, test_file_path=testng-browserstack-master/src/test/java/com/browserstack/ValidateHomePageLanding.java, event_started_at=2025-09-27T12:50:26.427190, hook_id=722605ee-b500-42c9-b487-8bea4a72164a, hook_logs=[], key=AFTER_METHOD, custom_metadata={}, test_location=testng-browserstack-master/src/test/java/com/browserstack/ValidateHomePageLanding.java}]} , hooks finished={AFTER_METHOD=[]}
12:50:26.432 [homeValidation@0] INFO  c.b.v2.module.TestHubModule - sendTestFrameworkEvent: event=com.browserstack.v2.eventBus.Event@6cb1347d, response=success: true

12:50:26.437 [tearDown@0] INFO  c.b.v2.module.WebdriverModule - onDriverQuit: event=com.browserstack.v2.eventBus.Event@c148b26
12:50:26.440 [tearDown@0] INFO  c.b.v2.module.WebdriverModule - onDriverQuit: event=com.browserstack.v2.eventBus.Event@c148b26
12:50:26.452 [tearDown@0] INFO  c.b.v2.module.WebdriverModule - beforeCommandExecute: event=com.browserstack.v2.eventBus.Event@38d1d2d1
12:50:26.452 [tearDown@0] INFO  c.b.v2.module.WebdriverModule - beforeCommandExecute: event=com.browserstack.v2.eventBus.Event@38d1d2d1
12:50:26.452 [tearDown@0] INFO  c.b.v2.module.WebdriverModule - beforeCommandExecute: event=com.browserstack.v2.eventBus.Event@31118ea0
12:50:26.452 [tearDown@0] INFO  c.b.v2.module.WebdriverModule - beforeCommandExecute: event=com.browserstack.v2.eventBus.Event@31118ea0
12:50:27.837 [tearDown@0] INFO  c.b.v2.module.WebdriverModule - afterCommandExecute: event=com.browserstack.v2.eventBus.Event@7fd5d1e5
12:50:27.837 [tearDown@0] INFO  c.b.v2.module.WebdriverModule - afterCommandExecute: event=com.browserstack.v2.eventBus.Event@7fd5d1e5
12:50:27.837 [tearDown@0] INFO  c.b.v2.module.ObservabilityModule - THREAD ID Inside Process= 59
12:50:27.837 [tearDown@0] INFO  c.b.v2.module.ObservabilityModule - Processing TestLevel attachments from directory: /Users/arjun/.browserstack/UploadedAttachments-59/TestLevel
12:50:27.837 [tearDown@0] INFO  c.b.v2.module.ObservabilityModule - Processing BuildLevel attachments from directory: /Users/arjun/.browserstack/UploadedAttachments-59/BuildLevel
12:50:27.837 [tearDown@0] INFO  c.b.v2.module.ObservabilityModule - Processing attachments eventLogs: []
12:50:27.837 [tearDown@0] INFO  c.b.v2.module.ObservabilityModule - sendLogCreatedEvent: No Log Events to send
12:50:27.840 [tearDown@0] INFO  c.b.v2.module.WebdriverModule - afterCommandExecute: event=com.browserstack.v2.eventBus.Event@c6aff53
12:50:27.841 [tearDown@0] INFO  c.b.v2.module.WebdriverModule - afterCommandExecute: event=com.browserstack.v2.eventBus.Event@c6aff53
12:50:27.841 [tearDown@0] INFO  c.b.v2.module.ObservabilityModule - THREAD ID Inside Process= 59
12:50:27.841 [tearDown@0] INFO  c.b.v2.module.ObservabilityModule - Processing TestLevel attachments from directory: /Users/arjun/.browserstack/UploadedAttachments-59/TestLevel
12:50:27.841 [tearDown@0] INFO  c.b.v2.module.ObservabilityModule - Processing BuildLevel attachments from directory: /Users/arjun/.browserstack/UploadedAttachments-59/BuildLevel
12:50:27.841 [tearDown@0] INFO  c.b.v2.module.ObservabilityModule - Processing attachments eventLogs: []
12:50:27.841 [tearDown@0] INFO  c.b.v2.module.ObservabilityModule - sendLogCreatedEvent: No Log Events to send
12:50:27.845 [tearDown@0] INFO  c.b.v2.framework.TestNgFramework - trackEvent: found instance, testFrameworkState=TestFrameworkState.AFTER_METHOD hookState=HookState.POST instance=499981248
12:50:27.845 [tearDown@0] INFO  c.b.v2.framework.TestNgFramework - trackEvent: track hook events
12:50:27.847 [tearDown@0] INFO  c.b.v2.framework.TestNgFramework - args CHECK = [TestResult name=tearDown status=SUCCESS method=SeleniumTest.tearDown()[pri:0, instance:com.browserstack.ValidateHomePageLanding@6cd5122d] output={null}]
12:50:27.848 [tearDown@0] INFO  c.b.v2.framework.TestNgFramework - Hook List in Post [{hook_name=tearDown, hook_result=pending, test_file_path=testng-browserstack-master/src/test/java/com/browserstack/ValidateHomePageLanding.java, event_started_at=2025-09-27T12:50:26.427190, hook_id=722605ee-b500-42c9-b487-8bea4a72164a, hook_logs=[], key=AFTER_METHOD, custom_metadata={}, test_location=testng-browserstack-master/src/test/java/com/browserstack/ValidateHomePageLanding.java}] and args = [[TestResult name=tearDown status=SUCCESS method=SeleniumTest.tearDown()[pri:0, instance:com.browserstack.ValidateHomePageLanding@6cd5122d] output={null}], SeleniumTest.tearDown()[pri:0, instance:com.browserstack.ValidateHomePageLanding@6cd5122d]]
12:50:27.848 [tearDown@0] INFO  c.b.v2.framework.TestNgFramework - Processing HookLevel attachments from directory: /Users/arjun/.browserstack/UploadedAttachments-59/HookLevel
12:50:27.848 [tearDown@0] INFO  c.b.v2.framework.TestNgFramework - Checking hookLevelFiles: []
12:50:27.848 [tearDown@0] INFO  c.b.v2.framework.TestNgFramework - checking Paths of files = /Users/arjun/.browserstack/UploadedAttachments-59/HookLevel/BuildLevelHookEvent and abs path = /Users/arjun/.browserstack/UploadedAttachments-59/HookLevel/BuildLevelHookEvent 
12:50:27.848 [tearDown@0] INFO  c.b.v2.framework.TestNgFramework - Processing BuildLevelHookEvent attachments from directory: /Users/arjun/.browserstack/UploadedAttachments-59/HookLevel/BuildLevelHookEvent
12:50:27.848 [tearDown@0] INFO  c.b.v2.framework.TestNgFramework - Processing TestLevel attachments eventLogs: []
12:50:27.848 [tearDown@0] INFO  c.b.v2.framework.TestNgFramework - sendLogCreatedEvent: No Log Events to send
12:50:27.848 [tearDown@0] INFO  c.b.v2.framework.TestNgFramework - trackHookEvents: hook state=AFTER_METHOD.HookState.POST , hooks started={AFTER_METHOD=[]} , hooks finished={AFTER_METHOD=[{hook_name=tearDown, hook_result=passed, test_file_path=testng-browserstack-master/src/test/java/com/browserstack/ValidateHomePageLanding.java, event_started_at=2025-09-27T12:50:26.427190, hook_id=722605ee-b500-42c9-b487-8bea4a72164a, hook_logs=[], logs=[], key=AFTER_METHOD, custom_metadata={}, event_ended_at=2025-09-27T12:50:27.848139, test_location=testng-browserstack-master/src/test/java/com/browserstack/ValidateHomePageLanding.java}]}
12:50:27.853 [tearDown@0] INFO  c.b.v2.module.TestHubModule - sendTestFrameworkEvent: event=com.browserstack.v2.eventBus.Event@43abc36a, response=success: true

12:50:28.232 [main] ERROR c.b.v2.framework.TestNgFramework - trackEvent: unable to find instance, testFrameworkState=TestFrameworkState.LOG hookState=HookState.PRE argsLength=2
12:50:28.233 [Thread-0] INFO  com.browserstack.testOps.Listener - onComplete: CLI is active
12:50:28.236 [Thread-0] INFO  com.browserstack.v2.SdkCLI - stop: cli stop triggered
12:50:36.857 [Thread-0] DEBUG com.browserstack.v2.SdkCLI - stop-bin-session=success: true
automate_buildlink: "https://automate.browserstack.com/dashboard/v2/builds/43f4b3ec2cd7fc98ee07bb177ca3fb81e3ddeeab"
hashed_id: "43f4b3ec2cd7fc98ee07bb177ca3fb81e3ddeeab"

12:50:36.867 [Thread-0] INFO  com.browserstack.v2.SdkCLI - stop: shutting down CLI
12:50:39.007 [Thread-0] INFO  c.browserstack.utils.UtilityMethods - Visit https://automation.browserstack.com/builds/31rccpp6ffw8jscqau269akgxat2wnedwqyv3qyu to view build report, insights, and many more debugging information all at one place!
12:50:39.007 [Thread-0] INFO  c.b.config.BrowserStackConfig - INFO
12:50:39.008 [Thread-0] INFO  c.browserstack.utils.UtilityMethods - View build on BrowserStack dashboard: https://automate.browserstack.com/dashboard/v2/builds/43f4b3ec2cd7fc98ee07bb177ca3fb81e3ddeeab
12:50:39.008 [Thread-0] INFO  c.b.config.BrowserStackConfig - INFO
12:50:39.011 [Thread-0] INFO  c.browserstack.BrowserStackJavaAgent - SDK run ended for id: 74b13fe4-9d1c-42fa-aeb8-9018dd57c39e, testhub id: 31rccpp6ffw8jscqau269akgxat2wnedwqyv3qyu
12:50:39.011 [Thread-0] INFO  c.b.config.BrowserStackConfig - INFO
