2025-09-27T06:46:00.582Z CLI info [main]     Server listening on port: 5400
2025-09-27T06:46:00.785Z CLI info     Config : {"userName":"arjun153","accessKey":"pBUjJCeGYhbsRaET7AUb","framework":"testng","platforms":[{"os":"Windows","osVersion":"10","browserName":"Chrome","browserVersion":"136.0"},{"os":"OS X","osVersion":"Monterey","browserName":"Safari","browserVersion":"15.6"},{"deviceName":"iPhone 13","osVersion":"15","browserName":"Chromium","deviceOrientation":"portrait"}],"parallelsPerPlatform":1,"browserstackLocal":true,"buildName":"testathon_Arjun Build","projectName":"testathon_Arjun","CUSTOM_TAG_1":"You can set a custom Build Tag here","networkLogs":true,"consoleLogs":"info","percy":false,"percyCaptureMode":"auto"}
2025-09-27T06:46:00.796Z CLI info [testhub:module]  [arjun153]   [ff81bea9-6104-4092-ac89-94f13328af4a]  Starting testhub from 3768:0
2025-09-27T06:46:00.796Z CLI info [testhub:module]  [arjun153]   [ff81bea9-6104-4092-ac89-94f13328af4a]  startBuild: payload=

{"started_at":"2025-09-27T06:46:00.796Z","host_info":{"hostname":"ArjunBM-MBP","platform":"darwin","type":"Darwin","version":"Darwin Kernel Version 24.6.0: Mon Aug 11 21:16:21 PDT 2025; root:xnu-11417.140.69.701.11~1/RELEASE_ARM64_T6000","arch":"arm64"},"ci_info":{"build_number":null},"version_control":{},"project_name":"testathon_Arjun","name":"testathon_Arjun Build","build_identifier":"#${BUILD_NUMBER}","build_run_identifier":null,"description":"","tags":["You can set a custom Build Tag here"],"failed_tests_rerun":false,"accessibility":{"settings":{}},"framework_details":{"frameworkName":"TestNG","frameworkVersion":"7.4.0","sdkVersion":"1.41.1","cliVersion":"1.6.23","language":"java","testFramework":{"name":"selenium","version":"4.1.4"}},"product_map":{"observability":true,"accessibility":null,"percy":false,"automate":true,"app_automate":false},"browserstackAutomation":true,"test_orchestration":{}}
2025-09-27T06:46:00.796Z CLI info  [arjun153]   [ff81bea9-6104-4092-ac89-94f13328af4a]  [PRODUCTION] Making POST request to https://sdk.browserstack.com
2025-09-27T06:46:01.509Z CLI info [testhub:module]  [arjun153]   [ff81bea9-6104-4092-ac89-94f13328af4a]  startBuild: response=q1bgvkyh1e6yacwgn3kt33nfbnycprabxliellrh
2025-09-27T06:46:01.510Z CLI info  [arjun153]  [q1bgvkyh1e6yacwgn3kt33nfbnycprabxliellrh]  [ff81bea9-6104-4092-ac89-94f13328af4a]  [PRODUCTION] Making POST request to https://api.browserstack.com
2025-09-27T06:46:10.221Z CLI info  [arjun153]  [q1bgvkyh1e6yacwgn3kt33nfbnycprabxliellrh]  [ff81bea9-6104-4092-ac89-94f13328af4a]  [PRODUCTION] Making GET request to https://hub.browserstack.com
2025-09-27T06:46:10.484Z CLI info  [arjun153]  [q1bgvkyh1e6yacwgn3kt33nfbnycprabxliellrh]  [ff81bea9-6104-4092-ac89-94f13328af4a]  [PRODUCTION] Making GET request to https://hub-aps.browserstack.com
2025-09-27T06:46:10.645Z CLI info  [arjun153]  [q1bgvkyh1e6yacwgn3kt33nfbnycprabxliellrh]  [ff81bea9-6104-4092-ac89-94f13328af4a]  [PRODUCTION] Making GET request to https://hub-euw.browserstack.com
2025-09-27T06:46:12.010Z CLI info  [arjun153]  [q1bgvkyh1e6yacwgn3kt33nfbnycprabxliellrh]  [ff81bea9-6104-4092-ac89-94f13328af4a]  [PRODUCTION] Making GET request to https://hub-apse.browserstack.com
2025-09-27T06:46:14.886Z CLI info [testhub:request-queue-handler]  [arjun153]  [q1bgvkyh1e6yacwgn3kt33nfbnycprabxliellrh]  [ff81bea9-6104-4092-ac89-94f13328af4a]  Added the event {
  event_type: 'HookRunStarted',
  hook_run: {
    type: 'hook',
    hook_type: 'BEFORE_METHOD',
    framework: 'TestNG',
    uuid: '233de465-207e-4224-b7d9-f025b0705c7d',
    name: 'setUp',
    result: 'pending',
    test_run_id: 'a7cd421e-c958-4bcb-b1ef-79e9f3bc0757',
    body: { lang: 'java', code: null },
    scope: 'Default Suite.com.browserstack.BStackDemoTest',
    custom_metadata: {},
    tags: [],
    scopes: [ 'Default Suite', 'com.browserstack.BStackDemoTest' ],
    file_name: 'testng-browserstack-master/src/test/java/com/browserstack/BStackDemoTest.java',
    vc_filepath: '',
    location: 'testng-browserstack-master/src/test/java/com/browserstack/BStackDemoTest.java',
    started_at: '2025-09-27T06:46:14.873Z'
  },
  logs: []
} to 3768:0
2025-09-27T06:46:14.886Z CLI info [testhub:request-queue-handler]  [arjun153]  [q1bgvkyh1e6yacwgn3kt33nfbnycprabxliellrh]  [ff81bea9-6104-4092-ac89-94f13328af4a]  Added the event {
  event_type: 'HookRunStarted',
  hook_run: {
    type: 'hook',
    hook_type: 'BEFORE_METHOD',
    framework: 'TestNG',
    uuid: 'dd2b41de-4e32-43c5-bac8-a48ca62f0871',
    name: 'setUp',
    result: 'pending',
    test_run_id: '67115d5d-67d9-41bd-ad59-c32c93a0e5c4',
    body: { lang: 'java', code: null },
    scope: 'Default Suite.com.browserstack.BStackDemoTest',
    custom_metadata: {},
    tags: [],
    scopes: [ 'Default Suite', 'com.browserstack.BStackDemoTest' ],
    file_name: 'testng-browserstack-master/src/test/java/com/browserstack/BStackDemoTest.java',
    vc_filepath: '',
    location: 'testng-browserstack-master/src/test/java/com/browserstack/BStackDemoTest.java',
    started_at: '2025-09-27T06:46:14.874Z'
  },
  logs: []
} to 3768:0
2025-09-27T06:46:14.887Z CLI info [testhub:request-queue-handler]  [arjun153]  [q1bgvkyh1e6yacwgn3kt33nfbnycprabxliellrh]  [ff81bea9-6104-4092-ac89-94f13328af4a]  Added the event {
  event_type: 'HookRunStarted',
  hook_run: {
    type: 'hook',
    hook_type: 'BEFORE_METHOD',
    framework: 'TestNG',
    uuid: 'a169dcda-ec74-46e4-bc91-be853838af0c',
    name: 'setUp',
    result: 'pending',
    test_run_id: '2ec53c3e-f8c5-4792-860e-09b3efc1f818',
    body: { lang: 'java', code: null },
    scope: 'Default Suite.com.browserstack.BStackDemoTest',
    custom_metadata: {},
    tags: [],
    scopes: [ 'Default Suite', 'com.browserstack.BStackDemoTest' ],
    file_name: 'testng-browserstack-master/src/test/java/com/browserstack/BStackDemoTest.java',
    vc_filepath: '',
    location: 'testng-browserstack-master/src/test/java/com/browserstack/BStackDemoTest.java',
    started_at: '2025-09-27T06:46:14.873Z'
  },
  logs: []
} to 3768:0
2025-09-27T06:46:15.007Z CLI info [testhub:request-queue-handler]  [arjun153]  [q1bgvkyh1e6yacwgn3kt33nfbnycprabxliellrh]  [ff81bea9-6104-4092-ac89-94f13328af4a]  Added the event {
  event_type: 'LogCreated',
  logs: [
    {
      testFrameworkName: 'TestNG',
      testFrameworkVersion: '7.4.0',
      testFrameworkState: 'LOG',
      timestamp: '2025-09-27T06:46:15.000Z',
      uuid: 'dd2b41de-4e32-43c5-bac8-a48ca62f0871',
      kind: 'TEST_LOG',
      message: '"SLF4J: Failed to load class \\"org.slf4j.impl.StaticLoggerBinder\\"."',
      level: 'ERROR',
      test_run_uuid: 'dd2b41de-4e32-43c5-bac8-a48ca62f0871'
    }
  ]
} to 3768:0
2025-09-27T06:46:15.014Z CLI info [testhub:request-queue-handler]  [arjun153]  [q1bgvkyh1e6yacwgn3kt33nfbnycprabxliellrh]  [ff81bea9-6104-4092-ac89-94f13328af4a]  Added the event {
  event_type: 'LogCreated',
  logs: [
    {
      testFrameworkName: 'TestNG',
      testFrameworkVersion: '7.4.0',
      testFrameworkState: 'LOG',
      timestamp: '2025-09-27T06:46:15.012Z',
      uuid: 'dd2b41de-4e32-43c5-bac8-a48ca62f0871',
      kind: 'TEST_LOG',
      message: '"SLF4J: Defaulting to no-operation (NOP) logger implementation"',
      level: 'ERROR',
      test_run_uuid: 'dd2b41de-4e32-43c5-bac8-a48ca62f0871'
    }
  ]
} to 3768:0
2025-09-27T06:46:15.020Z CLI info [testhub:request-queue-handler]  [arjun153]  [q1bgvkyh1e6yacwgn3kt33nfbnycprabxliellrh]  [ff81bea9-6104-4092-ac89-94f13328af4a]  Added the event {
  event_type: 'LogCreated',
  logs: [
    {
      testFrameworkName: 'TestNG',
      testFrameworkVersion: '7.4.0',
      testFrameworkState: 'LOG',
      timestamp: '2025-09-27T06:46:15.018Z',
      uuid: 'dd2b41de-4e32-43c5-bac8-a48ca62f0871',
      kind: 'TEST_LOG',
      message: '"SLF4J: See http://www.slf4j.org/codes.html#StaticLoggerBinder for further details."',
      level: 'ERROR',
      test_run_uuid: 'dd2b41de-4e32-43c5-bac8-a48ca62f0871'
    }
  ]
} to 3768:0
2025-09-27T06:46:15.052Z CLI info [testhub:request-queue-handler]  [arjun153]  [q1bgvkyh1e6yacwgn3kt33nfbnycprabxliellrh]  [ff81bea9-6104-4092-ac89-94f13328af4a]  Added the event {
  event_type: 'LogCreated',
  logs: [
    {
      testFrameworkName: 'TestNG',
      testFrameworkVersion: '7.4.0',
      testFrameworkState: 'LOG',
      timestamp: '2025-09-27T06:46:15.050Z',
      uuid: 'dd2b41de-4e32-43c5-bac8-a48ca62f0871',
      kind: 'TEST_LOG',
      message: '"WARNING: sun.reflect.Reflection.getCallerClass is not supported. This will impact performance."',
      level: 'INFO',
      test_run_uuid: 'dd2b41de-4e32-43c5-bac8-a48ca62f0871'
    }
  ]
} to 3768:0
2025-09-27T06:46:15.518Z CLI info [testhub:request-queue-handler]  [arjun153]  [q1bgvkyh1e6yacwgn3kt33nfbnycprabxliellrh]  [ff81bea9-6104-4092-ac89-94f13328af4a]  Processing batch event [
  {
    event_type: 'HookRunStarted',
    hook_run: {
      type: 'hook',
      hook_type: 'BEFORE_METHOD',
      framework: 'TestNG',
      uuid: '233de465-207e-4224-b7d9-f025b0705c7d',
      name: 'setUp',
      result: 'pending',
      test_run_id: 'a7cd421e-c958-4bcb-b1ef-79e9f3bc0757',
      body: [Object],
      scope: 'Default Suite.com.browserstack.BStackDemoTest',
      custom_metadata: {},
      tags: [],
      scopes: [Array],
      file_name: 'testng-browserstack-master/src/test/java/com/browserstack/BStackDemoTest.java',
      vc_filepath: '',
      location: 'testng-browserstack-master/src/test/java/com/browserstack/BStackDemoTest.java',
      started_at: '2025-09-27T06:46:14.873Z'
    },
    logs: []
  },
  {
    event_type: 'HookRunStarted',
    hook_run: {
      type: 'hook',
      hook_type: 'BEFORE_METHOD',
      framework: 'TestNG',
      uuid: 'dd2b41de-4e32-43c5-bac8-a48ca62f0871',
      name: 'setUp',
      result: 'pending',
      test_run_id: '67115d5d-67d9-41bd-ad59-c32c93a0e5c4',
      body: [Object],
      scope: 'Default Suite.com.browserstack.BStackDemoTest',
      custom_metadata: {},
      tags: [],
      scopes: [Array],
      file_name: 'testng-browserstack-master/src/test/java/com/browserstack/BStackDemoTest.java',
      vc_filepath: '',
      location: 'testng-browserstack-master/src/test/java/com/browserstack/BStackDemoTest.java',
      started_at: '2025-09-27T06:46:14.874Z'
    },
    logs: []
  },
  {
    event_type: 'HookRunStarted',
    hook_run: {
      type: 'hook',
      hook_type: 'BEFORE_METHOD',
      framework: 'TestNG',
      uuid: 'a169dcda-ec74-46e4-bc91-be853838af0c',
      name: 'setUp',
      result: 'pending',
      test_run_id: '2ec53c3e-f8c5-4792-860e-09b3efc1f818',
      body: [Object],
      scope: 'Default Suite.com.browserstack.BStackDemoTest',
      custom_metadata: {},
      tags: [],
      scopes: [Array],
      file_name: 'testng-browserstack-master/src/test/java/com/browserstack/BStackDemoTest.java',
      vc_filepath: '',
      location: 'testng-browserstack-master/src/test/java/com/browserstack/BStackDemoTest.java',
      started_at: '2025-09-27T06:46:14.873Z'
    },
    logs: []
  },
  { event_type: 'LogCreated', logs: [ [Object] ] },
  { event_type: 'LogCreated', logs: [ [Object] ] },
  { event_type: 'LogCreated', logs: [ [Object] ] },
  { event_type: 'LogCreated', logs: [ [Object] ] }
] to 3768:0
2025-09-27T06:46:15.518Z CLI info  [arjun153]  [q1bgvkyh1e6yacwgn3kt33nfbnycprabxliellrh]  [ff81bea9-6104-4092-ac89-94f13328af4a]  [PRODUCTION] Making POST request to https://collector-observability.browserstack.com
2025-09-27T06:46:24.563Z CLI info [testhub:request-queue-handler]  [arjun153]  [q1bgvkyh1e6yacwgn3kt33nfbnycprabxliellrh]  [ff81bea9-6104-4092-ac89-94f13328af4a]  Added the event {
  event_type: 'HookRunFinished',
  hook_run: {
    type: 'hook',
    hook_type: 'BEFORE_METHOD',
    framework: 'TestNG',
    uuid: '233de465-207e-4224-b7d9-f025b0705c7d',
    name: 'setUp',
    result: 'passed',
    test_run_id: 'a7cd421e-c958-4bcb-b1ef-79e9f3bc0757',
    body: { lang: 'java', code: null },
    scope: 'Default Suite.com.browserstack.BStackDemoTest',
    custom_metadata: {},
    tags: [],
    scopes: [ 'Default Suite', 'com.browserstack.BStackDemoTest' ],
    file_name: 'testng-browserstack-master/src/test/java/com/browserstack/BStackDemoTest.java',
    vc_filepath: '',
    location: 'testng-browserstack-master/src/test/java/com/browserstack/BStackDemoTest.java',
    started_at: '2025-09-27T06:46:14.873Z',
    finished_at: '2025-09-27T06:46:24.549Z'
  },
  logs: []
} to 3768:0
2025-09-27T06:46:24.590Z CLI info [testhub:request-queue-handler]  [arjun153]  [q1bgvkyh1e6yacwgn3kt33nfbnycprabxliellrh]  [ff81bea9-6104-4092-ac89-94f13328af4a]  Added the event {
  event_type: 'CBTSessionCreated',
  test_run: {
    uuid: '99aabe22-854f-4f7c-8032-c319d8c5d849',
    integrations: { browserstack: [Object] }
  }
} to 3768:0
2025-09-27T06:46:24.596Z CLI info [testhub:request-queue-handler]  [arjun153]  [q1bgvkyh1e6yacwgn3kt33nfbnycprabxliellrh]  [ff81bea9-6104-4092-ac89-94f13328af4a]  Added the event {
  event_type: 'TestRunStarted',
  test_run: {
    type: 'test',
    framework: 'TestNG',
    uuid: '99aabe22-854f-4f7c-8032-c319d8c5d849',
    name: 'addProductToCart',
    body: {
      lang: 'java',
      code: 'public void com.browserstack.BStackDemoTest.addProductToCart() throws java.lang.Exception'
    },
    identifier: 'addProductToCart',
    scope: 'Default Suite.com.browserstack.BStackDemoTest',
    scopes: [ 'Default Suite', 'com.browserstack.BStackDemoTest' ],
    file_name: 'src/test/java/com/browserstack/BStackDemoTest.java',
    vc_filepath: '',
    location: 'src/test/java/com/browserstack/BStackDemoTest.java',
    meta: {},
    result: 'pending',
    duration_in_ms: null,
    started_at: '2025-09-27T06:46:24.569Z',
    failure: undefined,
    failure_type: undefined,
    failure_reason: undefined,
    retry_of: null,
    custom_metadata: {},
    tags: [],
    customRerunParam: { rerun_name: 'testng-browserstack-master-0' },
    hooks: [],
    product_map: {
      observability: true,
      accessibility: false,
      percy: false,
      automate: true,
      app_automate: false
    }
  },
  logs: []
} to 3768:0
2025-09-27T06:46:25.226Z CLI info [testhub:request-queue-handler]  [arjun153]  [q1bgvkyh1e6yacwgn3kt33nfbnycprabxliellrh]  [ff81bea9-6104-4092-ac89-94f13328af4a]  Added the event {
  event_type: 'HookRunFinished',
  hook_run: {
    type: 'hook',
    hook_type: 'BEFORE_METHOD',
    framework: 'TestNG',
    uuid: 'dd2b41de-4e32-43c5-bac8-a48ca62f0871',
    name: 'setUp',
    result: 'passed',
    test_run_id: '67115d5d-67d9-41bd-ad59-c32c93a0e5c4',
    body: { lang: 'java', code: null },
    scope: 'Default Suite.com.browserstack.BStackDemoTest',
    custom_metadata: {},
    tags: [],
    scopes: [ 'Default Suite', 'com.browserstack.BStackDemoTest' ],
    file_name: 'testng-browserstack-master/src/test/java/com/browserstack/BStackDemoTest.java',
    vc_filepath: '',
    location: 'testng-browserstack-master/src/test/java/com/browserstack/BStackDemoTest.java',
    started_at: '2025-09-27T06:46:14.874Z',
    finished_at: '2025-09-27T06:46:25.211Z'
  },
  logs: []
} to 3768:0
2025-09-27T06:46:25.237Z CLI info [testhub:request-queue-handler]  [arjun153]  [q1bgvkyh1e6yacwgn3kt33nfbnycprabxliellrh]  [ff81bea9-6104-4092-ac89-94f13328af4a]  Added the event {
  event_type: 'CBTSessionCreated',
  test_run: {
    uuid: '44f9f686-2e18-4ecf-a8bd-008f88ce8149',
    integrations: { browserstack: [Object] }
  }
} to 3768:0
2025-09-27T06:46:25.242Z CLI info [testhub:request-queue-handler]  [arjun153]  [q1bgvkyh1e6yacwgn3kt33nfbnycprabxliellrh]  [ff81bea9-6104-4092-ac89-94f13328af4a]  Added the event {
  event_type: 'TestRunStarted',
  test_run: {
    type: 'test',
    framework: 'TestNG',
    uuid: '44f9f686-2e18-4ecf-a8bd-008f88ce8149',
    name: 'addProductToCart',
    body: {
      lang: 'java',
      code: 'public void com.browserstack.BStackDemoTest.addProductToCart() throws java.lang.Exception'
    },
    identifier: 'addProductToCart',
    scope: 'Default Suite.com.browserstack.BStackDemoTest',
    scopes: [ 'Default Suite', 'com.browserstack.BStackDemoTest' ],
    file_name: 'src/test/java/com/browserstack/BStackDemoTest.java',
    vc_filepath: '',
    location: 'src/test/java/com/browserstack/BStackDemoTest.java',
    meta: {},
    result: 'pending',
    duration_in_ms: null,
    started_at: '2025-09-27T06:46:25.234Z',
    failure: undefined,
    failure_type: undefined,
    failure_reason: undefined,
    retry_of: null,
    custom_metadata: {},
    tags: [],
    customRerunParam: { rerun_name: 'testng-browserstack-master-1' },
    hooks: [],
    product_map: {
      observability: true,
      accessibility: false,
      percy: false,
      automate: true,
      app_automate: false
    }
  },
  logs: []
} to 3768:0
2025-09-27T06:46:25.524Z CLI info [testhub:request-queue-handler]  [arjun153]  [q1bgvkyh1e6yacwgn3kt33nfbnycprabxliellrh]  [ff81bea9-6104-4092-ac89-94f13328af4a]  Processing batch event [
  {
    event_type: 'HookRunFinished',
    hook_run: {
      type: 'hook',
      hook_type: 'BEFORE_METHOD',
      framework: 'TestNG',
      uuid: '233de465-207e-4224-b7d9-f025b0705c7d',
      name: 'setUp',
      result: 'passed',
      test_run_id: 'a7cd421e-c958-4bcb-b1ef-79e9f3bc0757',
      body: [Object],
      scope: 'Default Suite.com.browserstack.BStackDemoTest',
      custom_metadata: {},
      tags: [],
      scopes: [Array],
      file_name: 'testng-browserstack-master/src/test/java/com/browserstack/BStackDemoTest.java',
      vc_filepath: '',
      location: 'testng-browserstack-master/src/test/java/com/browserstack/BStackDemoTest.java',
      started_at: '2025-09-27T06:46:14.873Z',
      finished_at: '2025-09-27T06:46:24.549Z'
    },
    logs: []
  },
  {
    event_type: 'CBTSessionCreated',
    test_run: {
      uuid: '99aabe22-854f-4f7c-8032-c319d8c5d849',
      integrations: [Object]
    }
  },
  {
    event_type: 'TestRunStarted',
    test_run: {
      type: 'test',
      framework: 'TestNG',
      uuid: '99aabe22-854f-4f7c-8032-c319d8c5d849',
      name: 'addProductToCart',
      body: [Object],
      identifier: 'addProductToCart',
      scope: 'Default Suite.com.browserstack.BStackDemoTest',
      scopes: [Array],
      file_name: 'src/test/java/com/browserstack/BStackDemoTest.java',
      vc_filepath: '',
      location: 'src/test/java/com/browserstack/BStackDemoTest.java',
      meta: {},
      result: 'pending',
      duration_in_ms: null,
      started_at: '2025-09-27T06:46:24.569Z',
      failure: undefined,
      failure_type: undefined,
      failure_reason: undefined,
      retry_of: null,
      custom_metadata: {},
      tags: [],
      customRerunParam: [Object],
      hooks: [],
      product_map: [Object]
    },
    logs: []
  },
  {
    event_type: 'HookRunFinished',
    hook_run: {
      type: 'hook',
      hook_type: 'BEFORE_METHOD',
      framework: 'TestNG',
      uuid: 'dd2b41de-4e32-43c5-bac8-a48ca62f0871',
      name: 'setUp',
      result: 'passed',
      test_run_id: '67115d5d-67d9-41bd-ad59-c32c93a0e5c4',
      body: [Object],
      scope: 'Default Suite.com.browserstack.BStackDemoTest',
      custom_metadata: {},
      tags: [],
      scopes: [Array],
      file_name: 'testng-browserstack-master/src/test/java/com/browserstack/BStackDemoTest.java',
      vc_filepath: '',
      location: 'testng-browserstack-master/src/test/java/com/browserstack/BStackDemoTest.java',
      started_at: '2025-09-27T06:46:14.874Z',
      finished_at: '2025-09-27T06:46:25.211Z'
    },
    logs: []
  },
  {
    event_type: 'CBTSessionCreated',
    test_run: {
      uuid: '44f9f686-2e18-4ecf-a8bd-008f88ce8149',
      integrations: [Object]
    }
  },
  {
    event_type: 'TestRunStarted',
    test_run: {
      type: 'test',
      framework: 'TestNG',
      uuid: '44f9f686-2e18-4ecf-a8bd-008f88ce8149',
      name: 'addProductToCart',
      body: [Object],
      identifier: 'addProductToCart',
      scope: 'Default Suite.com.browserstack.BStackDemoTest',
      scopes: [Array],
      file_name: 'src/test/java/com/browserstack/BStackDemoTest.java',
      vc_filepath: '',
      location: 'src/test/java/com/browserstack/BStackDemoTest.java',
      meta: {},
      result: 'pending',
      duration_in_ms: null,
      started_at: '2025-09-27T06:46:25.234Z',
      failure: undefined,
      failure_type: undefined,
      failure_reason: undefined,
      retry_of: null,
      custom_metadata: {},
      tags: [],
      customRerunParam: [Object],
      hooks: [],
      product_map: [Object]
    },
    logs: []
  }
] to 3768:0
2025-09-27T06:46:25.525Z CLI info  [arjun153]  [q1bgvkyh1e6yacwgn3kt33nfbnycprabxliellrh]  [ff81bea9-6104-4092-ac89-94f13328af4a]  [PRODUCTION] Making POST request to https://collector-observability.browserstack.com
2025-09-27T06:46:39.494Z CLI warn [TEST REPORTING AND ANALYTICS:java:testng]  [arjun153]  [q1bgvkyh1e6yacwgn3kt33nfbnycprabxliellrh]  [ff81bea9-6104-4092-ac89-94f13328af4a]  TestRunFinished: event={"test_hook_last_started":"BEFORE_METHOD","test_failure_type":null,"test_rerun_name":"testng-browserstack-master-1","test_result_at":"2025-09-27T12:16:37.547224","test_scope":"Default Suite.com.browserstack.BStackDemoTest","test_framework_name":"TestNG","test_tags":"","cbt_session_created":true,"test_started_at":"2025-09-27T12:16:25.234269","platform_index":0,"test_failure":null,"test_framework_version":"7.4.0","test_logs":[],"test_scopes":["Default Suite","com.browserstack.BStackDemoTest"],"test_code":"public void com.browserstack.BStackDemoTest.addProductToCart() throws java.lang.Exception","test_id":"testng-browserstack-master-1@1","test_uuid":"44f9f686-2e18-4ecf-a8bd-008f88ce8149","test_ended_at":"2025-09-27T12:16:37.547969","automate_session_name":"testng-browserstack-master-11","test_hook_last_finished":"BEFORE_METHOD","test_session_name":"com.browserstack.BStackDemoTest-addProductToCart","test_hook_state":"sdk:hook:19d1b488","custom_metadata":{},"test_failure_reason":null,"test_location":"src/test/java/com/browserstack/BStackDemoTest.java","test_hooks_started":{"BEFORE_METHOD":[]},"test_file_path":"src/test/java/com/browserstack/BStackDemoTest.java","test_result":"passed","test_hooks_finished":{"BEFORE_METHOD":[{"hook_name":"setUp","hook_result":"passed","test_file_path":"testng-browserstack-master/src/test/java/com/browserstack/BStackDemoTest.java","event_started_at":"2025-09-27T12:16:14.874","hook_id":"dd2b41de-4e32-43c5-bac8-a48ca62f0871","hook_logs":[],"logs":[],"key":"BEFORE_METHOD","custom_metadata":{},"event_ended_at":"2025-09-27T12:16:25.211473","test_location":"testng-browserstack-master/src/test/java/com/browserstack/BStackDemoTest.java"}]},"hook_id":"dd2b41de-4e32-43c5-bac8-a48ca62f0871","test_meta":{},"isBrowserstackAutomationSession":true,"test_name":"addProductToCart","logs":[]}
2025-09-27T06:46:39.495Z CLI info [testhub:request-queue-handler]  [arjun153]  [q1bgvkyh1e6yacwgn3kt33nfbnycprabxliellrh]  [ff81bea9-6104-4092-ac89-94f13328af4a]  Added the event {
  event_type: 'TestRunFinished',
  test_run: {
    type: 'test',
    framework: 'TestNG',
    uuid: '44f9f686-2e18-4ecf-a8bd-008f88ce8149',
    name: 'addProductToCart',
    body: {
      lang: 'java',
      code: 'public void com.browserstack.BStackDemoTest.addProductToCart() throws java.lang.Exception'
    },
    identifier: 'addProductToCart',
    scope: 'Default Suite.com.browserstack.BStackDemoTest',
    scopes: [ 'Default Suite', 'com.browserstack.BStackDemoTest' ],
    file_name: 'src/test/java/com/browserstack/BStackDemoTest.java',
    vc_filepath: '',
    location: 'src/test/java/com/browserstack/BStackDemoTest.java',
    meta: {},
    result: 'passed',
    duration_in_ms: 12313,
    started_at: '2025-09-27T06:46:25.234Z',
    finished_at: '2025-09-27T06:46:37.547Z',
    failure: null,
    failure_type: null,
    failure_reason: null,
    retry_of: null,
    custom_metadata: {},
    tags: [],
    customRerunParam: { rerun_name: 'testng-browserstack-master-1' },
    hooks: [ 'dd2b41de-4e32-43c5-bac8-a48ca62f0871' ],
    product_map: {
      observability: true,
      accessibility: false,
      percy: false,
      automate: true,
      app_automate: false
    }
  },
  logs: []
} to 3768:0
2025-09-27T06:46:39.510Z CLI info [testhub:request-queue-handler]  [arjun153]  [q1bgvkyh1e6yacwgn3kt33nfbnycprabxliellrh]  [ff81bea9-6104-4092-ac89-94f13328af4a]  Added the event {
  event_type: 'HookRunStarted',
  hook_run: {
    type: 'hook',
    hook_type: 'AFTER_METHOD',
    framework: 'TestNG',
    uuid: '268d5802-7438-41f7-be10-0e18e876ae79',
    name: 'tearDown',
    result: 'pending',
    test_run_id: '44f9f686-2e18-4ecf-a8bd-008f88ce8149',
    body: { lang: 'java', code: null },
    scope: 'Default Suite.com.browserstack.BStackDemoTest',
    custom_metadata: {},
    tags: [],
    scopes: [ 'Default Suite', 'com.browserstack.BStackDemoTest' ],
    file_name: 'testng-browserstack-master/src/test/java/com/browserstack/BStackDemoTest.java',
    vc_filepath: '',
    location: 'testng-browserstack-master/src/test/java/com/browserstack/BStackDemoTest.java',
    started_at: '2025-09-27T06:46:39.507Z'
  },
  logs: []
} to 3768:0
2025-09-27T06:46:39.532Z CLI info [testhub:request-queue-handler]  [arjun153]  [q1bgvkyh1e6yacwgn3kt33nfbnycprabxliellrh]  [ff81bea9-6104-4092-ac89-94f13328af4a]  Processing batch event [
  {
    event_type: 'TestRunFinished',
    test_run: {
      type: 'test',
      framework: 'TestNG',
      uuid: '44f9f686-2e18-4ecf-a8bd-008f88ce8149',
      name: 'addProductToCart',
      body: [Object],
      identifier: 'addProductToCart',
      scope: 'Default Suite.com.browserstack.BStackDemoTest',
      scopes: [Array],
      file_name: 'src/test/java/com/browserstack/BStackDemoTest.java',
      vc_filepath: '',
      location: 'src/test/java/com/browserstack/BStackDemoTest.java',
      meta: {},
      result: 'passed',
      duration_in_ms: 12313,
      started_at: '2025-09-27T06:46:25.234Z',
      finished_at: '2025-09-27T06:46:37.547Z',
      failure: null,
      failure_type: null,
      failure_reason: null,
      retry_of: null,
      custom_metadata: {},
      tags: [],
      customRerunParam: [Object],
      hooks: [Array],
      product_map: [Object]
    },
    logs: []
  },
  {
    event_type: 'HookRunStarted',
    hook_run: {
      type: 'hook',
      hook_type: 'AFTER_METHOD',
      framework: 'TestNG',
      uuid: '268d5802-7438-41f7-be10-0e18e876ae79',
      name: 'tearDown',
      result: 'pending',
      test_run_id: '44f9f686-2e18-4ecf-a8bd-008f88ce8149',
      body: [Object],
      scope: 'Default Suite.com.browserstack.BStackDemoTest',
      custom_metadata: {},
      tags: [],
      scopes: [Array],
      file_name: 'testng-browserstack-master/src/test/java/com/browserstack/BStackDemoTest.java',
      vc_filepath: '',
      location: 'testng-browserstack-master/src/test/java/com/browserstack/BStackDemoTest.java',
      started_at: '2025-09-27T06:46:39.507Z'
    },
    logs: []
  }
] to 3768:0
2025-09-27T06:46:39.532Z CLI info  [arjun153]  [q1bgvkyh1e6yacwgn3kt33nfbnycprabxliellrh]  [ff81bea9-6104-4092-ac89-94f13328af4a]  [PRODUCTION] Making POST request to https://collector-observability.browserstack.com
2025-09-27T06:46:40.408Z CLI info [testhub:request-queue-handler]  [arjun153]  [q1bgvkyh1e6yacwgn3kt33nfbnycprabxliellrh]  [ff81bea9-6104-4092-ac89-94f13328af4a]  Added the event {
  event_type: 'HookRunFinished',
  hook_run: {
    type: 'hook',
    hook_type: 'BEFORE_METHOD',
    framework: 'TestNG',
    uuid: 'a169dcda-ec74-46e4-bc91-be853838af0c',
    name: 'setUp',
    result: 'passed',
    test_run_id: '2ec53c3e-f8c5-4792-860e-09b3efc1f818',
    body: { lang: 'java', code: null },
    scope: 'Default Suite.com.browserstack.BStackDemoTest',
    custom_metadata: {},
    tags: [],
    scopes: [ 'Default Suite', 'com.browserstack.BStackDemoTest' ],
    file_name: 'testng-browserstack-master/src/test/java/com/browserstack/BStackDemoTest.java',
    vc_filepath: '',
    location: 'testng-browserstack-master/src/test/java/com/browserstack/BStackDemoTest.java',
    started_at: '2025-09-27T06:46:14.873Z',
    finished_at: '2025-09-27T06:46:40.393Z'
  },
  logs: []
} to 3768:0
2025-09-27T06:46:40.416Z CLI info [testhub:request-queue-handler]  [arjun153]  [q1bgvkyh1e6yacwgn3kt33nfbnycprabxliellrh]  [ff81bea9-6104-4092-ac89-94f13328af4a]  Added the event {
  event_type: 'CBTSessionCreated',
  test_run: {
    uuid: '8e316018-7943-4f5a-a57c-e60fd8e28ef2',
    integrations: { browserstack: [Object] }
  }
} to 3768:0
2025-09-27T06:46:40.420Z CLI info [testhub:request-queue-handler]  [arjun153]  [q1bgvkyh1e6yacwgn3kt33nfbnycprabxliellrh]  [ff81bea9-6104-4092-ac89-94f13328af4a]  Added the event {
  event_type: 'TestRunStarted',
  test_run: {
    type: 'test',
    framework: 'TestNG',
    uuid: '8e316018-7943-4f5a-a57c-e60fd8e28ef2',
    name: 'addProductToCart',
    body: {
      lang: 'java',
      code: 'public void com.browserstack.BStackDemoTest.addProductToCart() throws java.lang.Exception'
    },
    identifier: 'addProductToCart',
    scope: 'Default Suite.com.browserstack.BStackDemoTest',
    scopes: [ 'Default Suite', 'com.browserstack.BStackDemoTest' ],
    file_name: 'src/test/java/com/browserstack/BStackDemoTest.java',
    vc_filepath: '',
    location: 'src/test/java/com/browserstack/BStackDemoTest.java',
    meta: {},
    result: 'pending',
    duration_in_ms: null,
    started_at: '2025-09-27T06:46:40.413Z',
    failure: undefined,
    failure_type: undefined,
    failure_reason: undefined,
    retry_of: null,
    custom_metadata: {},
    tags: [],
    customRerunParam: { rerun_name: 'testng-browserstack-master-2' },
    hooks: [],
    product_map: {
      observability: true,
      accessibility: false,
      percy: false,
      automate: true,
      app_automate: false
    }
  },
  logs: []
} to 3768:0
2025-09-27T06:46:41.259Z CLI info [testhub:request-queue-handler]  [arjun153]  [q1bgvkyh1e6yacwgn3kt33nfbnycprabxliellrh]  [ff81bea9-6104-4092-ac89-94f13328af4a]  Added the event {
  event_type: 'HookRunFinished',
  hook_run: {
    type: 'hook',
    hook_type: 'AFTER_METHOD',
    framework: 'TestNG',
    uuid: '268d5802-7438-41f7-be10-0e18e876ae79',
    name: 'tearDown',
    result: 'passed',
    test_run_id: '44f9f686-2e18-4ecf-a8bd-008f88ce8149',
    body: { lang: 'java', code: null },
    scope: 'Default Suite.com.browserstack.BStackDemoTest',
    custom_metadata: {},
    tags: [],
    scopes: [ 'Default Suite', 'com.browserstack.BStackDemoTest' ],
    file_name: 'testng-browserstack-master/src/test/java/com/browserstack/BStackDemoTest.java',
    vc_filepath: '',
    location: 'testng-browserstack-master/src/test/java/com/browserstack/BStackDemoTest.java',
    started_at: '2025-09-27T06:46:39.507Z',
    finished_at: '2025-09-27T06:46:41.256Z'
  },
  logs: []
} to 3768:0
2025-09-27T06:46:41.534Z CLI info [testhub:request-queue-handler]  [arjun153]  [q1bgvkyh1e6yacwgn3kt33nfbnycprabxliellrh]  [ff81bea9-6104-4092-ac89-94f13328af4a]  Processing batch event [
  {
    event_type: 'HookRunFinished',
    hook_run: {
      type: 'hook',
      hook_type: 'BEFORE_METHOD',
      framework: 'TestNG',
      uuid: 'a169dcda-ec74-46e4-bc91-be853838af0c',
      name: 'setUp',
      result: 'passed',
      test_run_id: '2ec53c3e-f8c5-4792-860e-09b3efc1f818',
      body: [Object],
      scope: 'Default Suite.com.browserstack.BStackDemoTest',
      custom_metadata: {},
      tags: [],
      scopes: [Array],
      file_name: 'testng-browserstack-master/src/test/java/com/browserstack/BStackDemoTest.java',
      vc_filepath: '',
      location: 'testng-browserstack-master/src/test/java/com/browserstack/BStackDemoTest.java',
      started_at: '2025-09-27T06:46:14.873Z',
      finished_at: '2025-09-27T06:46:40.393Z'
    },
    logs: []
  },
  {
    event_type: 'CBTSessionCreated',
    test_run: {
      uuid: '8e316018-7943-4f5a-a57c-e60fd8e28ef2',
      integrations: [Object]
    }
  },
  {
    event_type: 'TestRunStarted',
    test_run: {
      type: 'test',
      framework: 'TestNG',
      uuid: '8e316018-7943-4f5a-a57c-e60fd8e28ef2',
      name: 'addProductToCart',
      body: [Object],
      identifier: 'addProductToCart',
      scope: 'Default Suite.com.browserstack.BStackDemoTest',
      scopes: [Array],
      file_name: 'src/test/java/com/browserstack/BStackDemoTest.java',
      vc_filepath: '',
      location: 'src/test/java/com/browserstack/BStackDemoTest.java',
      meta: {},
      result: 'pending',
      duration_in_ms: null,
      started_at: '2025-09-27T06:46:40.413Z',
      failure: undefined,
      failure_type: undefined,
      failure_reason: undefined,
      retry_of: null,
      custom_metadata: {},
      tags: [],
      customRerunParam: [Object],
      hooks: [],
      product_map: [Object]
    },
    logs: []
  },
  {
    event_type: 'HookRunFinished',
    hook_run: {
      type: 'hook',
      hook_type: 'AFTER_METHOD',
      framework: 'TestNG',
      uuid: '268d5802-7438-41f7-be10-0e18e876ae79',
      name: 'tearDown',
      result: 'passed',
      test_run_id: '44f9f686-2e18-4ecf-a8bd-008f88ce8149',
      body: [Object],
      scope: 'Default Suite.com.browserstack.BStackDemoTest',
      custom_metadata: {},
      tags: [],
      scopes: [Array],
      file_name: 'testng-browserstack-master/src/test/java/com/browserstack/BStackDemoTest.java',
      vc_filepath: '',
      location: 'testng-browserstack-master/src/test/java/com/browserstack/BStackDemoTest.java',
      started_at: '2025-09-27T06:46:39.507Z',
      finished_at: '2025-09-27T06:46:41.256Z'
    },
    logs: []
  }
] to 3768:0
2025-09-27T06:46:41.535Z CLI info  [arjun153]  [q1bgvkyh1e6yacwgn3kt33nfbnycprabxliellrh]  [ff81bea9-6104-4092-ac89-94f13328af4a]  [PRODUCTION] Making POST request to https://collector-observability.browserstack.com
2025-09-27T06:46:45.444Z CLI warn [TEST REPORTING AND ANALYTICS:java:testng]  [arjun153]  [q1bgvkyh1e6yacwgn3kt33nfbnycprabxliellrh]  [ff81bea9-6104-4092-ac89-94f13328af4a]  TestRunFinished: event={"test_hook_last_started":"BEFORE_METHOD","test_failure_type":"AssertionError","test_rerun_name":"testng-browserstack-master-2","test_result_at":"2025-09-27T12:16:42.556704","test_scope":"Default Suite.com.browserstack.BStackDemoTest","test_framework_name":"TestNG","test_tags":"","cbt_session_created":true,"test_started_at":"2025-09-27T12:16:40.413822","platform_index":0,"test_failure":[{"backtrace":["java.lang.AssertionError: expected [true] but found [false]","\tat org.testng.Assert.fail(Assert.java:99)","\tat org.testng.Assert.failNotEquals(Assert.java:1037)","\tat org.testng.Assert.assertTrue(Assert.java:45)","\tat org.testng.Assert.assertTrue(Assert.java:55)","\tat com.browserstack.BStackDemoTest.addProductToCart(BStackDemoTest.java:15)","\tat java.base/jdk.internal.reflect.DirectMethodHandleAccessor.invoke(DirectMethodHandleAccessor.java:104)","\tat java.base/java.lang.reflect.Method.invoke(Method.java:565)","\tat org.testng.internal.MethodInvocationHelper.invokeMethod(MethodInvocationHelper.java:133)","\tat org.testng.internal.TestInvoker.invokeMethod(TestInvoker.java:598)","\tat org.testng.internal.TestInvoker.invokeTestMethod(TestInvoker.java:173)","\tat org.testng.internal.MethodRunner.runInSequence(MethodRunner.java:46)","\tat org.testng.internal.TestInvoker$MethodInvocationAgent.invoke(TestInvoker.java:824)","\tat org.testng.internal.TestInvoker.invokeTestMethods(TestInvoker.java:146)","\tat org.testng.internal.TestMethodWorker.invokeTestMethods(TestMethodWorker.java:146)","\tat org.testng.internal.TestMethodWorker.run(TestMethodWorker.java:128)","\tat java.base/java.util.ArrayList.forEach(ArrayList.java:1604)","\tat org.testng.TestRunner.privateRun(TestRunner.java:794)","\tat org.testng.TestRunner.run(TestRunner.java:596)","\tat org.testng.SuiteRunner.runTest(SuiteRunner.java:377)","\tat org.testng.SuiteRunner.access$000(SuiteRunner.java:28)","\tat org.testng.SuiteRunner$SuiteWorker.run(SuiteRunner.java:418)","\tat org.testng.internal.thread.ThreadUtil.lambda$execute$0(ThreadUtil.java:64)","\tat java.base/java.util.concurrent.FutureTask.run$$$capture(FutureTask.java:328)","\tat java.base/java.util.concurrent.FutureTask.run(FutureTask.java)","\tat --- Async.Stack.Trace --- (captured by IntelliJ IDEA debugger)","\tat java.base/java.util.concurrent.FutureTask.<init>(FutureTask.java:134)","\tat java.base/java.util.concurrent.AbstractExecutorService.newTaskFor(AbstractExecutorService.java:113)","\tat java.base/java.util.concurrent.AbstractExecutorService.invokeAll(AbstractExecutorService.java:305)","\tat org.testng.internal.thread.ThreadUtil.execute(ThreadUtil.java:70)","\tat org.testng.SuiteRunner.runInParallelTestMode(SuiteRunner.java:397)","\tat org.testng.SuiteRunner.privateRun(SuiteRunner.java:330)","\tat org.testng.SuiteRunner.run(SuiteRunner.java:276)","\tat org.testng.SuiteRunnerWorker.runSuite(SuiteRunnerWorker.java:53)","\tat org.testng.SuiteRunnerWorker.run(SuiteRunnerWorker.java:96)","\tat org.testng.TestNG.runSuitesSequentially(TestNG.java:1212)","\tat org.testng.TestNG.runSuitesLocally(TestNG.java:1134)","\tat org.testng.TestNG.runSuites(TestNG.java:1063)","\tat org.testng.TestNG.run(TestNG.java:1031)","\tat com.intellij.rt.testng.IDEARemoteTestNG.run(IDEARemoteTestNG.java:65)","\tat com.intellij.rt.testng.RemoteTestNGStarter.main(RemoteTestNGStarter.java:105)"]}],"test_framework_version":"7.4.0","test_logs":[],"test_scopes":["Default Suite","com.browserstack.BStackDemoTest"],"test_code":"public void com.browserstack.BStackDemoTest.addProductToCart() throws java.lang.Exception","test_id":"testng-browserstack-master-2@2","test_uuid":"8e316018-7943-4f5a-a57c-e60fd8e28ef2","test_ended_at":"2025-09-27T12:16:42.557101","automate_session_name":"testng-browserstack-master-22","test_hook_last_finished":"BEFORE_METHOD","test_session_name":"com.browserstack.BStackDemoTest-addProductToCart","test_hook_state":"sdk:hook:456799b6","custom_metadata":{},"test_failure_reason":"java.lang.AssertionError: expected [true] but found [false]","test_location":"src/test/java/com/browserstack/BStackDemoTest.java","test_hooks_started":{"BEFORE_METHOD":[]},"test_file_path":"src/test/java/com/browserstack/BStackDemoTest.java","test_result":"failed","test_hooks_finished":{"BEFORE_METHOD":[{"hook_name":"setUp","hook_result":"passed","test_file_path":"testng-browserstack-master/src/test/java/com/browserstack/BStackDemoTest.java","event_started_at":"2025-09-27T12:16:14.873986","hook_id":"a169dcda-ec74-46e4-bc91-be853838af0c","hook_logs":[],"logs":[],"key":"BEFORE_METHOD","custom_metadata":{},"event_ended_at":"2025-09-27T12:16:40.393930","test_location":"testng-browserstack-master/src/test/java/com/browserstack/BStackDemoTest.java"}]},"hook_id":"a169dcda-ec74-46e4-bc91-be853838af0c","test_meta":{},"isBrowserstackAutomationSession":true,"test_name":"addProductToCart","logs":[]}
2025-09-27T06:46:45.445Z CLI info [testhub:request-queue-handler]  [arjun153]  [q1bgvkyh1e6yacwgn3kt33nfbnycprabxliellrh]  [ff81bea9-6104-4092-ac89-94f13328af4a]  Added the event {
  event_type: 'TestRunFinished',
  test_run: {
    type: 'test',
    framework: 'TestNG',
    uuid: '8e316018-7943-4f5a-a57c-e60fd8e28ef2',
    name: 'addProductToCart',
    body: {
      lang: 'java',
      code: 'public void com.browserstack.BStackDemoTest.addProductToCart() throws java.lang.Exception'
    },
    identifier: 'addProductToCart',
    scope: 'Default Suite.com.browserstack.BStackDemoTest',
    scopes: [ 'Default Suite', 'com.browserstack.BStackDemoTest' ],
    file_name: 'src/test/java/com/browserstack/BStackDemoTest.java',
    vc_filepath: '',
    location: 'src/test/java/com/browserstack/BStackDemoTest.java',
    meta: {},
    result: 'failed',
    duration_in_ms: 2144,
    started_at: '2025-09-27T06:46:40.413Z',
    finished_at: '2025-09-27T06:46:42.557Z',
    failure: [ [Object] ],
    failure_type: 'AssertionError',
    failure_reason: 'java.lang.AssertionError: expected [true] but found [false]',
    retry_of: null,
    custom_metadata: {},
    tags: [],
    customRerunParam: { rerun_name: 'testng-browserstack-master-2' },
    hooks: [ 'a169dcda-ec74-46e4-bc91-be853838af0c' ],
    product_map: {
      observability: true,
      accessibility: false,
      percy: false,
      automate: true,
      app_automate: false
    }
  },
  logs: []
} to 3768:0
2025-09-27T06:46:45.455Z CLI info [testhub:request-queue-handler]  [arjun153]  [q1bgvkyh1e6yacwgn3kt33nfbnycprabxliellrh]  [ff81bea9-6104-4092-ac89-94f13328af4a]  Added the event {
  event_type: 'HookRunStarted',
  hook_run: {
    type: 'hook',
    hook_type: 'AFTER_METHOD',
    framework: 'TestNG',
    uuid: 'bf16a535-c5ad-4033-b22f-8dcb3defed75',
    name: 'tearDown',
    result: 'pending',
    test_run_id: '8e316018-7943-4f5a-a57c-e60fd8e28ef2',
    body: { lang: 'java', code: null },
    scope: 'Default Suite.com.browserstack.BStackDemoTest',
    custom_metadata: {},
    tags: [],
    scopes: [ 'Default Suite', 'com.browserstack.BStackDemoTest' ],
    file_name: 'testng-browserstack-master/src/test/java/com/browserstack/BStackDemoTest.java',
    vc_filepath: '',
    location: 'testng-browserstack-master/src/test/java/com/browserstack/BStackDemoTest.java',
    started_at: '2025-09-27T06:46:45.452Z'
  },
  logs: []
} to 3768:0
2025-09-27T06:46:45.536Z CLI info [testhub:request-queue-handler]  [arjun153]  [q1bgvkyh1e6yacwgn3kt33nfbnycprabxliellrh]  [ff81bea9-6104-4092-ac89-94f13328af4a]  Processing batch event [
  {
    event_type: 'TestRunFinished',
    test_run: {
      type: 'test',
      framework: 'TestNG',
      uuid: '8e316018-7943-4f5a-a57c-e60fd8e28ef2',
      name: 'addProductToCart',
      body: [Object],
      identifier: 'addProductToCart',
      scope: 'Default Suite.com.browserstack.BStackDemoTest',
      scopes: [Array],
      file_name: 'src/test/java/com/browserstack/BStackDemoTest.java',
      vc_filepath: '',
      location: 'src/test/java/com/browserstack/BStackDemoTest.java',
      meta: {},
      result: 'failed',
      duration_in_ms: 2144,
      started_at: '2025-09-27T06:46:40.413Z',
      finished_at: '2025-09-27T06:46:42.557Z',
      failure: [Array],
      failure_type: 'AssertionError',
      failure_reason: 'java.lang.AssertionError: expected [true] but found [false]',
      retry_of: null,
      custom_metadata: {},
      tags: [],
      customRerunParam: [Object],
      hooks: [Array],
      product_map: [Object]
    },
    logs: []
  },
  {
    event_type: 'HookRunStarted',
    hook_run: {
      type: 'hook',
      hook_type: 'AFTER_METHOD',
      framework: 'TestNG',
      uuid: 'bf16a535-c5ad-4033-b22f-8dcb3defed75',
      name: 'tearDown',
      result: 'pending',
      test_run_id: '8e316018-7943-4f5a-a57c-e60fd8e28ef2',
      body: [Object],
      scope: 'Default Suite.com.browserstack.BStackDemoTest',
      custom_metadata: {},
      tags: [],
      scopes: [Array],
      file_name: 'testng-browserstack-master/src/test/java/com/browserstack/BStackDemoTest.java',
      vc_filepath: '',
      location: 'testng-browserstack-master/src/test/java/com/browserstack/BStackDemoTest.java',
      started_at: '2025-09-27T06:46:45.452Z'
    },
    logs: []
  }
] to 3768:0
2025-09-27T06:46:45.536Z CLI info  [arjun153]  [q1bgvkyh1e6yacwgn3kt33nfbnycprabxliellrh]  [ff81bea9-6104-4092-ac89-94f13328af4a]  [PRODUCTION] Making POST request to https://collector-observability.browserstack.com
2025-09-27T06:46:46.818Z CLI info [testhub:request-queue-handler]  [arjun153]  [q1bgvkyh1e6yacwgn3kt33nfbnycprabxliellrh]  [ff81bea9-6104-4092-ac89-94f13328af4a]  Added the event {
  event_type: 'HookRunFinished',
  hook_run: {
    type: 'hook',
    hook_type: 'AFTER_METHOD',
    framework: 'TestNG',
    uuid: 'bf16a535-c5ad-4033-b22f-8dcb3defed75',
    name: 'tearDown',
    result: 'passed',
    test_run_id: '8e316018-7943-4f5a-a57c-e60fd8e28ef2',
    body: { lang: 'java', code: null },
    scope: 'Default Suite.com.browserstack.BStackDemoTest',
    custom_metadata: {},
    tags: [],
    scopes: [ 'Default Suite', 'com.browserstack.BStackDemoTest' ],
    file_name: 'testng-browserstack-master/src/test/java/com/browserstack/BStackDemoTest.java',
    vc_filepath: '',
    location: 'testng-browserstack-master/src/test/java/com/browserstack/BStackDemoTest.java',
    started_at: '2025-09-27T06:46:45.452Z',
    finished_at: '2025-09-27T06:46:46.814Z'
  },
  logs: []
} to 3768:0
2025-09-27T06:46:47.538Z CLI info [testhub:request-queue-handler]  [arjun153]  [q1bgvkyh1e6yacwgn3kt33nfbnycprabxliellrh]  [ff81bea9-6104-4092-ac89-94f13328af4a]  Processing batch event [
  {
    event_type: 'HookRunFinished',
    hook_run: {
      type: 'hook',
      hook_type: 'AFTER_METHOD',
      framework: 'TestNG',
      uuid: 'bf16a535-c5ad-4033-b22f-8dcb3defed75',
      name: 'tearDown',
      result: 'passed',
      test_run_id: '8e316018-7943-4f5a-a57c-e60fd8e28ef2',
      body: [Object],
      scope: 'Default Suite.com.browserstack.BStackDemoTest',
      custom_metadata: {},
      tags: [],
      scopes: [Array],
      file_name: 'testng-browserstack-master/src/test/java/com/browserstack/BStackDemoTest.java',
      vc_filepath: '',
      location: 'testng-browserstack-master/src/test/java/com/browserstack/BStackDemoTest.java',
      started_at: '2025-09-27T06:46:45.452Z',
      finished_at: '2025-09-27T06:46:46.814Z'
    },
    logs: []
  }
] to 3768:0
2025-09-27T06:46:47.542Z CLI info  [arjun153]  [q1bgvkyh1e6yacwgn3kt33nfbnycprabxliellrh]  [ff81bea9-6104-4092-ac89-94f13328af4a]  [PRODUCTION] Making POST request to https://collector-observability.browserstack.com
2025-09-27T06:46:50.430Z CLI warn [TEST REPORTING AND ANALYTICS:java:testng]  [arjun153]  [q1bgvkyh1e6yacwgn3kt33nfbnycprabxliellrh]  [ff81bea9-6104-4092-ac89-94f13328af4a]  TestRunFinished: event={"test_hook_last_started":"BEFORE_METHOD","test_failure_type":"AssertionError","test_rerun_name":"testng-browserstack-master-0","test_result_at":"2025-09-27T12:16:47.556881","test_scope":"Default Suite.com.browserstack.BStackDemoTest","test_framework_name":"TestNG","test_tags":"","cbt_session_created":true,"test_started_at":"2025-09-27T12:16:24.569925","platform_index":0,"test_failure":[{"backtrace":["java.lang.AssertionError: expected [true] but found [false]","\tat org.testng.Assert.fail(Assert.java:99)","\tat org.testng.Assert.failNotEquals(Assert.java:1037)","\tat org.testng.Assert.assertTrue(Assert.java:45)","\tat org.testng.Assert.assertTrue(Assert.java:55)","\tat com.browserstack.BStackDemoTest.addProductToCart(BStackDemoTest.java:15)","\tat java.base/jdk.internal.reflect.DirectMethodHandleAccessor.invoke(DirectMethodHandleAccessor.java:104)","\tat java.base/java.lang.reflect.Method.invoke(Method.java:565)","\tat org.testng.internal.MethodInvocationHelper.invokeMethod(MethodInvocationHelper.java:133)","\tat org.testng.internal.TestInvoker.invokeMethod(TestInvoker.java:598)","\tat org.testng.internal.TestInvoker.invokeTestMethod(TestInvoker.java:173)","\tat org.testng.internal.MethodRunner.runInSequence(MethodRunner.java:46)","\tat org.testng.internal.TestInvoker$MethodInvocationAgent.invoke(TestInvoker.java:824)","\tat org.testng.internal.TestInvoker.invokeTestMethods(TestInvoker.java:146)","\tat org.testng.internal.TestMethodWorker.invokeTestMethods(TestMethodWorker.java:146)","\tat org.testng.internal.TestMethodWorker.run(TestMethodWorker.java:128)","\tat java.base/java.util.ArrayList.forEach(ArrayList.java:1604)","\tat org.testng.TestRunner.privateRun(TestRunner.java:794)","\tat org.testng.TestRunner.run(TestRunner.java:596)","\tat org.testng.SuiteRunner.runTest(SuiteRunner.java:377)","\tat org.testng.SuiteRunner.access$000(SuiteRunner.java:28)","\tat org.testng.SuiteRunner$SuiteWorker.run(SuiteRunner.java:418)","\tat org.testng.internal.thread.ThreadUtil.lambda$execute$0(ThreadUtil.java:64)","\tat java.base/java.util.concurrent.FutureTask.run$$$capture(FutureTask.java:328)","\tat java.base/java.util.concurrent.FutureTask.run(FutureTask.java)","\tat --- Async.Stack.Trace --- (captured by IntelliJ IDEA debugger)","\tat java.base/java.util.concurrent.FutureTask.<init>(FutureTask.java:134)","\tat java.base/java.util.concurrent.AbstractExecutorService.newTaskFor(AbstractExecutorService.java:113)","\tat java.base/java.util.concurrent.AbstractExecutorService.invokeAll(AbstractExecutorService.java:305)","\tat org.testng.internal.thread.ThreadUtil.execute(ThreadUtil.java:70)","\tat org.testng.SuiteRunner.runInParallelTestMode(SuiteRunner.java:397)","\tat org.testng.SuiteRunner.privateRun(SuiteRunner.java:330)","\tat org.testng.SuiteRunner.run(SuiteRunner.java:276)","\tat org.testng.SuiteRunnerWorker.runSuite(SuiteRunnerWorker.java:53)","\tat org.testng.SuiteRunnerWorker.run(SuiteRunnerWorker.java:96)","\tat org.testng.TestNG.runSuitesSequentially(TestNG.java:1212)","\tat org.testng.TestNG.runSuitesLocally(TestNG.java:1134)","\tat org.testng.TestNG.runSuites(TestNG.java:1063)","\tat org.testng.TestNG.run(TestNG.java:1031)","\tat com.intellij.rt.testng.IDEARemoteTestNG.run(IDEARemoteTestNG.java:65)","\tat com.intellij.rt.testng.RemoteTestNGStarter.main(RemoteTestNGStarter.java:105)"]}],"test_framework_version":"7.4.0","test_logs":[],"test_scopes":["Default Suite","com.browserstack.BStackDemoTest"],"test_code":"public void com.browserstack.BStackDemoTest.addProductToCart() throws java.lang.Exception","test_id":"testng-browserstack-master-0@0","test_uuid":"99aabe22-854f-4f7c-8032-c319d8c5d849","test_ended_at":"2025-09-27T12:16:47.557359","automate_session_name":"testng-browserstack-master-00","test_hook_last_finished":"BEFORE_METHOD","test_session_name":"com.browserstack.BStackDemoTest-addProductToCart","test_hook_state":"sdk:hook:35f86eba","custom_metadata":{},"test_failure_reason":"java.lang.AssertionError: expected [true] but found [false]","test_location":"src/test/java/com/browserstack/BStackDemoTest.java","test_hooks_started":{"BEFORE_METHOD":[]},"test_file_path":"src/test/java/com/browserstack/BStackDemoTest.java","test_result":"failed","test_hooks_finished":{"BEFORE_METHOD":[{"hook_name":"setUp","hook_result":"passed","test_file_path":"testng-browserstack-master/src/test/java/com/browserstack/BStackDemoTest.java","event_started_at":"2025-09-27T12:16:14.873986","hook_id":"233de465-207e-4224-b7d9-f025b0705c7d","hook_logs":[],"logs":[],"key":"BEFORE_METHOD","custom_metadata":{},"event_ended_at":"2025-09-27T12:16:24.549918","test_location":"testng-browserstack-master/src/test/java/com/browserstack/BStackDemoTest.java"}]},"hook_id":"233de465-207e-4224-b7d9-f025b0705c7d","test_meta":{},"isBrowserstackAutomationSession":true,"test_name":"addProductToCart","logs":[]}
2025-09-27T06:46:50.431Z CLI info [testhub:request-queue-handler]  [arjun153]  [q1bgvkyh1e6yacwgn3kt33nfbnycprabxliellrh]  [ff81bea9-6104-4092-ac89-94f13328af4a]  Added the event {
  event_type: 'TestRunFinished',
  test_run: {
    type: 'test',
    framework: 'TestNG',
    uuid: '99aabe22-854f-4f7c-8032-c319d8c5d849',
    name: 'addProductToCart',
    body: {
      lang: 'java',
      code: 'public void com.browserstack.BStackDemoTest.addProductToCart() throws java.lang.Exception'
    },
    identifier: 'addProductToCart',
    scope: 'Default Suite.com.browserstack.BStackDemoTest',
    scopes: [ 'Default Suite', 'com.browserstack.BStackDemoTest' ],
    file_name: 'src/test/java/com/browserstack/BStackDemoTest.java',
    vc_filepath: '',
    location: 'src/test/java/com/browserstack/BStackDemoTest.java',
    meta: {},
    result: 'failed',
    duration_in_ms: 22988,
    started_at: '2025-09-27T06:46:24.569Z',
    finished_at: '2025-09-27T06:46:47.557Z',
    failure: [ [Object] ],
    failure_type: 'AssertionError',
    failure_reason: 'java.lang.AssertionError: expected [true] but found [false]',
    retry_of: null,
    custom_metadata: {},
    tags: [],
    customRerunParam: { rerun_name: 'testng-browserstack-master-0' },
    hooks: [ '233de465-207e-4224-b7d9-f025b0705c7d' ],
    product_map: {
      observability: true,
      accessibility: false,
      percy: false,
      automate: true,
      app_automate: false
    }
  },
  logs: []
} to 3768:0
2025-09-27T06:46:50.444Z CLI info [testhub:request-queue-handler]  [arjun153]  [q1bgvkyh1e6yacwgn3kt33nfbnycprabxliellrh]  [ff81bea9-6104-4092-ac89-94f13328af4a]  Added the event {
  event_type: 'HookRunStarted',
  hook_run: {
    type: 'hook',
    hook_type: 'AFTER_METHOD',
    framework: 'TestNG',
    uuid: '956997ca-4c48-498d-ad4f-87aaada43511',
    name: 'tearDown',
    result: 'pending',
    test_run_id: '99aabe22-854f-4f7c-8032-c319d8c5d849',
    body: { lang: 'java', code: null },
    scope: 'Default Suite.com.browserstack.BStackDemoTest',
    custom_metadata: {},
    tags: [],
    scopes: [ 'Default Suite', 'com.browserstack.BStackDemoTest' ],
    file_name: 'testng-browserstack-master/src/test/java/com/browserstack/BStackDemoTest.java',
    vc_filepath: '',
    location: 'testng-browserstack-master/src/test/java/com/browserstack/BStackDemoTest.java',
    started_at: '2025-09-27T06:46:50.441Z'
  },
  logs: []
} to 3768:0
2025-09-27T06:46:51.540Z CLI info [testhub:request-queue-handler]  [arjun153]  [q1bgvkyh1e6yacwgn3kt33nfbnycprabxliellrh]  [ff81bea9-6104-4092-ac89-94f13328af4a]  Processing batch event [
  {
    event_type: 'TestRunFinished',
    test_run: {
      type: 'test',
      framework: 'TestNG',
      uuid: '99aabe22-854f-4f7c-8032-c319d8c5d849',
      name: 'addProductToCart',
      body: [Object],
      identifier: 'addProductToCart',
      scope: 'Default Suite.com.browserstack.BStackDemoTest',
      scopes: [Array],
      file_name: 'src/test/java/com/browserstack/BStackDemoTest.java',
      vc_filepath: '',
      location: 'src/test/java/com/browserstack/BStackDemoTest.java',
      meta: {},
      result: 'failed',
      duration_in_ms: 22988,
      started_at: '2025-09-27T06:46:24.569Z',
      finished_at: '2025-09-27T06:46:47.557Z',
      failure: [Array],
      failure_type: 'AssertionError',
      failure_reason: 'java.lang.AssertionError: expected [true] but found [false]',
      retry_of: null,
      custom_metadata: {},
      tags: [],
      customRerunParam: [Object],
      hooks: [Array],
      product_map: [Object]
    },
    logs: []
  },
  {
    event_type: 'HookRunStarted',
    hook_run: {
      type: 'hook',
      hook_type: 'AFTER_METHOD',
      framework: 'TestNG',
      uuid: '956997ca-4c48-498d-ad4f-87aaada43511',
      name: 'tearDown',
      result: 'pending',
      test_run_id: '99aabe22-854f-4f7c-8032-c319d8c5d849',
      body: [Object],
      scope: 'Default Suite.com.browserstack.BStackDemoTest',
      custom_metadata: {},
      tags: [],
      scopes: [Array],
      file_name: 'testng-browserstack-master/src/test/java/com/browserstack/BStackDemoTest.java',
      vc_filepath: '',
      location: 'testng-browserstack-master/src/test/java/com/browserstack/BStackDemoTest.java',
      started_at: '2025-09-27T06:46:50.441Z'
    },
    logs: []
  }
] to 3768:0
2025-09-27T06:46:51.541Z CLI info  [arjun153]  [q1bgvkyh1e6yacwgn3kt33nfbnycprabxliellrh]  [ff81bea9-6104-4092-ac89-94f13328af4a]  [PRODUCTION] Making POST request to https://collector-observability.browserstack.com
2025-09-27T06:46:51.992Z CLI info [testhub:request-queue-handler]  [arjun153]  [q1bgvkyh1e6yacwgn3kt33nfbnycprabxliellrh]  [ff81bea9-6104-4092-ac89-94f13328af4a]  Added the event {
  event_type: 'HookRunFinished',
  hook_run: {
    type: 'hook',
    hook_type: 'AFTER_METHOD',
    framework: 'TestNG',
    uuid: '956997ca-4c48-498d-ad4f-87aaada43511',
    name: 'tearDown',
    result: 'passed',
    test_run_id: '99aabe22-854f-4f7c-8032-c319d8c5d849',
    body: { lang: 'java', code: null },
    scope: 'Default Suite.com.browserstack.BStackDemoTest',
    custom_metadata: {},
    tags: [],
    scopes: [ 'Default Suite', 'com.browserstack.BStackDemoTest' ],
    file_name: 'testng-browserstack-master/src/test/java/com/browserstack/BStackDemoTest.java',
    vc_filepath: '',
    location: 'testng-browserstack-master/src/test/java/com/browserstack/BStackDemoTest.java',
    started_at: '2025-09-27T06:46:50.441Z',
    finished_at: '2025-09-27T06:46:51.989Z'
  },
  logs: []
} to 3768:0
2025-09-27T06:46:52.488Z CLI info  [arjun153]  [q1bgvkyh1e6yacwgn3kt33nfbnycprabxliellrh]  [ff81bea9-6104-4092-ac89-94f13328af4a]  [PRODUCTION] Making POST request to https://collector-observability.browserstack.com
2025-09-27T06:46:53.437Z CLI error [testhub:module]  [arjun153]  [q1bgvkyh1e6yacwgn3kt33nfbnycprabxliellrh]  [ff81bea9-6104-4092-ac89-94f13328af4a]  [collectBuildData] Exception in collecting build data for build UUID q1bgvkyh1e6yacwgn3kt33nfbnycprabxliellrh: {"message":"Build data collection started"}
2025-09-27T06:46:53.543Z CLI info [testhub:request-queue-handler]  [arjun153]  [q1bgvkyh1e6yacwgn3kt33nfbnycprabxliellrh]  [ff81bea9-6104-4092-ac89-94f13328af4a]  Processing batch event [
  {
    event_type: 'HookRunFinished',
    hook_run: {
      type: 'hook',
      hook_type: 'AFTER_METHOD',
      framework: 'TestNG',
      uuid: '956997ca-4c48-498d-ad4f-87aaada43511',
      name: 'tearDown',
      result: 'passed',
      test_run_id: '99aabe22-854f-4f7c-8032-c319d8c5d849',
      body: [Object],
      scope: 'Default Suite.com.browserstack.BStackDemoTest',
      custom_metadata: {},
      tags: [],
      scopes: [Array],
      file_name: 'testng-browserstack-master/src/test/java/com/browserstack/BStackDemoTest.java',
      vc_filepath: '',
      location: 'testng-browserstack-master/src/test/java/com/browserstack/BStackDemoTest.java',
      started_at: '2025-09-27T06:46:50.441Z',
      finished_at: '2025-09-27T06:46:51.989Z'
    },
    logs: []
  }
] to 3768:0
2025-09-27T06:46:53.544Z CLI info  [arjun153]  [q1bgvkyh1e6yacwgn3kt33nfbnycprabxliellrh]  [ff81bea9-6104-4092-ac89-94f13328af4a]  [PRODUCTION] Making POST request to https://collector-observability.browserstack.com
2025-09-27T06:46:54.651Z CLI info  [arjun153]  [q1bgvkyh1e6yacwgn3kt33nfbnycprabxliellrh]  [ff81bea9-6104-4092-ac89-94f13328af4a]  [PRODUCTION] Making PUT request to https://collector-observability.browserstack.com
2025-09-27T06:46:55.659Z CLI info [testhub:module]  [arjun153]  [q1bgvkyh1e6yacwgn3kt33nfbnycprabxliellrh]  [ff81bea9-6104-4092-ac89-94f13328af4a]  stopBuild: q1bgvkyh1e6yacwgn3kt33nfbnycprabxliellrh request={"finished_at":"2025-09-27T06:46:52.323Z","finished_metadata":[],"custom_metadata":{}} response={"data":""}
2025-09-27T06:46:55.661Z CLI info  [arjun153]  [q1bgvkyh1e6yacwgn3kt33nfbnycprabxliellrh]  [ff81bea9-6104-4092-ac89-94f13328af4a]  [PRODUCTION] Making POST request to https://api.browserstack.com
2025-09-27T06:46:55.664Z CLI info [TEST REPORTING AND ANALYTICS:module]  [arjun153]  [q1bgvkyh1e6yacwgn3kt33nfbnycprabxliellrh]  [ff81bea9-6104-4092-ac89-94f13328af4a]  Visit https://automation.browserstack.com/builds/q1bgvkyh1e6yacwgn3kt33nfbnycprabxliellrh to view build report, insights, and many more debugging information all at one place!
2025-09-27T06:46:59.737Z CLI info  [arjun153]  [q1bgvkyh1e6yacwgn3kt33nfbnycprabxliellrh]  [ff81bea9-6104-4092-ac89-94f13328af4a]  [PRODUCTION] Making GET request to https://api.browserstack.com
2025-09-27T06:47:00.041Z CLI info  [arjun153]  [q1bgvkyh1e6yacwgn3kt33nfbnycprabxliellrh]  [ff81bea9-6104-4092-ac89-94f13328af4a]  [PRODUCTION] Making POST request to https://eds.browserstack.com
2025-09-27T06:47:01.347Z CLI info [main]  [arjun153]  [q1bgvkyh1e6yacwgn3kt33nfbnycprabxliellrh]  [ff81bea9-6104-4092-ac89-94f13328af4a]  Received graceful signal termination, performing cleanup
2025-09-27T06:49:21.920Z CLI info [main]     Server listening on port: 5400
2025-09-27T06:49:22.118Z CLI info     Config : {"userName":"arjun153","accessKey":"pBUjJCeGYhbsRaET7AUb","framework":"testng","platforms":[{"os":"Windows","osVersion":"10","browserName":"Chrome","browserVersion":"136.0"}],"parallelsPerPlatform":1,"browserstackLocal":true,"buildName":"testathon_Arjun Build","projectName":"testathon_Arjun","CUSTOM_TAG_1":"You can set a custom Build Tag here","networkLogs":true,"consoleLogs":"info","percy":false,"percyCaptureMode":"auto"}
2025-09-27T06:49:22.122Z CLI info [testhub:module]  [arjun153]   [b880346e-3fe7-4038-8250-62f5d4437788]  Starting testhub from 3837:0
2025-09-27T06:49:22.122Z CLI info [testhub:module]  [arjun153]   [b880346e-3fe7-4038-8250-62f5d4437788]  startBuild: payload=

{"started_at":"2025-09-27T06:49:22.122Z","host_info":{"hostname":"ArjunBM-MBP","platform":"darwin","type":"Darwin","version":"Darwin Kernel Version 24.6.0: Mon Aug 11 21:16:21 PDT 2025; root:xnu-11417.140.69.701.11~1/RELEASE_ARM64_T6000","arch":"arm64"},"ci_info":{"build_number":null},"version_control":{},"project_name":"testathon_Arjun","name":"testathon_Arjun Build","build_identifier":"#${BUILD_NUMBER}","build_run_identifier":null,"description":"","tags":["You can set a custom Build Tag here"],"failed_tests_rerun":false,"accessibility":{"settings":{}},"framework_details":{"frameworkName":"TestNG","frameworkVersion":"7.4.0","sdkVersion":"1.41.1","cliVersion":"1.6.23","language":"java","testFramework":{"name":"selenium","version":"4.1.4"}},"product_map":{"observability":true,"accessibility":null,"percy":false,"automate":true,"app_automate":false},"browserstackAutomation":true,"test_orchestration":{}}
2025-09-27T06:49:22.122Z CLI info  [arjun153]   [b880346e-3fe7-4038-8250-62f5d4437788]  [PRODUCTION] Making POST request to https://sdk.browserstack.com
2025-09-27T06:49:22.764Z CLI info [testhub:module]  [arjun153]   [b880346e-3fe7-4038-8250-62f5d4437788]  startBuild: response=r0umzxwn4p8veyngfpm5tty7nfxtekrvp5n4x5jq
2025-09-27T06:49:22.766Z CLI info  [arjun153]  [r0umzxwn4p8veyngfpm5tty7nfxtekrvp5n4x5jq]  [b880346e-3fe7-4038-8250-62f5d4437788]  [PRODUCTION] Making POST request to https://api.browserstack.com
2025-09-27T06:49:30.705Z CLI info  [arjun153]  [r0umzxwn4p8veyngfpm5tty7nfxtekrvp5n4x5jq]  [b880346e-3fe7-4038-8250-62f5d4437788]  [PRODUCTION] Making GET request to https://hub.browserstack.com
2025-09-27T06:49:30.851Z CLI info  [arjun153]  [r0umzxwn4p8veyngfpm5tty7nfxtekrvp5n4x5jq]  [b880346e-3fe7-4038-8250-62f5d4437788]  [PRODUCTION] Making GET request to https://hub-aps.browserstack.com
2025-09-27T06:49:30.957Z CLI info  [arjun153]  [r0umzxwn4p8veyngfpm5tty7nfxtekrvp5n4x5jq]  [b880346e-3fe7-4038-8250-62f5d4437788]  [PRODUCTION] Making GET request to https://hub-euw.browserstack.com
2025-09-27T06:49:32.296Z CLI info  [arjun153]  [r0umzxwn4p8veyngfpm5tty7nfxtekrvp5n4x5jq]  [b880346e-3fe7-4038-8250-62f5d4437788]  [PRODUCTION] Making GET request to https://hub-apse.browserstack.com
2025-09-27T06:49:35.093Z CLI info [testhub:request-queue-handler]  [arjun153]  [r0umzxwn4p8veyngfpm5tty7nfxtekrvp5n4x5jq]  [b880346e-3fe7-4038-8250-62f5d4437788]  Added the event {
  event_type: 'HookRunStarted',
  hook_run: {
    type: 'hook',
    hook_type: 'BEFORE_METHOD',
    framework: 'TestNG',
    uuid: 'd22d9904-6c99-431a-8a39-7c434d9ebb84',
    name: 'setUp',
    result: 'pending',
    test_run_id: 'da064976-fc91-4358-bfac-91854596f611',
    body: { lang: 'java', code: null },
    scope: 'Default Suite.com.browserstack.BStackDemoTest',
    custom_metadata: {},
    tags: [],
    scopes: [ 'Default Suite', 'com.browserstack.BStackDemoTest' ],
    file_name: 'testng-browserstack-master/src/test/java/com/browserstack/BStackDemoTest.java',
    vc_filepath: '',
    location: 'testng-browserstack-master/src/test/java/com/browserstack/BStackDemoTest.java',
    started_at: '2025-09-27T06:49:35.085Z'
  },
  logs: []
} to 3837:0
2025-09-27T06:49:35.204Z CLI info [testhub:request-queue-handler]  [arjun153]  [r0umzxwn4p8veyngfpm5tty7nfxtekrvp5n4x5jq]  [b880346e-3fe7-4038-8250-62f5d4437788]  Added the event {
  event_type: 'LogCreated',
  logs: [
    {
      testFrameworkName: 'TestNG',
      testFrameworkVersion: '7.4.0',
      testFrameworkState: 'LOG',
      timestamp: '2025-09-27T06:49:35.197Z',
      uuid: 'd22d9904-6c99-431a-8a39-7c434d9ebb84',
      kind: 'TEST_LOG',
      message: '"SLF4J: Failed to load class \\"org.slf4j.impl.StaticLoggerBinder\\"."',
      level: 'ERROR',
      test_run_uuid: 'd22d9904-6c99-431a-8a39-7c434d9ebb84'
    }
  ]
} to 3837:0
2025-09-27T06:49:35.211Z CLI info [testhub:request-queue-handler]  [arjun153]  [r0umzxwn4p8veyngfpm5tty7nfxtekrvp5n4x5jq]  [b880346e-3fe7-4038-8250-62f5d4437788]  Added the event {
  event_type: 'LogCreated',
  logs: [
    {
      testFrameworkName: 'TestNG',
      testFrameworkVersion: '7.4.0',
      testFrameworkState: 'LOG',
      timestamp: '2025-09-27T06:49:35.209Z',
      uuid: 'd22d9904-6c99-431a-8a39-7c434d9ebb84',
      kind: 'TEST_LOG',
      message: '"SLF4J: Defaulting to no-operation (NOP) logger implementation"',
      level: 'ERROR',
      test_run_uuid: 'd22d9904-6c99-431a-8a39-7c434d9ebb84'
    }
  ]
} to 3837:0
2025-09-27T06:49:35.217Z CLI info [testhub:request-queue-handler]  [arjun153]  [r0umzxwn4p8veyngfpm5tty7nfxtekrvp5n4x5jq]  [b880346e-3fe7-4038-8250-62f5d4437788]  Added the event {
  event_type: 'LogCreated',
  logs: [
    {
      testFrameworkName: 'TestNG',
      testFrameworkVersion: '7.4.0',
      testFrameworkState: 'LOG',
      timestamp: '2025-09-27T06:49:35.216Z',
      uuid: 'd22d9904-6c99-431a-8a39-7c434d9ebb84',
      kind: 'TEST_LOG',
      message: '"SLF4J: See http://www.slf4j.org/codes.html#StaticLoggerBinder for further details."',
      level: 'ERROR',
      test_run_uuid: 'd22d9904-6c99-431a-8a39-7c434d9ebb84'
    }
  ]
} to 3837:0
2025-09-27T06:49:35.245Z CLI info [testhub:request-queue-handler]  [arjun153]  [r0umzxwn4p8veyngfpm5tty7nfxtekrvp5n4x5jq]  [b880346e-3fe7-4038-8250-62f5d4437788]  Added the event {
  event_type: 'LogCreated',
  logs: [
    {
      testFrameworkName: 'TestNG',
      testFrameworkVersion: '7.4.0',
      testFrameworkState: 'LOG',
      timestamp: '2025-09-27T06:49:35.243Z',
      uuid: 'd22d9904-6c99-431a-8a39-7c434d9ebb84',
      kind: 'TEST_LOG',
      message: '"WARNING: sun.reflect.Reflection.getCallerClass is not supported. This will impact performance."',
      level: 'INFO',
      test_run_uuid: 'd22d9904-6c99-431a-8a39-7c434d9ebb84'
    }
  ]
} to 3837:0
2025-09-27T06:49:36.773Z CLI info [testhub:request-queue-handler]  [arjun153]  [r0umzxwn4p8veyngfpm5tty7nfxtekrvp5n4x5jq]  [b880346e-3fe7-4038-8250-62f5d4437788]  Processing batch event [
  {
    event_type: 'HookRunStarted',
    hook_run: {
      type: 'hook',
      hook_type: 'BEFORE_METHOD',
      framework: 'TestNG',
      uuid: 'd22d9904-6c99-431a-8a39-7c434d9ebb84',
      name: 'setUp',
      result: 'pending',
      test_run_id: 'da064976-fc91-4358-bfac-91854596f611',
      body: [Object],
      scope: 'Default Suite.com.browserstack.BStackDemoTest',
      custom_metadata: {},
      tags: [],
      scopes: [Array],
      file_name: 'testng-browserstack-master/src/test/java/com/browserstack/BStackDemoTest.java',
      vc_filepath: '',
      location: 'testng-browserstack-master/src/test/java/com/browserstack/BStackDemoTest.java',
      started_at: '2025-09-27T06:49:35.085Z'
    },
    logs: []
  },
  { event_type: 'LogCreated', logs: [ [Object] ] },
  { event_type: 'LogCreated', logs: [ [Object] ] },
  { event_type: 'LogCreated', logs: [ [Object] ] },
  { event_type: 'LogCreated', logs: [ [Object] ] }
] to 3837:0
2025-09-27T06:49:36.775Z CLI info  [arjun153]  [r0umzxwn4p8veyngfpm5tty7nfxtekrvp5n4x5jq]  [b880346e-3fe7-4038-8250-62f5d4437788]  [PRODUCTION] Making POST request to https://collector-observability.browserstack.com
2025-09-27T06:49:42.894Z CLI info [testhub:request-queue-handler]  [arjun153]  [r0umzxwn4p8veyngfpm5tty7nfxtekrvp5n4x5jq]  [b880346e-3fe7-4038-8250-62f5d4437788]  Added the event {
  event_type: 'HookRunFinished',
  hook_run: {
    type: 'hook',
    hook_type: 'BEFORE_METHOD',
    framework: 'TestNG',
    uuid: 'd22d9904-6c99-431a-8a39-7c434d9ebb84',
    name: 'setUp',
    result: 'passed',
    test_run_id: 'da064976-fc91-4358-bfac-91854596f611',
    body: { lang: 'java', code: null },
    scope: 'Default Suite.com.browserstack.BStackDemoTest',
    custom_metadata: {},
    tags: [],
    scopes: [ 'Default Suite', 'com.browserstack.BStackDemoTest' ],
    file_name: 'testng-browserstack-master/src/test/java/com/browserstack/BStackDemoTest.java',
    vc_filepath: '',
    location: 'testng-browserstack-master/src/test/java/com/browserstack/BStackDemoTest.java',
    started_at: '2025-09-27T06:49:35.085Z',
    finished_at: '2025-09-27T06:49:42.891Z'
  },
  logs: []
} to 3837:0
2025-09-27T06:49:42.934Z CLI info [testhub:request-queue-handler]  [arjun153]  [r0umzxwn4p8veyngfpm5tty7nfxtekrvp5n4x5jq]  [b880346e-3fe7-4038-8250-62f5d4437788]  Added the event {
  event_type: 'CBTSessionCreated',
  test_run: {
    uuid: '05677328-8bc0-4ced-87db-ce18a3f0daa9',
    integrations: { browserstack: [Object] }
  }
} to 3837:0
2025-09-27T06:49:42.940Z CLI info [testhub:request-queue-handler]  [arjun153]  [r0umzxwn4p8veyngfpm5tty7nfxtekrvp5n4x5jq]  [b880346e-3fe7-4038-8250-62f5d4437788]  Added the event {
  event_type: 'TestRunStarted',
  test_run: {
    type: 'test',
    framework: 'TestNG',
    uuid: '05677328-8bc0-4ced-87db-ce18a3f0daa9',
    name: 'addProductToCart',
    body: {
      lang: 'java',
      code: 'public void com.browserstack.BStackDemoTest.addProductToCart() throws java.lang.Exception'
    },
    identifier: 'addProductToCart',
    scope: 'Default Suite.com.browserstack.BStackDemoTest',
    scopes: [ 'Default Suite', 'com.browserstack.BStackDemoTest' ],
    file_name: 'src/test/java/com/browserstack/BStackDemoTest.java',
    vc_filepath: '',
    location: 'src/test/java/com/browserstack/BStackDemoTest.java',
    meta: {},
    result: 'pending',
    duration_in_ms: null,
    started_at: '2025-09-27T06:49:42.913Z',
    failure: undefined,
    failure_type: undefined,
    failure_reason: undefined,
    retry_of: null,
    custom_metadata: {},
    tags: [],
    customRerunParam: { rerun_name: 'testng-browserstack-master-0' },
    hooks: [],
    product_map: {
      observability: true,
      accessibility: false,
      percy: false,
      automate: true,
      app_automate: false
    }
  },
  logs: []
} to 3837:0
2025-09-27T06:49:44.777Z CLI info [testhub:request-queue-handler]  [arjun153]  [r0umzxwn4p8veyngfpm5tty7nfxtekrvp5n4x5jq]  [b880346e-3fe7-4038-8250-62f5d4437788]  Processing batch event [
  {
    event_type: 'HookRunFinished',
    hook_run: {
      type: 'hook',
      hook_type: 'BEFORE_METHOD',
      framework: 'TestNG',
      uuid: 'd22d9904-6c99-431a-8a39-7c434d9ebb84',
      name: 'setUp',
      result: 'passed',
      test_run_id: 'da064976-fc91-4358-bfac-91854596f611',
      body: [Object],
      scope: 'Default Suite.com.browserstack.BStackDemoTest',
      custom_metadata: {},
      tags: [],
      scopes: [Array],
      file_name: 'testng-browserstack-master/src/test/java/com/browserstack/BStackDemoTest.java',
      vc_filepath: '',
      location: 'testng-browserstack-master/src/test/java/com/browserstack/BStackDemoTest.java',
      started_at: '2025-09-27T06:49:35.085Z',
      finished_at: '2025-09-27T06:49:42.891Z'
    },
    logs: []
  },
  {
    event_type: 'CBTSessionCreated',
    test_run: {
      uuid: '05677328-8bc0-4ced-87db-ce18a3f0daa9',
      integrations: [Object]
    }
  },
  {
    event_type: 'TestRunStarted',
    test_run: {
      type: 'test',
      framework: 'TestNG',
      uuid: '05677328-8bc0-4ced-87db-ce18a3f0daa9',
      name: 'addProductToCart',
      body: [Object],
      identifier: 'addProductToCart',
      scope: 'Default Suite.com.browserstack.BStackDemoTest',
      scopes: [Array],
      file_name: 'src/test/java/com/browserstack/BStackDemoTest.java',
      vc_filepath: '',
      location: 'src/test/java/com/browserstack/BStackDemoTest.java',
      meta: {},
      result: 'pending',
      duration_in_ms: null,
      started_at: '2025-09-27T06:49:42.913Z',
      failure: undefined,
      failure_type: undefined,
      failure_reason: undefined,
      retry_of: null,
      custom_metadata: {},
      tags: [],
      customRerunParam: [Object],
      hooks: [],
      product_map: [Object]
    },
    logs: []
  }
] to 3837:0
2025-09-27T06:49:44.784Z CLI info  [arjun153]  [r0umzxwn4p8veyngfpm5tty7nfxtekrvp5n4x5jq]  [b880346e-3fe7-4038-8250-62f5d4437788]  [PRODUCTION] Making POST request to https://collector-observability.browserstack.com
2025-09-27T06:49:57.203Z CLI warn [TEST REPORTING AND ANALYTICS:java:testng]  [arjun153]  [r0umzxwn4p8veyngfpm5tty7nfxtekrvp5n4x5jq]  [b880346e-3fe7-4038-8250-62f5d4437788]  TestRunFinished: event={"test_hook_last_started":"BEFORE_METHOD","test_failure_type":null,"test_rerun_name":"testng-browserstack-master-0","test_result_at":"2025-09-27T12:19:55.321201","test_scope":"Default Suite.com.browserstack.BStackDemoTest","test_framework_name":"TestNG","test_tags":"","cbt_session_created":true,"test_started_at":"2025-09-27T12:19:42.913033","platform_index":0,"test_failure":null,"test_framework_version":"7.4.0","test_logs":[],"test_scopes":["Default Suite","com.browserstack.BStackDemoTest"],"test_code":"public void com.browserstack.BStackDemoTest.addProductToCart() throws java.lang.Exception","test_id":"testng-browserstack-master-0@0","test_uuid":"05677328-8bc0-4ced-87db-ce18a3f0daa9","test_ended_at":"2025-09-27T12:19:55.321644","automate_session_name":"testng-browserstack-master-00","test_hook_last_finished":"BEFORE_METHOD","test_session_name":"com.browserstack.BStackDemoTest-addProductToCart","test_hook_state":"sdk:hook:d4bdd8f6","custom_metadata":{},"test_failure_reason":null,"test_location":"src/test/java/com/browserstack/BStackDemoTest.java","test_hooks_started":{"BEFORE_METHOD":[]},"test_file_path":"src/test/java/com/browserstack/BStackDemoTest.java","test_result":"passed","test_hooks_finished":{"BEFORE_METHOD":[{"hook_name":"setUp","hook_result":"passed","test_file_path":"testng-browserstack-master/src/test/java/com/browserstack/BStackDemoTest.java","event_started_at":"2025-09-27T12:19:35.085","hook_id":"d22d9904-6c99-431a-8a39-7c434d9ebb84","hook_logs":[],"logs":[],"key":"BEFORE_METHOD","custom_metadata":{},"event_ended_at":"2025-09-27T12:19:42.891858","test_location":"testng-browserstack-master/src/test/java/com/browserstack/BStackDemoTest.java"}]},"hook_id":"d22d9904-6c99-431a-8a39-7c434d9ebb84","test_meta":{},"isBrowserstackAutomationSession":true,"test_name":"addProductToCart","logs":[]}
2025-09-27T06:49:57.203Z CLI info [testhub:request-queue-handler]  [arjun153]  [r0umzxwn4p8veyngfpm5tty7nfxtekrvp5n4x5jq]  [b880346e-3fe7-4038-8250-62f5d4437788]  Added the event {
  event_type: 'TestRunFinished',
  test_run: {
    type: 'test',
    framework: 'TestNG',
    uuid: '05677328-8bc0-4ced-87db-ce18a3f0daa9',
    name: 'addProductToCart',
    body: {
      lang: 'java',
      code: 'public void com.browserstack.BStackDemoTest.addProductToCart() throws java.lang.Exception'
    },
    identifier: 'addProductToCart',
    scope: 'Default Suite.com.browserstack.BStackDemoTest',
    scopes: [ 'Default Suite', 'com.browserstack.BStackDemoTest' ],
    file_name: 'src/test/java/com/browserstack/BStackDemoTest.java',
    vc_filepath: '',
    location: 'src/test/java/com/browserstack/BStackDemoTest.java',
    meta: {},
    result: 'passed',
    duration_in_ms: 12408,
    started_at: '2025-09-27T06:49:42.913Z',
    finished_at: '2025-09-27T06:49:55.321Z',
    failure: null,
    failure_type: null,
    failure_reason: null,
    retry_of: null,
    custom_metadata: {},
    tags: [],
    customRerunParam: { rerun_name: 'testng-browserstack-master-0' },
    hooks: [ 'd22d9904-6c99-431a-8a39-7c434d9ebb84' ],
    product_map: {
      observability: true,
      accessibility: false,
      percy: false,
      automate: true,
      app_automate: false
    }
  },
  logs: []
} to 3837:0
2025-09-27T06:49:57.213Z CLI info [testhub:request-queue-handler]  [arjun153]  [r0umzxwn4p8veyngfpm5tty7nfxtekrvp5n4x5jq]  [b880346e-3fe7-4038-8250-62f5d4437788]  Added the event {
  event_type: 'HookRunStarted',
  hook_run: {
    type: 'hook',
    hook_type: 'AFTER_METHOD',
    framework: 'TestNG',
    uuid: '5f7eec68-6656-4c84-bc4f-d025307cf752',
    name: 'tearDown',
    result: 'pending',
    test_run_id: '05677328-8bc0-4ced-87db-ce18a3f0daa9',
    body: { lang: 'java', code: null },
    scope: 'Default Suite.com.browserstack.BStackDemoTest',
    custom_metadata: {},
    tags: [],
    scopes: [ 'Default Suite', 'com.browserstack.BStackDemoTest' ],
    file_name: 'testng-browserstack-master/src/test/java/com/browserstack/BStackDemoTest.java',
    vc_filepath: '',
    location: 'testng-browserstack-master/src/test/java/com/browserstack/BStackDemoTest.java',
    started_at: '2025-09-27T06:49:57.211Z'
  },
  logs: []
} to 3837:0
2025-09-27T06:49:58.590Z CLI info [testhub:request-queue-handler]  [arjun153]  [r0umzxwn4p8veyngfpm5tty7nfxtekrvp5n4x5jq]  [b880346e-3fe7-4038-8250-62f5d4437788]  Added the event {
  event_type: 'HookRunFinished',
  hook_run: {
    type: 'hook',
    hook_type: 'AFTER_METHOD',
    framework: 'TestNG',
    uuid: '5f7eec68-6656-4c84-bc4f-d025307cf752',
    name: 'tearDown',
    result: 'passed',
    test_run_id: '05677328-8bc0-4ced-87db-ce18a3f0daa9',
    body: { lang: 'java', code: null },
    scope: 'Default Suite.com.browserstack.BStackDemoTest',
    custom_metadata: {},
    tags: [],
    scopes: [ 'Default Suite', 'com.browserstack.BStackDemoTest' ],
    file_name: 'testng-browserstack-master/src/test/java/com/browserstack/BStackDemoTest.java',
    vc_filepath: '',
    location: 'testng-browserstack-master/src/test/java/com/browserstack/BStackDemoTest.java',
    started_at: '2025-09-27T06:49:57.211Z',
    finished_at: '2025-09-27T06:49:58.586Z'
  },
  logs: []
} to 3837:0
2025-09-27T06:49:58.783Z CLI info [testhub:request-queue-handler]  [arjun153]  [r0umzxwn4p8veyngfpm5tty7nfxtekrvp5n4x5jq]  [b880346e-3fe7-4038-8250-62f5d4437788]  Processing batch event [
  {
    event_type: 'TestRunFinished',
    test_run: {
      type: 'test',
      framework: 'TestNG',
      uuid: '05677328-8bc0-4ced-87db-ce18a3f0daa9',
      name: 'addProductToCart',
      body: [Object],
      identifier: 'addProductToCart',
      scope: 'Default Suite.com.browserstack.BStackDemoTest',
      scopes: [Array],
      file_name: 'src/test/java/com/browserstack/BStackDemoTest.java',
      vc_filepath: '',
      location: 'src/test/java/com/browserstack/BStackDemoTest.java',
      meta: {},
      result: 'passed',
      duration_in_ms: 12408,
      started_at: '2025-09-27T06:49:42.913Z',
      finished_at: '2025-09-27T06:49:55.321Z',
      failure: null,
      failure_type: null,
      failure_reason: null,
      retry_of: null,
      custom_metadata: {},
      tags: [],
      customRerunParam: [Object],
      hooks: [Array],
      product_map: [Object]
    },
    logs: []
  },
  {
    event_type: 'HookRunStarted',
    hook_run: {
      type: 'hook',
      hook_type: 'AFTER_METHOD',
      framework: 'TestNG',
      uuid: '5f7eec68-6656-4c84-bc4f-d025307cf752',
      name: 'tearDown',
      result: 'pending',
      test_run_id: '05677328-8bc0-4ced-87db-ce18a3f0daa9',
      body: [Object],
      scope: 'Default Suite.com.browserstack.BStackDemoTest',
      custom_metadata: {},
      tags: [],
      scopes: [Array],
      file_name: 'testng-browserstack-master/src/test/java/com/browserstack/BStackDemoTest.java',
      vc_filepath: '',
      location: 'testng-browserstack-master/src/test/java/com/browserstack/BStackDemoTest.java',
      started_at: '2025-09-27T06:49:57.211Z'
    },
    logs: []
  },
  {
    event_type: 'HookRunFinished',
    hook_run: {
      type: 'hook',
      hook_type: 'AFTER_METHOD',
      framework: 'TestNG',
      uuid: '5f7eec68-6656-4c84-bc4f-d025307cf752',
      name: 'tearDown',
      result: 'passed',
      test_run_id: '05677328-8bc0-4ced-87db-ce18a3f0daa9',
      body: [Object],
      scope: 'Default Suite.com.browserstack.BStackDemoTest',
      custom_metadata: {},
      tags: [],
      scopes: [Array],
      file_name: 'testng-browserstack-master/src/test/java/com/browserstack/BStackDemoTest.java',
      vc_filepath: '',
      location: 'testng-browserstack-master/src/test/java/com/browserstack/BStackDemoTest.java',
      started_at: '2025-09-27T06:49:57.211Z',
      finished_at: '2025-09-27T06:49:58.586Z'
    },
    logs: []
  }
] to 3837:0
2025-09-27T06:49:58.784Z CLI info  [arjun153]  [r0umzxwn4p8veyngfpm5tty7nfxtekrvp5n4x5jq]  [b880346e-3fe7-4038-8250-62f5d4437788]  [PRODUCTION] Making POST request to https://collector-observability.browserstack.com
2025-09-27T06:49:59.748Z CLI info  [arjun153]  [r0umzxwn4p8veyngfpm5tty7nfxtekrvp5n4x5jq]  [b880346e-3fe7-4038-8250-62f5d4437788]  [PRODUCTION] Making POST request to https://collector-observability.browserstack.com
2025-09-27T06:50:00.689Z CLI error [testhub:module]  [arjun153]  [r0umzxwn4p8veyngfpm5tty7nfxtekrvp5n4x5jq]  [b880346e-3fe7-4038-8250-62f5d4437788]  [collectBuildData] Exception in collecting build data for build UUID r0umzxwn4p8veyngfpm5tty7nfxtekrvp5n4x5jq: {"message":"Build data collection started"}
2025-09-27T06:50:00.689Z CLI info  [arjun153]  [r0umzxwn4p8veyngfpm5tty7nfxtekrvp5n4x5jq]  [b880346e-3fe7-4038-8250-62f5d4437788]  [PRODUCTION] Making PUT request to https://collector-observability.browserstack.com
2025-09-27T06:50:01.646Z CLI info [testhub:module]  [arjun153]  [r0umzxwn4p8veyngfpm5tty7nfxtekrvp5n4x5jq]  [b880346e-3fe7-4038-8250-62f5d4437788]  stopBuild: r0umzxwn4p8veyngfpm5tty7nfxtekrvp5n4x5jq request={"finished_at":"2025-09-27T06:49:59.557Z","finished_metadata":[],"custom_metadata":{}} response={"data":""}
2025-09-27T06:50:01.649Z CLI info  [arjun153]  [r0umzxwn4p8veyngfpm5tty7nfxtekrvp5n4x5jq]  [b880346e-3fe7-4038-8250-62f5d4437788]  [PRODUCTION] Making POST request to https://api.browserstack.com
2025-09-27T06:50:01.650Z CLI info [TEST REPORTING AND ANALYTICS:module]  [arjun153]  [r0umzxwn4p8veyngfpm5tty7nfxtekrvp5n4x5jq]  [b880346e-3fe7-4038-8250-62f5d4437788]  Visit https://automation.browserstack.com/builds/r0umzxwn4p8veyngfpm5tty7nfxtekrvp5n4x5jq to view build report, insights, and many more debugging information all at one place!
2025-09-27T06:50:06.235Z CLI info  [arjun153]  [r0umzxwn4p8veyngfpm5tty7nfxtekrvp5n4x5jq]  [b880346e-3fe7-4038-8250-62f5d4437788]  [PRODUCTION] Making GET request to https://api.browserstack.com
2025-09-27T06:50:06.573Z CLI info  [arjun153]  [r0umzxwn4p8veyngfpm5tty7nfxtekrvp5n4x5jq]  [b880346e-3fe7-4038-8250-62f5d4437788]  [PRODUCTION] Making POST request to https://eds.browserstack.com
2025-09-27T06:50:07.869Z CLI info [main]  [arjun153]  [r0umzxwn4p8veyngfpm5tty7nfxtekrvp5n4x5jq]  [b880346e-3fe7-4038-8250-62f5d4437788]  Received graceful signal termination, performing cleanup
2025-09-27T07:13:31.088Z CLI info [main]     Server listening on port: 5400
2025-09-27T07:13:31.291Z CLI info     Config : {"userName":"arjun153","accessKey":"pBUjJCeGYhbsRaET7AUb","framework":"testng","platforms":[{"os":"Windows","osVersion":"10","browserName":"Chrome","browserVersion":"136.0"}],"parallelsPerPlatform":1,"browserstackLocal":true,"buildName":"testathon_Arjun Build","projectName":"testathon_Arjun","CUSTOM_TAG_1":"testathon_Arjun_tag","networkLogs":true,"consoleLogs":"info","percy":false,"percyCaptureMode":"auto"}
2025-09-27T07:13:31.300Z CLI info [testhub:module]  [arjun153]   [a57b8a25-75d1-477c-bae2-e987c38833a9]  Starting testhub from 4136:0
2025-09-27T07:13:31.300Z CLI info [testhub:module]  [arjun153]   [a57b8a25-75d1-477c-bae2-e987c38833a9]  startBuild: payload=

{"started_at":"2025-09-27T07:13:31.300Z","host_info":{"hostname":"ArjunBM-MBP","platform":"darwin","type":"Darwin","version":"Darwin Kernel Version 24.6.0: Mon Aug 11 21:16:21 PDT 2025; root:xnu-11417.140.69.701.11~1/RELEASE_ARM64_T6000","arch":"arm64"},"ci_info":{"build_number":null},"version_control":{},"project_name":"testathon_Arjun","name":"testathon_Arjun Build","build_identifier":"#${BUILD_NUMBER}","build_run_identifier":null,"description":"","tags":["testathon_Arjun_tag"],"failed_tests_rerun":false,"accessibility":{"settings":{}},"framework_details":{"frameworkName":"TestNG","frameworkVersion":"7.4.0","sdkVersion":"1.41.1","cliVersion":"1.6.23","language":"java","testFramework":{"name":"selenium","version":"4.1.4"}},"product_map":{"observability":true,"accessibility":null,"percy":false,"automate":true,"app_automate":false},"browserstackAutomation":true,"test_orchestration":{}}
2025-09-27T07:13:31.300Z CLI info  [arjun153]   [a57b8a25-75d1-477c-bae2-e987c38833a9]  [PRODUCTION] Making POST request to https://sdk.browserstack.com
2025-09-27T07:13:32.217Z CLI info [testhub:module]  [arjun153]   [a57b8a25-75d1-477c-bae2-e987c38833a9]  startBuild: response=1iwuis5w5jbr6ff6s8pic6e737w5xkbfxilo20mh
2025-09-27T07:13:32.219Z CLI info  [arjun153]  [1iwuis5w5jbr6ff6s8pic6e737w5xkbfxilo20mh]  [a57b8a25-75d1-477c-bae2-e987c38833a9]  [PRODUCTION] Making POST request to https://api.browserstack.com
2025-09-27T07:13:39.375Z CLI info  [arjun153]  [1iwuis5w5jbr6ff6s8pic6e737w5xkbfxilo20mh]  [a57b8a25-75d1-477c-bae2-e987c38833a9]  [PRODUCTION] Making GET request to https://hub.browserstack.com
2025-09-27T07:13:39.547Z CLI info  [arjun153]  [1iwuis5w5jbr6ff6s8pic6e737w5xkbfxilo20mh]  [a57b8a25-75d1-477c-bae2-e987c38833a9]  [PRODUCTION] Making GET request to https://hub-aps.browserstack.com
2025-09-27T07:13:39.678Z CLI info  [arjun153]  [1iwuis5w5jbr6ff6s8pic6e737w5xkbfxilo20mh]  [a57b8a25-75d1-477c-bae2-e987c38833a9]  [PRODUCTION] Making GET request to https://hub-euw.browserstack.com
2025-09-27T07:13:40.983Z CLI info  [arjun153]  [1iwuis5w5jbr6ff6s8pic6e737w5xkbfxilo20mh]  [a57b8a25-75d1-477c-bae2-e987c38833a9]  [PRODUCTION] Making GET request to https://hub-apse.browserstack.com
2025-09-27T07:13:43.303Z CLI info [testhub:request-queue-handler]  [arjun153]  [1iwuis5w5jbr6ff6s8pic6e737w5xkbfxilo20mh]  [a57b8a25-75d1-477c-bae2-e987c38833a9]  Added the event {
  event_type: 'HookRunStarted',
  hook_run: {
    type: 'hook',
    hook_type: 'BEFORE_METHOD',
    framework: 'TestNG',
    uuid: 'b067defd-1924-45e6-87c8-b543822b5e21',
    name: 'setUp',
    result: 'pending',
    test_run_id: 'd525f486-2e09-4880-b188-8d71bb26edac',
    body: { lang: 'java', code: null },
    scope: 'Default Suite.com.browserstack.ValidateHomePageLanding',
    custom_metadata: {},
    tags: [],
    scopes: [ 'Default Suite', 'com.browserstack.ValidateHomePageLanding' ],
    file_name: 'testng-browserstack-master/src/test/java/com/browserstack/ValidateHomePageLanding.java',
    vc_filepath: '',
    location: 'testng-browserstack-master/src/test/java/com/browserstack/ValidateHomePageLanding.java',
    started_at: '2025-09-27T07:13:43.294Z'
  },
  logs: []
} to 4136:0
2025-09-27T07:13:43.410Z CLI info [testhub:request-queue-handler]  [arjun153]  [1iwuis5w5jbr6ff6s8pic6e737w5xkbfxilo20mh]  [a57b8a25-75d1-477c-bae2-e987c38833a9]  Added the event {
  event_type: 'LogCreated',
  logs: [
    {
      testFrameworkName: 'TestNG',
      testFrameworkVersion: '7.4.0',
      testFrameworkState: 'LOG',
      timestamp: '2025-09-27T07:13:43.405Z',
      uuid: 'b067defd-1924-45e6-87c8-b543822b5e21',
      kind: 'TEST_LOG',
      message: '"SLF4J: Failed to load class \\"org.slf4j.impl.StaticLoggerBinder\\"."',
      level: 'ERROR',
      test_run_uuid: 'b067defd-1924-45e6-87c8-b543822b5e21'
    }
  ]
} to 4136:0
2025-09-27T07:13:43.416Z CLI info [testhub:request-queue-handler]  [arjun153]  [1iwuis5w5jbr6ff6s8pic6e737w5xkbfxilo20mh]  [a57b8a25-75d1-477c-bae2-e987c38833a9]  Added the event {
  event_type: 'LogCreated',
  logs: [
    {
      testFrameworkName: 'TestNG',
      testFrameworkVersion: '7.4.0',
      testFrameworkState: 'LOG',
      timestamp: '2025-09-27T07:13:43.415Z',
      uuid: 'b067defd-1924-45e6-87c8-b543822b5e21',
      kind: 'TEST_LOG',
      message: '"SLF4J: Defaulting to no-operation (NOP) logger implementation"',
      level: 'ERROR',
      test_run_uuid: 'b067defd-1924-45e6-87c8-b543822b5e21'
    }
  ]
} to 4136:0
2025-09-27T07:13:43.421Z CLI info [testhub:request-queue-handler]  [arjun153]  [1iwuis5w5jbr6ff6s8pic6e737w5xkbfxilo20mh]  [a57b8a25-75d1-477c-bae2-e987c38833a9]  Added the event {
  event_type: 'LogCreated',
  logs: [
    {
      testFrameworkName: 'TestNG',
      testFrameworkVersion: '7.4.0',
      testFrameworkState: 'LOG',
      timestamp: '2025-09-27T07:13:43.420Z',
      uuid: 'b067defd-1924-45e6-87c8-b543822b5e21',
      kind: 'TEST_LOG',
      message: '"SLF4J: See http://www.slf4j.org/codes.html#StaticLoggerBinder for further details."',
      level: 'ERROR',
      test_run_uuid: 'b067defd-1924-45e6-87c8-b543822b5e21'
    }
  ]
} to 4136:0
2025-09-27T07:13:43.448Z CLI info [testhub:request-queue-handler]  [arjun153]  [1iwuis5w5jbr6ff6s8pic6e737w5xkbfxilo20mh]  [a57b8a25-75d1-477c-bae2-e987c38833a9]  Added the event {
  event_type: 'LogCreated',
  logs: [
    {
      testFrameworkName: 'TestNG',
      testFrameworkVersion: '7.4.0',
      testFrameworkState: 'LOG',
      timestamp: '2025-09-27T07:13:43.446Z',
      uuid: 'b067defd-1924-45e6-87c8-b543822b5e21',
      kind: 'TEST_LOG',
      message: '"WARNING: sun.reflect.Reflection.getCallerClass is not supported. This will impact performance."',
      level: 'INFO',
      test_run_uuid: 'b067defd-1924-45e6-87c8-b543822b5e21'
    }
  ]
} to 4136:0
2025-09-27T07:13:44.227Z CLI info [testhub:request-queue-handler]  [arjun153]  [1iwuis5w5jbr6ff6s8pic6e737w5xkbfxilo20mh]  [a57b8a25-75d1-477c-bae2-e987c38833a9]  Processing batch event [
  {
    event_type: 'HookRunStarted',
    hook_run: {
      type: 'hook',
      hook_type: 'BEFORE_METHOD',
      framework: 'TestNG',
      uuid: 'b067defd-1924-45e6-87c8-b543822b5e21',
      name: 'setUp',
      result: 'pending',
      test_run_id: 'd525f486-2e09-4880-b188-8d71bb26edac',
      body: [Object],
      scope: 'Default Suite.com.browserstack.ValidateHomePageLanding',
      custom_metadata: {},
      tags: [],
      scopes: [Array],
      file_name: 'testng-browserstack-master/src/test/java/com/browserstack/ValidateHomePageLanding.java',
      vc_filepath: '',
      location: 'testng-browserstack-master/src/test/java/com/browserstack/ValidateHomePageLanding.java',
      started_at: '2025-09-27T07:13:43.294Z'
    },
    logs: []
  },
  { event_type: 'LogCreated', logs: [ [Object] ] },
  { event_type: 'LogCreated', logs: [ [Object] ] },
  { event_type: 'LogCreated', logs: [ [Object] ] },
  { event_type: 'LogCreated', logs: [ [Object] ] }
] to 4136:0
2025-09-27T07:13:44.228Z CLI info  [arjun153]  [1iwuis5w5jbr6ff6s8pic6e737w5xkbfxilo20mh]  [a57b8a25-75d1-477c-bae2-e987c38833a9]  [PRODUCTION] Making POST request to https://collector-observability.browserstack.com
2025-09-27T07:13:51.609Z CLI info [testhub:request-queue-handler]  [arjun153]  [1iwuis5w5jbr6ff6s8pic6e737w5xkbfxilo20mh]  [a57b8a25-75d1-477c-bae2-e987c38833a9]  Added the event {
  event_type: 'HookRunFinished',
  hook_run: {
    type: 'hook',
    hook_type: 'BEFORE_METHOD',
    framework: 'TestNG',
    uuid: 'b067defd-1924-45e6-87c8-b543822b5e21',
    name: 'setUp',
    result: 'passed',
    test_run_id: 'd525f486-2e09-4880-b188-8d71bb26edac',
    body: { lang: 'java', code: null },
    scope: 'Default Suite.com.browserstack.ValidateHomePageLanding',
    custom_metadata: {},
    tags: [],
    scopes: [ 'Default Suite', 'com.browserstack.ValidateHomePageLanding' ],
    file_name: 'testng-browserstack-master/src/test/java/com/browserstack/ValidateHomePageLanding.java',
    vc_filepath: '',
    location: 'testng-browserstack-master/src/test/java/com/browserstack/ValidateHomePageLanding.java',
    started_at: '2025-09-27T07:13:43.294Z',
    finished_at: '2025-09-27T07:13:51.606Z'
  },
  logs: []
} to 4136:0
2025-09-27T07:13:51.641Z CLI info [testhub:request-queue-handler]  [arjun153]  [1iwuis5w5jbr6ff6s8pic6e737w5xkbfxilo20mh]  [a57b8a25-75d1-477c-bae2-e987c38833a9]  Added the event {
  event_type: 'CBTSessionCreated',
  test_run: {
    uuid: '26e70257-7157-4f25-ae33-bdedf969c832',
    integrations: { browserstack: [Object] }
  }
} to 4136:0
2025-09-27T07:13:51.646Z CLI info [testhub:request-queue-handler]  [arjun153]  [1iwuis5w5jbr6ff6s8pic6e737w5xkbfxilo20mh]  [a57b8a25-75d1-477c-bae2-e987c38833a9]  Added the event {
  event_type: 'TestRunStarted',
  test_run: {
    type: 'test',
    framework: 'TestNG',
    uuid: '26e70257-7157-4f25-ae33-bdedf969c832',
    name: 'homeValidation',
    body: {
      lang: 'java',
      code: 'public void com.browserstack.ValidateHomePageLanding.homeValidation() throws java.lang.Exception'
    },
    identifier: 'homeValidation',
    scope: 'Default Suite.com.browserstack.ValidateHomePageLanding',
    scopes: [ 'Default Suite', 'com.browserstack.ValidateHomePageLanding' ],
    file_name: 'src/test/java/com/browserstack/ValidateHomePageLanding.java',
    vc_filepath: '',
    location: 'src/test/java/com/browserstack/ValidateHomePageLanding.java',
    meta: {},
    result: 'pending',
    duration_in_ms: null,
    started_at: '2025-09-27T07:13:51.617Z',
    failure: undefined,
    failure_type: undefined,
    failure_reason: undefined,
    retry_of: null,
    custom_metadata: {},
    tags: [],
    customRerunParam: { rerun_name: 'testng-browserstack-master-0' },
    hooks: [],
    product_map: {
      observability: true,
      accessibility: false,
      percy: false,
      automate: true,
      app_automate: false
    }
  },
  logs: []
} to 4136:0
2025-09-27T07:13:52.230Z CLI info [testhub:request-queue-handler]  [arjun153]  [1iwuis5w5jbr6ff6s8pic6e737w5xkbfxilo20mh]  [a57b8a25-75d1-477c-bae2-e987c38833a9]  Processing batch event [
  {
    event_type: 'HookRunFinished',
    hook_run: {
      type: 'hook',
      hook_type: 'BEFORE_METHOD',
      framework: 'TestNG',
      uuid: 'b067defd-1924-45e6-87c8-b543822b5e21',
      name: 'setUp',
      result: 'passed',
      test_run_id: 'd525f486-2e09-4880-b188-8d71bb26edac',
      body: [Object],
      scope: 'Default Suite.com.browserstack.ValidateHomePageLanding',
      custom_metadata: {},
      tags: [],
      scopes: [Array],
      file_name: 'testng-browserstack-master/src/test/java/com/browserstack/ValidateHomePageLanding.java',
      vc_filepath: '',
      location: 'testng-browserstack-master/src/test/java/com/browserstack/ValidateHomePageLanding.java',
      started_at: '2025-09-27T07:13:43.294Z',
      finished_at: '2025-09-27T07:13:51.606Z'
    },
    logs: []
  },
  {
    event_type: 'CBTSessionCreated',
    test_run: {
      uuid: '26e70257-7157-4f25-ae33-bdedf969c832',
      integrations: [Object]
    }
  },
  {
    event_type: 'TestRunStarted',
    test_run: {
      type: 'test',
      framework: 'TestNG',
      uuid: '26e70257-7157-4f25-ae33-bdedf969c832',
      name: 'homeValidation',
      body: [Object],
      identifier: 'homeValidation',
      scope: 'Default Suite.com.browserstack.ValidateHomePageLanding',
      scopes: [Array],
      file_name: 'src/test/java/com/browserstack/ValidateHomePageLanding.java',
      vc_filepath: '',
      location: 'src/test/java/com/browserstack/ValidateHomePageLanding.java',
      meta: {},
      result: 'pending',
      duration_in_ms: null,
      started_at: '2025-09-27T07:13:51.617Z',
      failure: undefined,
      failure_type: undefined,
      failure_reason: undefined,
      retry_of: null,
      custom_metadata: {},
      tags: [],
      customRerunParam: [Object],
      hooks: [],
      product_map: [Object]
    },
    logs: []
  }
] to 4136:0
2025-09-27T07:13:52.231Z CLI info  [arjun153]  [1iwuis5w5jbr6ff6s8pic6e737w5xkbfxilo20mh]  [a57b8a25-75d1-477c-bae2-e987c38833a9]  [PRODUCTION] Making POST request to https://collector-observability.browserstack.com
2025-09-27T07:14:00.377Z CLI warn [TEST REPORTING AND ANALYTICS:java:testng]  [arjun153]  [1iwuis5w5jbr6ff6s8pic6e737w5xkbfxilo20mh]  [a57b8a25-75d1-477c-bae2-e987c38833a9]  TestRunFinished: event={"test_hook_last_started":"BEFORE_METHOD","test_failure_type":null,"test_rerun_name":"testng-browserstack-master-0","test_result_at":"2025-09-27T12:43:56.930598","test_scope":"Default Suite.com.browserstack.ValidateHomePageLanding","test_framework_name":"TestNG","test_tags":"","cbt_session_created":true,"test_started_at":"2025-09-27T12:43:51.617104","platform_index":0,"test_failure":null,"test_framework_version":"7.4.0","test_logs":[],"test_scopes":["Default Suite","com.browserstack.ValidateHomePageLanding"],"test_code":"public void com.browserstack.ValidateHomePageLanding.homeValidation() throws java.lang.Exception","test_id":"testng-browserstack-master-0@0","test_uuid":"26e70257-7157-4f25-ae33-bdedf969c832","test_ended_at":"2025-09-27T12:43:56.931581","automate_session_name":"testng-browserstack-master-00","test_hook_last_finished":"BEFORE_METHOD","test_session_name":"com.browserstack.ValidateHomePageLanding-homeValidation","test_hook_state":"sdk:hook:3c7058bb","custom_metadata":{},"test_failure_reason":null,"test_location":"src/test/java/com/browserstack/ValidateHomePageLanding.java","test_hooks_started":{"BEFORE_METHOD":[]},"test_file_path":"src/test/java/com/browserstack/ValidateHomePageLanding.java","test_result":"passed","test_hooks_finished":{"BEFORE_METHOD":[{"hook_name":"setUp","hook_result":"passed","test_file_path":"testng-browserstack-master/src/test/java/com/browserstack/ValidateHomePageLanding.java","event_started_at":"2025-09-27T12:43:43.294580","hook_id":"b067defd-1924-45e6-87c8-b543822b5e21","hook_logs":[],"logs":[],"key":"BEFORE_METHOD","custom_metadata":{},"event_ended_at":"2025-09-27T12:43:51.606343","test_location":"testng-browserstack-master/src/test/java/com/browserstack/ValidateHomePageLanding.java"}]},"hook_id":"b067defd-1924-45e6-87c8-b543822b5e21","test_meta":{},"isBrowserstackAutomationSession":true,"test_name":"homeValidation","logs":[]}
2025-09-27T07:14:00.379Z CLI info [testhub:request-queue-handler]  [arjun153]  [1iwuis5w5jbr6ff6s8pic6e737w5xkbfxilo20mh]  [a57b8a25-75d1-477c-bae2-e987c38833a9]  Added the event {
  event_type: 'TestRunFinished',
  test_run: {
    type: 'test',
    framework: 'TestNG',
    uuid: '26e70257-7157-4f25-ae33-bdedf969c832',
    name: 'homeValidation',
    body: {
      lang: 'java',
      code: 'public void com.browserstack.ValidateHomePageLanding.homeValidation() throws java.lang.Exception'
    },
    identifier: 'homeValidation',
    scope: 'Default Suite.com.browserstack.ValidateHomePageLanding',
    scopes: [ 'Default Suite', 'com.browserstack.ValidateHomePageLanding' ],
    file_name: 'src/test/java/com/browserstack/ValidateHomePageLanding.java',
    vc_filepath: '',
    location: 'src/test/java/com/browserstack/ValidateHomePageLanding.java',
    meta: {},
    result: 'passed',
    duration_in_ms: 5314,
    started_at: '2025-09-27T07:13:51.617Z',
    finished_at: '2025-09-27T07:13:56.931Z',
    failure: null,
    failure_type: null,
    failure_reason: null,
    retry_of: null,
    custom_metadata: {},
    tags: [],
    customRerunParam: { rerun_name: 'testng-browserstack-master-0' },
    hooks: [ 'b067defd-1924-45e6-87c8-b543822b5e21' ],
    product_map: {
      observability: true,
      accessibility: false,
      percy: false,
      automate: true,
      app_automate: false
    }
  },
  logs: []
} to 4136:0
2025-09-27T07:14:00.393Z CLI info [testhub:request-queue-handler]  [arjun153]  [1iwuis5w5jbr6ff6s8pic6e737w5xkbfxilo20mh]  [a57b8a25-75d1-477c-bae2-e987c38833a9]  Added the event {
  event_type: 'HookRunStarted',
  hook_run: {
    type: 'hook',
    hook_type: 'AFTER_METHOD',
    framework: 'TestNG',
    uuid: 'f757c17f-1100-4120-89b4-9e4434ae7a0e',
    name: 'tearDown',
    result: 'pending',
    test_run_id: '26e70257-7157-4f25-ae33-bdedf969c832',
    body: { lang: 'java', code: null },
    scope: 'Default Suite.com.browserstack.ValidateHomePageLanding',
    custom_metadata: {},
    tags: [],
    scopes: [ 'Default Suite', 'com.browserstack.ValidateHomePageLanding' ],
    file_name: 'testng-browserstack-master/src/test/java/com/browserstack/ValidateHomePageLanding.java',
    vc_filepath: '',
    location: 'testng-browserstack-master/src/test/java/com/browserstack/ValidateHomePageLanding.java',
    started_at: '2025-09-27T07:14:00.390Z'
  },
  logs: []
} to 4136:0
2025-09-27T07:14:01.900Z CLI info [testhub:request-queue-handler]  [arjun153]  [1iwuis5w5jbr6ff6s8pic6e737w5xkbfxilo20mh]  [a57b8a25-75d1-477c-bae2-e987c38833a9]  Added the event {
  event_type: 'HookRunFinished',
  hook_run: {
    type: 'hook',
    hook_type: 'AFTER_METHOD',
    framework: 'TestNG',
    uuid: 'f757c17f-1100-4120-89b4-9e4434ae7a0e',
    name: 'tearDown',
    result: 'passed',
    test_run_id: '26e70257-7157-4f25-ae33-bdedf969c832',
    body: { lang: 'java', code: null },
    scope: 'Default Suite.com.browserstack.ValidateHomePageLanding',
    custom_metadata: {},
    tags: [],
    scopes: [ 'Default Suite', 'com.browserstack.ValidateHomePageLanding' ],
    file_name: 'testng-browserstack-master/src/test/java/com/browserstack/ValidateHomePageLanding.java',
    vc_filepath: '',
    location: 'testng-browserstack-master/src/test/java/com/browserstack/ValidateHomePageLanding.java',
    started_at: '2025-09-27T07:14:00.390Z',
    finished_at: '2025-09-27T07:14:01.895Z'
  },
  logs: []
} to 4136:0
2025-09-27T07:14:02.236Z CLI info [testhub:request-queue-handler]  [arjun153]  [1iwuis5w5jbr6ff6s8pic6e737w5xkbfxilo20mh]  [a57b8a25-75d1-477c-bae2-e987c38833a9]  Processing batch event [
  {
    event_type: 'TestRunFinished',
    test_run: {
      type: 'test',
      framework: 'TestNG',
      uuid: '26e70257-7157-4f25-ae33-bdedf969c832',
      name: 'homeValidation',
      body: [Object],
      identifier: 'homeValidation',
      scope: 'Default Suite.com.browserstack.ValidateHomePageLanding',
      scopes: [Array],
      file_name: 'src/test/java/com/browserstack/ValidateHomePageLanding.java',
      vc_filepath: '',
      location: 'src/test/java/com/browserstack/ValidateHomePageLanding.java',
      meta: {},
      result: 'passed',
      duration_in_ms: 5314,
      started_at: '2025-09-27T07:13:51.617Z',
      finished_at: '2025-09-27T07:13:56.931Z',
      failure: null,
      failure_type: null,
      failure_reason: null,
      retry_of: null,
      custom_metadata: {},
      tags: [],
      customRerunParam: [Object],
      hooks: [Array],
      product_map: [Object]
    },
    logs: []
  },
  {
    event_type: 'HookRunStarted',
    hook_run: {
      type: 'hook',
      hook_type: 'AFTER_METHOD',
      framework: 'TestNG',
      uuid: 'f757c17f-1100-4120-89b4-9e4434ae7a0e',
      name: 'tearDown',
      result: 'pending',
      test_run_id: '26e70257-7157-4f25-ae33-bdedf969c832',
      body: [Object],
      scope: 'Default Suite.com.browserstack.ValidateHomePageLanding',
      custom_metadata: {},
      tags: [],
      scopes: [Array],
      file_name: 'testng-browserstack-master/src/test/java/com/browserstack/ValidateHomePageLanding.java',
      vc_filepath: '',
      location: 'testng-browserstack-master/src/test/java/com/browserstack/ValidateHomePageLanding.java',
      started_at: '2025-09-27T07:14:00.390Z'
    },
    logs: []
  },
  {
    event_type: 'HookRunFinished',
    hook_run: {
      type: 'hook',
      hook_type: 'AFTER_METHOD',
      framework: 'TestNG',
      uuid: 'f757c17f-1100-4120-89b4-9e4434ae7a0e',
      name: 'tearDown',
      result: 'passed',
      test_run_id: '26e70257-7157-4f25-ae33-bdedf969c832',
      body: [Object],
      scope: 'Default Suite.com.browserstack.ValidateHomePageLanding',
      custom_metadata: {},
      tags: [],
      scopes: [Array],
      file_name: 'testng-browserstack-master/src/test/java/com/browserstack/ValidateHomePageLanding.java',
      vc_filepath: '',
      location: 'testng-browserstack-master/src/test/java/com/browserstack/ValidateHomePageLanding.java',
      started_at: '2025-09-27T07:14:00.390Z',
      finished_at: '2025-09-27T07:14:01.895Z'
    },
    logs: []
  }
] to 4136:0
2025-09-27T07:14:02.237Z CLI info  [arjun153]  [1iwuis5w5jbr6ff6s8pic6e737w5xkbfxilo20mh]  [a57b8a25-75d1-477c-bae2-e987c38833a9]  [PRODUCTION] Making POST request to https://collector-observability.browserstack.com
2025-09-27T07:14:03.180Z CLI info  [arjun153]  [1iwuis5w5jbr6ff6s8pic6e737w5xkbfxilo20mh]  [a57b8a25-75d1-477c-bae2-e987c38833a9]  [PRODUCTION] Making POST request to https://collector-observability.browserstack.com
2025-09-27T07:14:04.148Z CLI error [testhub:module]  [arjun153]  [1iwuis5w5jbr6ff6s8pic6e737w5xkbfxilo20mh]  [a57b8a25-75d1-477c-bae2-e987c38833a9]  [collectBuildData] Exception in collecting build data for build UUID 1iwuis5w5jbr6ff6s8pic6e737w5xkbfxilo20mh: {"message":"Build data collection started"}
2025-09-27T07:14:04.149Z CLI info  [arjun153]  [1iwuis5w5jbr6ff6s8pic6e737w5xkbfxilo20mh]  [a57b8a25-75d1-477c-bae2-e987c38833a9]  [PRODUCTION] Making PUT request to https://collector-observability.browserstack.com
2025-09-27T07:14:05.212Z CLI info [testhub:module]  [arjun153]  [1iwuis5w5jbr6ff6s8pic6e737w5xkbfxilo20mh]  [a57b8a25-75d1-477c-bae2-e987c38833a9]  stopBuild: 1iwuis5w5jbr6ff6s8pic6e737w5xkbfxilo20mh request={"finished_at":"2025-09-27T07:14:02.867Z","finished_metadata":[],"custom_metadata":{}} response={"data":""}
2025-09-27T07:14:05.214Z CLI info  [arjun153]  [1iwuis5w5jbr6ff6s8pic6e737w5xkbfxilo20mh]  [a57b8a25-75d1-477c-bae2-e987c38833a9]  [PRODUCTION] Making POST request to https://api.browserstack.com
2025-09-27T07:14:05.216Z CLI info [TEST REPORTING AND ANALYTICS:module]  [arjun153]  [1iwuis5w5jbr6ff6s8pic6e737w5xkbfxilo20mh]  [a57b8a25-75d1-477c-bae2-e987c38833a9]  Visit https://automation.browserstack.com/builds/1iwuis5w5jbr6ff6s8pic6e737w5xkbfxilo20mh to view build report, insights, and many more debugging information all at one place!
2025-09-27T07:14:09.801Z CLI info  [arjun153]  [1iwuis5w5jbr6ff6s8pic6e737w5xkbfxilo20mh]  [a57b8a25-75d1-477c-bae2-e987c38833a9]  [PRODUCTION] Making GET request to https://api.browserstack.com
2025-09-27T07:14:10.151Z CLI info  [arjun153]  [1iwuis5w5jbr6ff6s8pic6e737w5xkbfxilo20mh]  [a57b8a25-75d1-477c-bae2-e987c38833a9]  [PRODUCTION] Making POST request to https://eds.browserstack.com
2025-09-27T07:14:11.420Z CLI info [main]  [arjun153]  [1iwuis5w5jbr6ff6s8pic6e737w5xkbfxilo20mh]  [a57b8a25-75d1-477c-bae2-e987c38833a9]  Received graceful signal termination, performing cleanup
2025-09-27T07:19:50.168Z CLI info [main]     Server listening on port: 5400
2025-09-27T07:19:50.372Z CLI info     Config : {"userName":"arjun153","accessKey":"pBUjJCeGYhbsRaET7AUb","framework":"testng","platforms":[{"os":"Windows","osVersion":"10","browserName":"Chrome","browserVersion":"136.0"}],"parallelsPerPlatform":1,"browserstackLocal":true,"buildName":"testathon_Arjun Build","projectName":"testathon_Arjun","CUSTOM_TAG_1":"testathon_Arjun_tag","networkLogs":true,"consoleLogs":"info","percy":false,"percyCaptureMode":"auto"}
2025-09-27T07:19:50.376Z CLI info [testhub:module]  [arjun153]   [bdd1efea-bff9-4f08-95a2-7c3b5f545b59]  Starting testhub from 4233:0
2025-09-27T07:19:50.376Z CLI info [testhub:module]  [arjun153]   [bdd1efea-bff9-4f08-95a2-7c3b5f545b59]  startBuild: payload=

{"started_at":"2025-09-27T07:19:50.376Z","host_info":{"hostname":"ArjunBM-MBP","platform":"darwin","type":"Darwin","version":"Darwin Kernel Version 24.6.0: Mon Aug 11 21:16:21 PDT 2025; root:xnu-11417.140.69.701.11~1/RELEASE_ARM64_T6000","arch":"arm64"},"ci_info":{"build_number":null},"version_control":{},"project_name":"testathon_Arjun","name":"testathon_Arjun Build","build_identifier":"#${BUILD_NUMBER}","build_run_identifier":null,"description":"","tags":["testathon_Arjun_tag"],"failed_tests_rerun":false,"accessibility":{"settings":{}},"framework_details":{"frameworkName":"TestNG","frameworkVersion":"7.4.0","sdkVersion":"1.41.1","cliVersion":"1.6.23","language":"java","testFramework":{"name":"selenium","version":"4.1.4"}},"product_map":{"observability":true,"accessibility":null,"percy":false,"automate":true,"app_automate":false},"browserstackAutomation":true,"test_orchestration":{}}
2025-09-27T07:19:50.376Z CLI info  [arjun153]   [bdd1efea-bff9-4f08-95a2-7c3b5f545b59]  [PRODUCTION] Making POST request to https://sdk.browserstack.com
2025-09-27T07:19:51.196Z CLI info [testhub:module]  [arjun153]   [bdd1efea-bff9-4f08-95a2-7c3b5f545b59]  startBuild: response=31rccpp6ffw8jscqau269akgxat2wnedwqyv3qyu
2025-09-27T07:19:51.199Z CLI info  [arjun153]  [31rccpp6ffw8jscqau269akgxat2wnedwqyv3qyu]  [bdd1efea-bff9-4f08-95a2-7c3b5f545b59]  [PRODUCTION] Making POST request to https://api.browserstack.com
2025-09-27T07:19:59.274Z CLI info  [arjun153]  [31rccpp6ffw8jscqau269akgxat2wnedwqyv3qyu]  [bdd1efea-bff9-4f08-95a2-7c3b5f545b59]  [PRODUCTION] Making GET request to https://hub.browserstack.com
2025-09-27T07:19:59.440Z CLI info  [arjun153]  [31rccpp6ffw8jscqau269akgxat2wnedwqyv3qyu]  [bdd1efea-bff9-4f08-95a2-7c3b5f545b59]  [PRODUCTION] Making GET request to https://hub-aps.browserstack.com
2025-09-27T07:19:59.571Z CLI info  [arjun153]  [31rccpp6ffw8jscqau269akgxat2wnedwqyv3qyu]  [bdd1efea-bff9-4f08-95a2-7c3b5f545b59]  [PRODUCTION] Making GET request to https://hub-euw.browserstack.com
2025-09-27T07:20:00.973Z CLI info  [arjun153]  [31rccpp6ffw8jscqau269akgxat2wnedwqyv3qyu]  [bdd1efea-bff9-4f08-95a2-7c3b5f545b59]  [PRODUCTION] Making GET request to https://hub-apse.browserstack.com
2025-09-27T07:20:03.272Z CLI info [testhub:request-queue-handler]  [arjun153]  [31rccpp6ffw8jscqau269akgxat2wnedwqyv3qyu]  [bdd1efea-bff9-4f08-95a2-7c3b5f545b59]  Added the event {
  event_type: 'HookRunStarted',
  hook_run: {
    type: 'hook',
    hook_type: 'BEFORE_METHOD',
    framework: 'TestNG',
    uuid: '95726df3-01cb-427f-9da9-94a0824394ae',
    name: 'setUp',
    result: 'pending',
    test_run_id: 'e158b45d-0c80-4d94-9d36-a40e1a679ca2',
    body: { lang: 'java', code: null },
    scope: 'Default Suite.com.browserstack.ValidateHomePageLanding',
    custom_metadata: {},
    tags: [],
    scopes: [ 'Default Suite', 'com.browserstack.ValidateHomePageLanding' ],
    file_name: 'testng-browserstack-master/src/test/java/com/browserstack/ValidateHomePageLanding.java',
    vc_filepath: '',
    location: 'testng-browserstack-master/src/test/java/com/browserstack/ValidateHomePageLanding.java',
    started_at: '2025-09-27T07:20:03.263Z'
  },
  logs: []
} to 4233:0
2025-09-27T07:20:03.382Z CLI info [testhub:request-queue-handler]  [arjun153]  [31rccpp6ffw8jscqau269akgxat2wnedwqyv3qyu]  [bdd1efea-bff9-4f08-95a2-7c3b5f545b59]  Added the event {
  event_type: 'LogCreated',
  logs: [
    {
      testFrameworkName: 'TestNG',
      testFrameworkVersion: '7.4.0',
      testFrameworkState: 'LOG',
      timestamp: '2025-09-27T07:20:03.376Z',
      uuid: '95726df3-01cb-427f-9da9-94a0824394ae',
      kind: 'TEST_LOG',
      message: '"SLF4J: Failed to load class \\"org.slf4j.impl.StaticLoggerBinder\\"."',
      level: 'ERROR',
      test_run_uuid: '95726df3-01cb-427f-9da9-94a0824394ae'
    }
  ]
} to 4233:0
2025-09-27T07:20:03.388Z CLI info [testhub:request-queue-handler]  [arjun153]  [31rccpp6ffw8jscqau269akgxat2wnedwqyv3qyu]  [bdd1efea-bff9-4f08-95a2-7c3b5f545b59]  Added the event {
  event_type: 'LogCreated',
  logs: [
    {
      testFrameworkName: 'TestNG',
      testFrameworkVersion: '7.4.0',
      testFrameworkState: 'LOG',
      timestamp: '2025-09-27T07:20:03.387Z',
      uuid: '95726df3-01cb-427f-9da9-94a0824394ae',
      kind: 'TEST_LOG',
      message: '"SLF4J: Defaulting to no-operation (NOP) logger implementation"',
      level: 'ERROR',
      test_run_uuid: '95726df3-01cb-427f-9da9-94a0824394ae'
    }
  ]
} to 4233:0
2025-09-27T07:20:03.393Z CLI info [testhub:request-queue-handler]  [arjun153]  [31rccpp6ffw8jscqau269akgxat2wnedwqyv3qyu]  [bdd1efea-bff9-4f08-95a2-7c3b5f545b59]  Added the event {
  event_type: 'LogCreated',
  logs: [
    {
      testFrameworkName: 'TestNG',
      testFrameworkVersion: '7.4.0',
      testFrameworkState: 'LOG',
      timestamp: '2025-09-27T07:20:03.392Z',
      uuid: '95726df3-01cb-427f-9da9-94a0824394ae',
      kind: 'TEST_LOG',
      message: '"SLF4J: See http://www.slf4j.org/codes.html#StaticLoggerBinder for further details."',
      level: 'ERROR',
      test_run_uuid: '95726df3-01cb-427f-9da9-94a0824394ae'
    }
  ]
} to 4233:0
2025-09-27T07:20:03.423Z CLI info [testhub:request-queue-handler]  [arjun153]  [31rccpp6ffw8jscqau269akgxat2wnedwqyv3qyu]  [bdd1efea-bff9-4f08-95a2-7c3b5f545b59]  Added the event {
  event_type: 'LogCreated',
  logs: [
    {
      testFrameworkName: 'TestNG',
      testFrameworkVersion: '7.4.0',
      testFrameworkState: 'LOG',
      timestamp: '2025-09-27T07:20:03.421Z',
      uuid: '95726df3-01cb-427f-9da9-94a0824394ae',
      kind: 'TEST_LOG',
      message: '"WARNING: sun.reflect.Reflection.getCallerClass is not supported. This will impact performance."',
      level: 'INFO',
      test_run_uuid: '95726df3-01cb-427f-9da9-94a0824394ae'
    }
  ]
} to 4233:0
2025-09-27T07:20:05.206Z CLI info [testhub:request-queue-handler]  [arjun153]  [31rccpp6ffw8jscqau269akgxat2wnedwqyv3qyu]  [bdd1efea-bff9-4f08-95a2-7c3b5f545b59]  Processing batch event [
  {
    event_type: 'HookRunStarted',
    hook_run: {
      type: 'hook',
      hook_type: 'BEFORE_METHOD',
      framework: 'TestNG',
      uuid: '95726df3-01cb-427f-9da9-94a0824394ae',
      name: 'setUp',
      result: 'pending',
      test_run_id: 'e158b45d-0c80-4d94-9d36-a40e1a679ca2',
      body: [Object],
      scope: 'Default Suite.com.browserstack.ValidateHomePageLanding',
      custom_metadata: {},
      tags: [],
      scopes: [Array],
      file_name: 'testng-browserstack-master/src/test/java/com/browserstack/ValidateHomePageLanding.java',
      vc_filepath: '',
      location: 'testng-browserstack-master/src/test/java/com/browserstack/ValidateHomePageLanding.java',
      started_at: '2025-09-27T07:20:03.263Z'
    },
    logs: []
  },
  { event_type: 'LogCreated', logs: [ [Object] ] },
  { event_type: 'LogCreated', logs: [ [Object] ] },
  { event_type: 'LogCreated', logs: [ [Object] ] },
  { event_type: 'LogCreated', logs: [ [Object] ] }
] to 4233:0
2025-09-27T07:20:05.208Z CLI info  [arjun153]  [31rccpp6ffw8jscqau269akgxat2wnedwqyv3qyu]  [bdd1efea-bff9-4f08-95a2-7c3b5f545b59]  [PRODUCTION] Making POST request to https://collector-observability.browserstack.com
2025-09-27T07:20:12.201Z CLI info [testhub:request-queue-handler]  [arjun153]  [31rccpp6ffw8jscqau269akgxat2wnedwqyv3qyu]  [bdd1efea-bff9-4f08-95a2-7c3b5f545b59]  Added the event {
  event_type: 'HookRunFinished',
  hook_run: {
    type: 'hook',
    hook_type: 'BEFORE_METHOD',
    framework: 'TestNG',
    uuid: '95726df3-01cb-427f-9da9-94a0824394ae',
    name: 'setUp',
    result: 'passed',
    test_run_id: 'e158b45d-0c80-4d94-9d36-a40e1a679ca2',
    body: { lang: 'java', code: null },
    scope: 'Default Suite.com.browserstack.ValidateHomePageLanding',
    custom_metadata: {},
    tags: [],
    scopes: [ 'Default Suite', 'com.browserstack.ValidateHomePageLanding' ],
    file_name: 'testng-browserstack-master/src/test/java/com/browserstack/ValidateHomePageLanding.java',
    vc_filepath: '',
    location: 'testng-browserstack-master/src/test/java/com/browserstack/ValidateHomePageLanding.java',
    started_at: '2025-09-27T07:20:03.263Z',
    finished_at: '2025-09-27T07:20:12.199Z'
  },
  logs: []
} to 4233:0
2025-09-27T07:20:12.231Z CLI info [testhub:request-queue-handler]  [arjun153]  [31rccpp6ffw8jscqau269akgxat2wnedwqyv3qyu]  [bdd1efea-bff9-4f08-95a2-7c3b5f545b59]  Added the event {
  event_type: 'CBTSessionCreated',
  test_run: {
    uuid: 'bbe6832f-1ada-4e75-bdf8-6acacadf6ebb',
    integrations: { browserstack: [Object] }
  }
} to 4233:0
2025-09-27T07:20:12.236Z CLI info [testhub:request-queue-handler]  [arjun153]  [31rccpp6ffw8jscqau269akgxat2wnedwqyv3qyu]  [bdd1efea-bff9-4f08-95a2-7c3b5f545b59]  Added the event {
  event_type: 'TestRunStarted',
  test_run: {
    type: 'test',
    framework: 'TestNG',
    uuid: 'bbe6832f-1ada-4e75-bdf8-6acacadf6ebb',
    name: 'homeValidation',
    body: {
      lang: 'java',
      code: 'public void com.browserstack.ValidateHomePageLanding.homeValidation() throws java.lang.Exception'
    },
    identifier: 'homeValidation',
    scope: 'Default Suite.com.browserstack.ValidateHomePageLanding',
    scopes: [ 'Default Suite', 'com.browserstack.ValidateHomePageLanding' ],
    file_name: 'src/test/java/com/browserstack/ValidateHomePageLanding.java',
    vc_filepath: '',
    location: 'src/test/java/com/browserstack/ValidateHomePageLanding.java',
    meta: {},
    result: 'pending',
    duration_in_ms: null,
    started_at: '2025-09-27T07:20:12.210Z',
    failure: undefined,
    failure_type: undefined,
    failure_reason: undefined,
    retry_of: null,
    custom_metadata: {},
    tags: [],
    customRerunParam: { rerun_name: 'testng-browserstack-master-0' },
    hooks: [],
    product_map: {
      observability: true,
      accessibility: false,
      percy: false,
      automate: true,
      app_automate: false
    }
  },
  logs: []
} to 4233:0
2025-09-27T07:20:13.209Z CLI info [testhub:request-queue-handler]  [arjun153]  [31rccpp6ffw8jscqau269akgxat2wnedwqyv3qyu]  [bdd1efea-bff9-4f08-95a2-7c3b5f545b59]  Processing batch event [
  {
    event_type: 'HookRunFinished',
    hook_run: {
      type: 'hook',
      hook_type: 'BEFORE_METHOD',
      framework: 'TestNG',
      uuid: '95726df3-01cb-427f-9da9-94a0824394ae',
      name: 'setUp',
      result: 'passed',
      test_run_id: 'e158b45d-0c80-4d94-9d36-a40e1a679ca2',
      body: [Object],
      scope: 'Default Suite.com.browserstack.ValidateHomePageLanding',
      custom_metadata: {},
      tags: [],
      scopes: [Array],
      file_name: 'testng-browserstack-master/src/test/java/com/browserstack/ValidateHomePageLanding.java',
      vc_filepath: '',
      location: 'testng-browserstack-master/src/test/java/com/browserstack/ValidateHomePageLanding.java',
      started_at: '2025-09-27T07:20:03.263Z',
      finished_at: '2025-09-27T07:20:12.199Z'
    },
    logs: []
  },
  {
    event_type: 'CBTSessionCreated',
    test_run: {
      uuid: 'bbe6832f-1ada-4e75-bdf8-6acacadf6ebb',
      integrations: [Object]
    }
  },
  {
    event_type: 'TestRunStarted',
    test_run: {
      type: 'test',
      framework: 'TestNG',
      uuid: 'bbe6832f-1ada-4e75-bdf8-6acacadf6ebb',
      name: 'homeValidation',
      body: [Object],
      identifier: 'homeValidation',
      scope: 'Default Suite.com.browserstack.ValidateHomePageLanding',
      scopes: [Array],
      file_name: 'src/test/java/com/browserstack/ValidateHomePageLanding.java',
      vc_filepath: '',
      location: 'src/test/java/com/browserstack/ValidateHomePageLanding.java',
      meta: {},
      result: 'pending',
      duration_in_ms: null,
      started_at: '2025-09-27T07:20:12.210Z',
      failure: undefined,
      failure_type: undefined,
      failure_reason: undefined,
      retry_of: null,
      custom_metadata: {},
      tags: [],
      customRerunParam: [Object],
      hooks: [],
      product_map: [Object]
    },
    logs: []
  }
] to 4233:0
2025-09-27T07:20:13.211Z CLI info  [arjun153]  [31rccpp6ffw8jscqau269akgxat2wnedwqyv3qyu]  [bdd1efea-bff9-4f08-95a2-7c3b5f545b59]  [PRODUCTION] Making POST request to https://collector-observability.browserstack.com
2025-09-27T07:20:26.415Z CLI warn [TEST REPORTING AND ANALYTICS:java:testng]  [arjun153]  [31rccpp6ffw8jscqau269akgxat2wnedwqyv3qyu]  [bdd1efea-bff9-4f08-95a2-7c3b5f545b59]  TestRunFinished: event={"test_hook_last_started":"BEFORE_METHOD","test_failure_type":null,"test_rerun_name":"testng-browserstack-master-0","test_result_at":"2025-09-27T12:50:23.481174","test_scope":"Default Suite.com.browserstack.ValidateHomePageLanding","test_framework_name":"TestNG","test_tags":"","cbt_session_created":true,"test_started_at":"2025-09-27T12:50:12.210167","platform_index":0,"test_failure":null,"test_framework_version":"7.4.0","test_logs":[],"test_scopes":["Default Suite","com.browserstack.ValidateHomePageLanding"],"test_code":"public void com.browserstack.ValidateHomePageLanding.homeValidation() throws java.lang.Exception","test_id":"testng-browserstack-master-0@0","test_uuid":"bbe6832f-1ada-4e75-bdf8-6acacadf6ebb","test_ended_at":"2025-09-27T12:50:23.481778","automate_session_name":"testng-browserstack-master-00","test_hook_last_finished":"BEFORE_METHOD","test_session_name":"com.browserstack.ValidateHomePageLanding-homeValidation","test_hook_state":"sdk:hook:996b0b3b","custom_metadata":{},"test_failure_reason":null,"test_location":"src/test/java/com/browserstack/ValidateHomePageLanding.java","test_hooks_started":{"BEFORE_METHOD":[]},"test_file_path":"src/test/java/com/browserstack/ValidateHomePageLanding.java","test_result":"passed","test_hooks_finished":{"BEFORE_METHOD":[{"hook_name":"setUp","hook_result":"passed","test_file_path":"testng-browserstack-master/src/test/java/com/browserstack/ValidateHomePageLanding.java","event_started_at":"2025-09-27T12:50:03.263913","hook_id":"95726df3-01cb-427f-9da9-94a0824394ae","hook_logs":[],"logs":[],"key":"BEFORE_METHOD","custom_metadata":{},"event_ended_at":"2025-09-27T12:50:12.199304","test_location":"testng-browserstack-master/src/test/java/com/browserstack/ValidateHomePageLanding.java"}]},"hook_id":"95726df3-01cb-427f-9da9-94a0824394ae","test_meta":{},"isBrowserstackAutomationSession":true,"test_name":"homeValidation","logs":[]}
2025-09-27T07:20:26.416Z CLI info [testhub:request-queue-handler]  [arjun153]  [31rccpp6ffw8jscqau269akgxat2wnedwqyv3qyu]  [bdd1efea-bff9-4f08-95a2-7c3b5f545b59]  Added the event {
  event_type: 'TestRunFinished',
  test_run: {
    type: 'test',
    framework: 'TestNG',
    uuid: 'bbe6832f-1ada-4e75-bdf8-6acacadf6ebb',
    name: 'homeValidation',
    body: {
      lang: 'java',
      code: 'public void com.browserstack.ValidateHomePageLanding.homeValidation() throws java.lang.Exception'
    },
    identifier: 'homeValidation',
    scope: 'Default Suite.com.browserstack.ValidateHomePageLanding',
    scopes: [ 'Default Suite', 'com.browserstack.ValidateHomePageLanding' ],
    file_name: 'src/test/java/com/browserstack/ValidateHomePageLanding.java',
    vc_filepath: '',
    location: 'src/test/java/com/browserstack/ValidateHomePageLanding.java',
    meta: {},
    result: 'passed',
    duration_in_ms: 11271,
    started_at: '2025-09-27T07:20:12.210Z',
    finished_at: '2025-09-27T07:20:23.481Z',
    failure: null,
    failure_type: null,
    failure_reason: null,
    retry_of: null,
    custom_metadata: {},
    tags: [],
    customRerunParam: { rerun_name: 'testng-browserstack-master-0' },
    hooks: [ '95726df3-01cb-427f-9da9-94a0824394ae' ],
    product_map: {
      observability: true,
      accessibility: false,
      percy: false,
      automate: true,
      app_automate: false
    }
  },
  logs: []
} to 4233:0
2025-09-27T07:20:26.431Z CLI info [testhub:request-queue-handler]  [arjun153]  [31rccpp6ffw8jscqau269akgxat2wnedwqyv3qyu]  [bdd1efea-bff9-4f08-95a2-7c3b5f545b59]  Added the event {
  event_type: 'HookRunStarted',
  hook_run: {
    type: 'hook',
    hook_type: 'AFTER_METHOD',
    framework: 'TestNG',
    uuid: '722605ee-b500-42c9-b487-8bea4a72164a',
    name: 'tearDown',
    result: 'pending',
    test_run_id: 'bbe6832f-1ada-4e75-bdf8-6acacadf6ebb',
    body: { lang: 'java', code: null },
    scope: 'Default Suite.com.browserstack.ValidateHomePageLanding',
    custom_metadata: {},
    tags: [],
    scopes: [ 'Default Suite', 'com.browserstack.ValidateHomePageLanding' ],
    file_name: 'testng-browserstack-master/src/test/java/com/browserstack/ValidateHomePageLanding.java',
    vc_filepath: '',
    location: 'testng-browserstack-master/src/test/java/com/browserstack/ValidateHomePageLanding.java',
    started_at: '2025-09-27T07:20:26.427Z'
  },
  logs: []
} to 4233:0
2025-09-27T07:20:27.216Z CLI info [testhub:request-queue-handler]  [arjun153]  [31rccpp6ffw8jscqau269akgxat2wnedwqyv3qyu]  [bdd1efea-bff9-4f08-95a2-7c3b5f545b59]  Processing batch event [
  {
    event_type: 'TestRunFinished',
    test_run: {
      type: 'test',
      framework: 'TestNG',
      uuid: 'bbe6832f-1ada-4e75-bdf8-6acacadf6ebb',
      name: 'homeValidation',
      body: [Object],
      identifier: 'homeValidation',
      scope: 'Default Suite.com.browserstack.ValidateHomePageLanding',
      scopes: [Array],
      file_name: 'src/test/java/com/browserstack/ValidateHomePageLanding.java',
      vc_filepath: '',
      location: 'src/test/java/com/browserstack/ValidateHomePageLanding.java',
      meta: {},
      result: 'passed',
      duration_in_ms: 11271,
      started_at: '2025-09-27T07:20:12.210Z',
      finished_at: '2025-09-27T07:20:23.481Z',
      failure: null,
      failure_type: null,
      failure_reason: null,
      retry_of: null,
      custom_metadata: {},
      tags: [],
      customRerunParam: [Object],
      hooks: [Array],
      product_map: [Object]
    },
    logs: []
  },
  {
    event_type: 'HookRunStarted',
    hook_run: {
      type: 'hook',
      hook_type: 'AFTER_METHOD',
      framework: 'TestNG',
      uuid: '722605ee-b500-42c9-b487-8bea4a72164a',
      name: 'tearDown',
      result: 'pending',
      test_run_id: 'bbe6832f-1ada-4e75-bdf8-6acacadf6ebb',
      body: [Object],
      scope: 'Default Suite.com.browserstack.ValidateHomePageLanding',
      custom_metadata: {},
      tags: [],
      scopes: [Array],
      file_name: 'testng-browserstack-master/src/test/java/com/browserstack/ValidateHomePageLanding.java',
      vc_filepath: '',
      location: 'testng-browserstack-master/src/test/java/com/browserstack/ValidateHomePageLanding.java',
      started_at: '2025-09-27T07:20:26.427Z'
    },
    logs: []
  }
] to 4233:0
2025-09-27T07:20:27.218Z CLI info  [arjun153]  [31rccpp6ffw8jscqau269akgxat2wnedwqyv3qyu]  [bdd1efea-bff9-4f08-95a2-7c3b5f545b59]  [PRODUCTION] Making POST request to https://collector-observability.browserstack.com
2025-09-27T07:20:27.852Z CLI info [testhub:request-queue-handler]  [arjun153]  [31rccpp6ffw8jscqau269akgxat2wnedwqyv3qyu]  [bdd1efea-bff9-4f08-95a2-7c3b5f545b59]  Added the event {
  event_type: 'HookRunFinished',
  hook_run: {
    type: 'hook',
    hook_type: 'AFTER_METHOD',
    framework: 'TestNG',
    uuid: '722605ee-b500-42c9-b487-8bea4a72164a',
    name: 'tearDown',
    result: 'passed',
    test_run_id: 'bbe6832f-1ada-4e75-bdf8-6acacadf6ebb',
    body: { lang: 'java', code: null },
    scope: 'Default Suite.com.browserstack.ValidateHomePageLanding',
    custom_metadata: {},
    tags: [],
    scopes: [ 'Default Suite', 'com.browserstack.ValidateHomePageLanding' ],
    file_name: 'testng-browserstack-master/src/test/java/com/browserstack/ValidateHomePageLanding.java',
    vc_filepath: '',
    location: 'testng-browserstack-master/src/test/java/com/browserstack/ValidateHomePageLanding.java',
    started_at: '2025-09-27T07:20:26.427Z',
    finished_at: '2025-09-27T07:20:27.848Z'
  },
  logs: []
} to 4233:0
2025-09-27T07:20:28.244Z CLI info  [arjun153]  [31rccpp6ffw8jscqau269akgxat2wnedwqyv3qyu]  [bdd1efea-bff9-4f08-95a2-7c3b5f545b59]  [PRODUCTION] Making POST request to https://collector-observability.browserstack.com
2025-09-27T07:20:29.199Z CLI error [testhub:module]  [arjun153]  [31rccpp6ffw8jscqau269akgxat2wnedwqyv3qyu]  [bdd1efea-bff9-4f08-95a2-7c3b5f545b59]  [collectBuildData] Exception in collecting build data for build UUID 31rccpp6ffw8jscqau269akgxat2wnedwqyv3qyu: {"message":"Build data collection started"}
2025-09-27T07:20:29.227Z CLI info [testhub:request-queue-handler]  [arjun153]  [31rccpp6ffw8jscqau269akgxat2wnedwqyv3qyu]  [bdd1efea-bff9-4f08-95a2-7c3b5f545b59]  Processing batch event [
  {
    event_type: 'HookRunFinished',
    hook_run: {
      type: 'hook',
      hook_type: 'AFTER_METHOD',
      framework: 'TestNG',
      uuid: '722605ee-b500-42c9-b487-8bea4a72164a',
      name: 'tearDown',
      result: 'passed',
      test_run_id: 'bbe6832f-1ada-4e75-bdf8-6acacadf6ebb',
      body: [Object],
      scope: 'Default Suite.com.browserstack.ValidateHomePageLanding',
      custom_metadata: {},
      tags: [],
      scopes: [Array],
      file_name: 'testng-browserstack-master/src/test/java/com/browserstack/ValidateHomePageLanding.java',
      vc_filepath: '',
      location: 'testng-browserstack-master/src/test/java/com/browserstack/ValidateHomePageLanding.java',
      started_at: '2025-09-27T07:20:26.427Z',
      finished_at: '2025-09-27T07:20:27.848Z'
    },
    logs: []
  }
] to 4233:0
2025-09-27T07:20:29.228Z CLI info  [arjun153]  [31rccpp6ffw8jscqau269akgxat2wnedwqyv3qyu]  [bdd1efea-bff9-4f08-95a2-7c3b5f545b59]  [PRODUCTION] Making POST request to https://collector-observability.browserstack.com
2025-09-27T07:20:30.219Z CLI info  [arjun153]  [31rccpp6ffw8jscqau269akgxat2wnedwqyv3qyu]  [bdd1efea-bff9-4f08-95a2-7c3b5f545b59]  [PRODUCTION] Making PUT request to https://collector-observability.browserstack.com
2025-09-27T07:20:31.147Z CLI info [testhub:module]  [arjun153]  [31rccpp6ffw8jscqau269akgxat2wnedwqyv3qyu]  [bdd1efea-bff9-4f08-95a2-7c3b5f545b59]  stopBuild: 31rccpp6ffw8jscqau269akgxat2wnedwqyv3qyu request={"finished_at":"2025-09-27T07:20:28.244Z","finished_metadata":[],"custom_metadata":{}} response={"data":""}
2025-09-27T07:20:31.148Z CLI info  [arjun153]  [31rccpp6ffw8jscqau269akgxat2wnedwqyv3qyu]  [bdd1efea-bff9-4f08-95a2-7c3b5f545b59]  [PRODUCTION] Making POST request to https://api.browserstack.com
2025-09-27T07:20:31.150Z CLI info [TEST REPORTING AND ANALYTICS:module]  [arjun153]  [31rccpp6ffw8jscqau269akgxat2wnedwqyv3qyu]  [bdd1efea-bff9-4f08-95a2-7c3b5f545b59]  Visit https://automation.browserstack.com/builds/31rccpp6ffw8jscqau269akgxat2wnedwqyv3qyu to view build report, insights, and many more debugging information all at one place!
2025-09-27T07:20:35.208Z CLI info  [arjun153]  [31rccpp6ffw8jscqau269akgxat2wnedwqyv3qyu]  [bdd1efea-bff9-4f08-95a2-7c3b5f545b59]  [PRODUCTION] Making GET request to https://api.browserstack.com
2025-09-27T07:20:35.515Z CLI info  [arjun153]  [31rccpp6ffw8jscqau269akgxat2wnedwqyv3qyu]  [bdd1efea-bff9-4f08-95a2-7c3b5f545b59]  [PRODUCTION] Making POST request to https://eds.browserstack.com
2025-09-27T07:20:36.869Z CLI info [main]  [arjun153]  [31rccpp6ffw8jscqau269akgxat2wnedwqyv3qyu]  [bdd1efea-bff9-4f08-95a2-7c3b5f545b59]  Received graceful signal termination, performing cleanup
2025-09-27T07:36:13.763Z CLI info [main]     Server listening on port: 5400
2025-09-27T07:36:13.961Z CLI info     Config : {"userName":"arjun153","accessKey":"pBUjJCeGYhbsRaET7AUb","framework":"testng","platforms":[{"os":"Windows","osVersion":"10","browserName":"Chrome","browserVersion":"136.0"}],"parallelsPerPlatform":1,"browserstackLocal":true,"buildName":"testathon_Arjun Build","projectName":"testathon_Arjun","CUSTOM_TAG_1":"testathon_Arjun_tag","networkLogs":true,"consoleLogs":"info","percy":false,"percyCaptureMode":"auto"}
2025-09-27T07:36:13.977Z CLI info [testhub:module]  [arjun153]   [6fe6f12a-d1aa-4845-bbe0-245c4d1b7984]  Starting testhub from 4605:0
2025-09-27T07:36:13.978Z CLI info [testhub:module]  [arjun153]   [6fe6f12a-d1aa-4845-bbe0-245c4d1b7984]  startBuild: payload=

{"started_at":"2025-09-27T07:36:13.978Z","host_info":{"hostname":"ArjunBM-MBP","platform":"darwin","type":"Darwin","version":"Darwin Kernel Version 24.6.0: Mon Aug 11 21:16:21 PDT 2025; root:xnu-11417.140.69.701.11~1/RELEASE_ARM64_T6000","arch":"arm64"},"ci_info":{"build_number":null},"version_control":{"name":"git","sha":"9683b848705b6f79390d112cbf50da21b1156b15","short_sha":"9683b84870","branch":"main","tag":null,"committer":"arjun <arjunbm13@gmail.com>","committer_date":"2025-09-27T07:26:24.000Z","author":"arjun <arjunbm13@gmail.com>","author_date":"2025-09-27T07:26:24.000Z","commit_message":"Initial files commit","root":"/Users/arjun/Downloads/testng-browserstack-master","common_git_dir":"/Users/arjun/Downloads/testng-browserstack-master/.git","worktree_git_dir":"/Users/arjun/Downloads/testng-browserstack-master/.git","last_tag":null,"commits_since_last_tag":0,"remotes":[{"name":"origin","url":"https://github.com/arjunbm13/testng-browserstack-master.git"}]},"project_name":"testathon_Arjun","name":"testathon_Arjun Build","build_identifier":"#5","build_run_identifier":null,"description":"","tags":["testathon_Arjun_tag"],"failed_tests_rerun":false,"accessibility":{"settings":{}},"framework_details":{"frameworkName":"TestNG","frameworkVersion":"7.4.0","sdkVersion":"1.41.1","cliVersion":"1.6.23","language":"java","testFramework":{"name":"selenium","version":"4.1.4"}},"product_map":{"observability":true,"accessibility":null,"percy":false,"automate":true,"app_automate":false},"browserstackAutomation":true,"test_orchestration":{}}
2025-09-27T07:36:13.978Z CLI info  [arjun153]   [6fe6f12a-d1aa-4845-bbe0-245c4d1b7984]  [PRODUCTION] Making POST request to https://sdk.browserstack.com
2025-09-27T07:36:15.131Z CLI info [testhub:module]  [arjun153]   [6fe6f12a-d1aa-4845-bbe0-245c4d1b7984]  startBuild: response=remcslqz6te7j9d9ziealx9djr5dyu93yansvpah
2025-09-27T07:36:15.133Z CLI info  [arjun153]  [remcslqz6te7j9d9ziealx9djr5dyu93yansvpah]  [6fe6f12a-d1aa-4845-bbe0-245c4d1b7984]  [PRODUCTION] Making POST request to https://api.browserstack.com
2025-09-27T07:36:23.261Z CLI info  [arjun153]  [remcslqz6te7j9d9ziealx9djr5dyu93yansvpah]  [6fe6f12a-d1aa-4845-bbe0-245c4d1b7984]  [PRODUCTION] Making GET request to https://hub.browserstack.com
2025-09-27T07:36:23.426Z CLI info  [arjun153]  [remcslqz6te7j9d9ziealx9djr5dyu93yansvpah]  [6fe6f12a-d1aa-4845-bbe0-245c4d1b7984]  [PRODUCTION] Making GET request to https://hub-aps.browserstack.com
2025-09-27T07:36:23.535Z CLI info  [arjun153]  [remcslqz6te7j9d9ziealx9djr5dyu93yansvpah]  [6fe6f12a-d1aa-4845-bbe0-245c4d1b7984]  [PRODUCTION] Making GET request to https://hub-euw.browserstack.com
2025-09-27T07:36:24.880Z CLI info  [arjun153]  [remcslqz6te7j9d9ziealx9djr5dyu93yansvpah]  [6fe6f12a-d1aa-4845-bbe0-245c4d1b7984]  [PRODUCTION] Making GET request to https://hub-apse.browserstack.com
2025-09-27T07:36:27.824Z CLI info [testhub:request-queue-handler]  [arjun153]  [remcslqz6te7j9d9ziealx9djr5dyu93yansvpah]  [6fe6f12a-d1aa-4845-bbe0-245c4d1b7984]  Added the event {
  event_type: 'HookRunStarted',
  hook_run: {
    type: 'hook',
    hook_type: 'BEFORE_METHOD',
    framework: 'TestNG',
    uuid: 'ef3361f5-0448-4b53-bf00-00ece516e0f6',
    name: 'setUp',
    result: 'pending',
    test_run_id: 'b96b2b5e-ddd5-4457-809b-66acc701f5a4',
    body: { lang: 'java', code: null },
    scope: 'Default Suite.com.browserstack.ValidateHomePageLanding',
    custom_metadata: {},
    tags: [],
    scopes: [ 'Default Suite', 'com.browserstack.ValidateHomePageLanding' ],
    file_name: 'testng-browserstack-master/src/test/java/com/browserstack/ValidateHomePageLanding.java',
    vc_filepath: 'testng-browserstack-master/src/test/java/com/browserstack/ValidateHomePageLanding.java',
    location: 'testng-browserstack-master/src/test/java/com/browserstack/ValidateHomePageLanding.java',
    started_at: '2025-09-27T07:36:27.815Z'
  },
  logs: []
} to 4605:0
2025-09-27T07:36:27.934Z CLI info [testhub:request-queue-handler]  [arjun153]  [remcslqz6te7j9d9ziealx9djr5dyu93yansvpah]  [6fe6f12a-d1aa-4845-bbe0-245c4d1b7984]  Added the event {
  event_type: 'LogCreated',
  logs: [
    {
      testFrameworkName: 'TestNG',
      testFrameworkVersion: '7.4.0',
      testFrameworkState: 'LOG',
      timestamp: '2025-09-27T07:36:27.929Z',
      uuid: 'ef3361f5-0448-4b53-bf00-00ece516e0f6',
      kind: 'TEST_LOG',
      message: '"SLF4J: Failed to load class \\"org.slf4j.impl.StaticLoggerBinder\\"."',
      level: 'ERROR',
      test_run_uuid: 'ef3361f5-0448-4b53-bf00-00ece516e0f6'
    }
  ]
} to 4605:0
2025-09-27T07:36:27.941Z CLI info [testhub:request-queue-handler]  [arjun153]  [remcslqz6te7j9d9ziealx9djr5dyu93yansvpah]  [6fe6f12a-d1aa-4845-bbe0-245c4d1b7984]  Added the event {
  event_type: 'LogCreated',
  logs: [
    {
      testFrameworkName: 'TestNG',
      testFrameworkVersion: '7.4.0',
      testFrameworkState: 'LOG',
      timestamp: '2025-09-27T07:36:27.939Z',
      uuid: 'ef3361f5-0448-4b53-bf00-00ece516e0f6',
      kind: 'TEST_LOG',
      message: '"SLF4J: Defaulting to no-operation (NOP) logger implementation"',
      level: 'ERROR',
      test_run_uuid: 'ef3361f5-0448-4b53-bf00-00ece516e0f6'
    }
  ]
} to 4605:0
2025-09-27T07:36:27.946Z CLI info [testhub:request-queue-handler]  [arjun153]  [remcslqz6te7j9d9ziealx9djr5dyu93yansvpah]  [6fe6f12a-d1aa-4845-bbe0-245c4d1b7984]  Added the event {
  event_type: 'LogCreated',
  logs: [
    {
      testFrameworkName: 'TestNG',
      testFrameworkVersion: '7.4.0',
      testFrameworkState: 'LOG',
      timestamp: '2025-09-27T07:36:27.944Z',
      uuid: 'ef3361f5-0448-4b53-bf00-00ece516e0f6',
      kind: 'TEST_LOG',
      message: '"SLF4J: See http://www.slf4j.org/codes.html#StaticLoggerBinder for further details."',
      level: 'ERROR',
      test_run_uuid: 'ef3361f5-0448-4b53-bf00-00ece516e0f6'
    }
  ]
} to 4605:0
2025-09-27T07:36:27.972Z CLI info [testhub:request-queue-handler]  [arjun153]  [remcslqz6te7j9d9ziealx9djr5dyu93yansvpah]  [6fe6f12a-d1aa-4845-bbe0-245c4d1b7984]  Added the event {
  event_type: 'LogCreated',
  logs: [
    {
      testFrameworkName: 'TestNG',
      testFrameworkVersion: '7.4.0',
      testFrameworkState: 'LOG',
      timestamp: '2025-09-27T07:36:27.971Z',
      uuid: 'ef3361f5-0448-4b53-bf00-00ece516e0f6',
      kind: 'TEST_LOG',
      message: '"WARNING: sun.reflect.Reflection.getCallerClass is not supported. This will impact performance."',
      level: 'INFO',
      test_run_uuid: 'ef3361f5-0448-4b53-bf00-00ece516e0f6'
    }
  ]
} to 4605:0
2025-09-27T07:36:29.141Z CLI info [testhub:request-queue-handler]  [arjun153]  [remcslqz6te7j9d9ziealx9djr5dyu93yansvpah]  [6fe6f12a-d1aa-4845-bbe0-245c4d1b7984]  Processing batch event [
  {
    event_type: 'HookRunStarted',
    hook_run: {
      type: 'hook',
      hook_type: 'BEFORE_METHOD',
      framework: 'TestNG',
      uuid: 'ef3361f5-0448-4b53-bf00-00ece516e0f6',
      name: 'setUp',
      result: 'pending',
      test_run_id: 'b96b2b5e-ddd5-4457-809b-66acc701f5a4',
      body: [Object],
      scope: 'Default Suite.com.browserstack.ValidateHomePageLanding',
      custom_metadata: {},
      tags: [],
      scopes: [Array],
      file_name: 'testng-browserstack-master/src/test/java/com/browserstack/ValidateHomePageLanding.java',
      vc_filepath: 'testng-browserstack-master/src/test/java/com/browserstack/ValidateHomePageLanding.java',
      location: 'testng-browserstack-master/src/test/java/com/browserstack/ValidateHomePageLanding.java',
      started_at: '2025-09-27T07:36:27.815Z'
    },
    logs: []
  },
  { event_type: 'LogCreated', logs: [ [Object] ] },
  { event_type: 'LogCreated', logs: [ [Object] ] },
  { event_type: 'LogCreated', logs: [ [Object] ] },
  { event_type: 'LogCreated', logs: [ [Object] ] }
] to 4605:0
2025-09-27T07:36:29.143Z CLI info  [arjun153]  [remcslqz6te7j9d9ziealx9djr5dyu93yansvpah]  [6fe6f12a-d1aa-4845-bbe0-245c4d1b7984]  [PRODUCTION] Making POST request to https://collector-observability.browserstack.com
2025-09-27T07:36:34.809Z CLI info [testhub:request-queue-handler]  [arjun153]  [remcslqz6te7j9d9ziealx9djr5dyu93yansvpah]  [6fe6f12a-d1aa-4845-bbe0-245c4d1b7984]  Added the event {
  event_type: 'HookRunFinished',
  hook_run: {
    type: 'hook',
    hook_type: 'BEFORE_METHOD',
    framework: 'TestNG',
    uuid: 'ef3361f5-0448-4b53-bf00-00ece516e0f6',
    name: 'setUp',
    result: 'passed',
    test_run_id: 'b96b2b5e-ddd5-4457-809b-66acc701f5a4',
    body: { lang: 'java', code: null },
    scope: 'Default Suite.com.browserstack.ValidateHomePageLanding',
    custom_metadata: {},
    tags: [],
    scopes: [ 'Default Suite', 'com.browserstack.ValidateHomePageLanding' ],
    file_name: 'testng-browserstack-master/src/test/java/com/browserstack/ValidateHomePageLanding.java',
    vc_filepath: 'testng-browserstack-master/src/test/java/com/browserstack/ValidateHomePageLanding.java',
    location: 'testng-browserstack-master/src/test/java/com/browserstack/ValidateHomePageLanding.java',
    started_at: '2025-09-27T07:36:27.815Z',
    finished_at: '2025-09-27T07:36:34.807Z'
  },
  logs: []
} to 4605:0
2025-09-27T07:36:34.841Z CLI info [testhub:request-queue-handler]  [arjun153]  [remcslqz6te7j9d9ziealx9djr5dyu93yansvpah]  [6fe6f12a-d1aa-4845-bbe0-245c4d1b7984]  Added the event {
  event_type: 'CBTSessionCreated',
  test_run: {
    uuid: 'ae367135-19a1-4a9e-bff3-5e7bf73aa26f',
    integrations: { browserstack: [Object] }
  }
} to 4605:0
2025-09-27T07:36:34.847Z CLI info [testhub:request-queue-handler]  [arjun153]  [remcslqz6te7j9d9ziealx9djr5dyu93yansvpah]  [6fe6f12a-d1aa-4845-bbe0-245c4d1b7984]  Added the event {
  event_type: 'TestRunStarted',
  test_run: {
    type: 'test',
    framework: 'TestNG',
    uuid: 'ae367135-19a1-4a9e-bff3-5e7bf73aa26f',
    name: 'homeValidation',
    body: {
      lang: 'java',
      code: 'public void com.browserstack.ValidateHomePageLanding.homeValidation() throws java.lang.Exception'
    },
    identifier: 'homeValidation',
    scope: 'Default Suite.com.browserstack.ValidateHomePageLanding',
    scopes: [ 'Default Suite', 'com.browserstack.ValidateHomePageLanding' ],
    file_name: 'src/test/java/com/browserstack/ValidateHomePageLanding.java',
    vc_filepath: 'src/test/java/com/browserstack/ValidateHomePageLanding.java',
    location: 'src/test/java/com/browserstack/ValidateHomePageLanding.java',
    meta: {},
    result: 'pending',
    duration_in_ms: null,
    started_at: '2025-09-27T07:36:34.820Z',
    failure: undefined,
    failure_type: undefined,
    failure_reason: undefined,
    retry_of: null,
    custom_metadata: {},
    tags: [],
    customRerunParam: { rerun_name: 'testng-browserstack-master-0' },
    hooks: [],
    product_map: {
      observability: true,
      accessibility: false,
      percy: false,
      automate: true,
      app_automate: false
    }
  },
  logs: []
} to 4605:0
2025-09-27T07:36:35.144Z CLI info [testhub:request-queue-handler]  [arjun153]  [remcslqz6te7j9d9ziealx9djr5dyu93yansvpah]  [6fe6f12a-d1aa-4845-bbe0-245c4d1b7984]  Processing batch event [
  {
    event_type: 'HookRunFinished',
    hook_run: {
      type: 'hook',
      hook_type: 'BEFORE_METHOD',
      framework: 'TestNG',
      uuid: 'ef3361f5-0448-4b53-bf00-00ece516e0f6',
      name: 'setUp',
      result: 'passed',
      test_run_id: 'b96b2b5e-ddd5-4457-809b-66acc701f5a4',
      body: [Object],
      scope: 'Default Suite.com.browserstack.ValidateHomePageLanding',
      custom_metadata: {},
      tags: [],
      scopes: [Array],
      file_name: 'testng-browserstack-master/src/test/java/com/browserstack/ValidateHomePageLanding.java',
      vc_filepath: 'testng-browserstack-master/src/test/java/com/browserstack/ValidateHomePageLanding.java',
      location: 'testng-browserstack-master/src/test/java/com/browserstack/ValidateHomePageLanding.java',
      started_at: '2025-09-27T07:36:27.815Z',
      finished_at: '2025-09-27T07:36:34.807Z'
    },
    logs: []
  },
  {
    event_type: 'CBTSessionCreated',
    test_run: {
      uuid: 'ae367135-19a1-4a9e-bff3-5e7bf73aa26f',
      integrations: [Object]
    }
  },
  {
    event_type: 'TestRunStarted',
    test_run: {
      type: 'test',
      framework: 'TestNG',
      uuid: 'ae367135-19a1-4a9e-bff3-5e7bf73aa26f',
      name: 'homeValidation',
      body: [Object],
      identifier: 'homeValidation',
      scope: 'Default Suite.com.browserstack.ValidateHomePageLanding',
      scopes: [Array],
      file_name: 'src/test/java/com/browserstack/ValidateHomePageLanding.java',
      vc_filepath: 'src/test/java/com/browserstack/ValidateHomePageLanding.java',
      location: 'src/test/java/com/browserstack/ValidateHomePageLanding.java',
      meta: {},
      result: 'pending',
      duration_in_ms: null,
      started_at: '2025-09-27T07:36:34.820Z',
      failure: undefined,
      failure_type: undefined,
      failure_reason: undefined,
      retry_of: null,
      custom_metadata: {},
      tags: [],
      customRerunParam: [Object],
      hooks: [],
      product_map: [Object]
    },
    logs: []
  }
] to 4605:0
2025-09-27T07:36:35.145Z CLI info  [arjun153]  [remcslqz6te7j9d9ziealx9djr5dyu93yansvpah]  [6fe6f12a-d1aa-4845-bbe0-245c4d1b7984]  [PRODUCTION] Making POST request to https://collector-observability.browserstack.com
2025-09-27T07:36:47.874Z CLI warn [TEST REPORTING AND ANALYTICS:java:testng]  [arjun153]  [remcslqz6te7j9d9ziealx9djr5dyu93yansvpah]  [6fe6f12a-d1aa-4845-bbe0-245c4d1b7984]  TestRunFinished: event={"test_hook_last_started":"BEFORE_METHOD","test_failure_type":"UnhandledError","test_rerun_name":"testng-browserstack-master-0","test_result_at":"2025-09-27T13:06:44.363301","test_scope":"Default Suite.com.browserstack.ValidateHomePageLanding","test_framework_name":"TestNG","test_tags":"","cbt_session_created":true,"test_started_at":"2025-09-27T13:06:34.820343","platform_index":0,"test_failure":[{"backtrace":["org.openqa.selenium.NoSuchElementException: no such element: Unable to locate element: {\"method\":\"xpath\",\"selector\":\"//*[@id=\"Favourites\"]\"}","  (Session info: chrome=136.0.7103.49)","For documentation on this error, please visit: https://selenium.dev/exceptions/#no_such_element","Build info: version: '4.1.4', revision: '535d840ee2'","System info: host: 'ArjunBM-MBP', ip: 'fe80:0:0:0:182d:cf7c:3d1:e5e6%en0', os.name: 'Mac OS X', os.arch: 'aarch64', os.version: '15.7', java.version: '24.0.2'","Driver info: org.openqa.selenium.chrome.ChromeDriver","Command: [13a7de76b1aea9821085fafae27c22d2e6efe16b, findElement {using=xpath, value=//*[@id=\"Favourites\"]}]","Capabilities {acceptInsecureCerts: true, browserName: chrome, browserVersion: 136.0.7103.49, chrome: {chromedriverVersion: 136.0.7103.49 (031848bc6ad0..., userDataDir: C:\\Windows\\proxy\\scoped_dir...}, fedcm:accounts: true, goog:chromeOptions: {debuggerAddress: localhost:9222}, javascriptEnabled: true, networkConnectionEnabled: false, optimalHubUrl: hub-aps.browserstack.com, pageLoadStrategy: normal, platform: WINDOWS, platformName: WINDOWS, proxy: Proxy(), setWindowRect: true, strictFileInteractability: false, timeouts: {implicit: 0, pageLoad: 300000, script: 30000}, unhandledPromptBehavior: dismiss and notify, webauthn:extension:credBlob: true, webauthn:extension:largeBlob: true, webauthn:extension:minPinLength: true, webauthn:extension:prf: true, webauthn:virtualAuthenticators: true, webdriver.remote.sessionid: 13a7de76b1aea9821085fafae27...}","Session ID: 13a7de76b1aea9821085fafae27c22d2e6efe16b","\tat java.base/jdk.internal.reflect.DirectConstructorHandleAccessor.newInstance(DirectConstructorHandleAccessor.java:62)","\tat java.base/java.lang.reflect.Constructor.newInstanceWithCaller(Constructor.java:499)","\tat java.base/java.lang.reflect.Constructor.newInstance(Constructor.java:483)","\tat org.openqa.selenium.remote.codec.w3c.W3CHttpResponseCodec.createException(W3CHttpResponseCodec.java:200)","\tat org.openqa.selenium.remote.codec.w3c.W3CHttpResponseCodec.decode(W3CHttpResponseCodec.java:133)","\tat org.openqa.selenium.remote.codec.w3c.W3CHttpResponseCodec.decode(W3CHttpResponseCodec.java:53)","\tat org.openqa.selenium.remote.HttpCommandExecutor.execute(HttpCommandExecutor.java:184)","\tat org.openqa.selenium.remote.RemoteWebDriver.execute(RemoteWebDriver.java:567)","\tat org.openqa.selenium.remote.ElementLocation$ElementFinder$2.findElement(ElementLocation.java:162)","\tat org.openqa.selenium.remote.ElementLocation.findElement(ElementLocation.java:60)","\tat org.openqa.selenium.remote.RemoteWebDriver.findElement(RemoteWebDriver.java:385)","\tat org.openqa.selenium.remote.RemoteWebDriver.findElement(RemoteWebDriver.java:377)","\tat com.browserstack.ValidateHomePageLanding.homeValidation(ValidateHomePageLanding.java:22)","\tat java.base/jdk.internal.reflect.DirectMethodHandleAccessor.invoke(DirectMethodHandleAccessor.java:104)","\tat java.base/java.lang.reflect.Method.invoke(Method.java:565)","\tat org.testng.internal.MethodInvocationHelper.invokeMethod(MethodInvocationHelper.java:133)","\tat org.testng.internal.TestInvoker.invokeMethod(TestInvoker.java:598)","\tat org.testng.internal.TestInvoker.invokeTestMethod(TestInvoker.java:173)","\tat org.testng.internal.MethodRunner.runInSequence(MethodRunner.java:46)","\tat org.testng.internal.TestInvoker$MethodInvocationAgent.invoke(TestInvoker.java:824)","\tat org.testng.internal.TestInvoker.invokeTestMethods(TestInvoker.java:146)","\tat org.testng.internal.TestMethodWorker.invokeTestMethods(TestMethodWorker.java:146)","\tat org.testng.internal.TestMethodWorker.run(TestMethodWorker.java:128)","\tat java.base/java.util.ArrayList.forEach(ArrayList.java:1604)","\tat org.testng.TestRunner.privateRun(TestRunner.java:794)","\tat org.testng.TestRunner.run(TestRunner.java:596)","\tat org.testng.SuiteRunner.runTest(SuiteRunner.java:377)","\tat org.testng.SuiteRunner.access$000(SuiteRunner.java:28)","\tat org.testng.SuiteRunner$SuiteWorker.run(SuiteRunner.java:418)","\tat org.testng.internal.thread.ThreadUtil.lambda$execute$0(ThreadUtil.java:64)","\tat java.base/java.util.concurrent.FutureTask.run$$$capture(FutureTask.java:328)","\tat java.base/java.util.concurrent.FutureTask.run(FutureTask.java)","\tat --- Async.Stack.Trace --- (captured by IntelliJ IDEA debugger)","\tat java.base/java.util.concurrent.FutureTask.<init>(FutureTask.java:134)","\tat java.base/java.util.concurrent.AbstractExecutorService.newTaskFor(AbstractExecutorService.java:113)","\tat java.base/java.util.concurrent.AbstractExecutorService.invokeAll(AbstractExecutorService.java:305)","\tat org.testng.internal.thread.ThreadUtil.execute(ThreadUtil.java:70)","\tat org.testng.SuiteRunner.runInParallelTestMode(SuiteRunner.java:397)","\tat org.testng.SuiteRunner.privateRun(SuiteRunner.java:330)","\tat org.testng.SuiteRunner.run(SuiteRunner.java:276)","\tat org.testng.SuiteRunnerWorker.runSuite(SuiteRunnerWorker.java:53)","\tat org.testng.SuiteRunnerWorker.run(SuiteRunnerWorker.java:96)","\tat org.testng.TestNG.runSuitesSequentially(TestNG.java:1212)","\tat org.testng.TestNG.runSuitesLocally(TestNG.java:1134)","\tat org.testng.TestNG.runSuites(TestNG.java:1063)","\tat org.testng.TestNG.run(TestNG.java:1031)","\tat com.intellij.rt.testng.IDEARemoteTestNG.run(IDEARemoteTestNG.java:65)","\tat com.intellij.rt.testng.RemoteTestNGStarter.main(RemoteTestNGStarter.java:105)"]}],"test_framework_version":"7.4.0","test_logs":[],"test_scopes":["Default Suite","com.browserstack.ValidateHomePageLanding"],"test_code":"public void com.browserstack.ValidateHomePageLanding.homeValidation() throws java.lang.Exception","test_id":"testng-browserstack-master-0@0","test_uuid":"ae367135-19a1-4a9e-bff3-5e7bf73aa26f","test_ended_at":"2025-09-27T13:06:44.364141","automate_session_name":"testng-browserstack-master-00","test_hook_last_finished":"BEFORE_METHOD","test_session_name":"com.browserstack.ValidateHomePageLanding-homeValidation","test_hook_state":"sdk:hook:39103608","custom_metadata":{},"test_failure_reason":"org.openqa.selenium.NoSuchElementException: no such element: Unable to locate element: {\"method\":\"xpath\",\"selector\":\"//*[@id=\"Favourites\"]\"}\n  (Session info: chrome=136.0.7103.49)\nFor documentation on this error, please visit: https://selenium.dev/exceptions/#no_such_element\nBuild info: version: '4.1.4', revision: '535d840ee2'\nSystem info: host: 'ArjunBM-MBP', ip: 'fe80:0:0:0:182d:cf7c:3d1:e5e6%en0', os.name: 'Mac OS X', os.arch: 'aarch64', os.version: '15.7', java.version: '24.0.2'\nDriver info: org.openqa.selenium.chrome.ChromeDriver\nCommand: [13a7de76b1aea9821085fafae27c22d2e6efe16b, findElement {using=xpath, value=//*[@id=\"Favourites\"]}]\nCapabilities {acceptInsecureCerts: true, browserName: chrome, browserVersion: 136.0.7103.49, chrome: {chromedriverVersion: 136.0.7103.49 (031848bc6ad0..., userDataDir: C:\\Windows\\proxy\\scoped_dir...}, fedcm:accounts: true, goog:chromeOptions: {debuggerAddress: localhost:9222}, javascriptEnabled: true, networkConnectionEnabled: false, optimalHubUrl: hub-aps.browserstack.com, pageLoadStrategy: normal, platform: WINDOWS, platformName: WINDOWS, proxy: Proxy(), setWindowRect: true, strictFileInteractability: false, timeouts: {implicit: 0, pageLoad: 300000, script: 30000}, unhandledPromptBehavior: dismiss and notify, webauthn:extension:credBlob: true, webauthn:extension:largeBlob: true, webauthn:extension:minPinLength: true, webauthn:extension:prf: true, webauthn:virtualAuthenticators: true, webdriver.remote.sessionid: 13a7de76b1aea9821085fafae27...}\nSession ID: 13a7de76b1aea9821085fafae27c22d2e6efe16b","test_location":"src/test/java/com/browserstack/ValidateHomePageLanding.java","test_hooks_started":{"BEFORE_METHOD":[]},"test_file_path":"src/test/java/com/browserstack/ValidateHomePageLanding.java","test_result":"failed","test_hooks_finished":{"BEFORE_METHOD":[{"hook_name":"setUp","hook_result":"passed","test_file_path":"testng-browserstack-master/src/test/java/com/browserstack/ValidateHomePageLanding.java","event_started_at":"2025-09-27T13:06:27.815847","hook_id":"ef3361f5-0448-4b53-bf00-00ece516e0f6","hook_logs":[],"logs":[],"key":"BEFORE_METHOD","custom_metadata":{},"event_ended_at":"2025-09-27T13:06:34.807209","test_location":"testng-browserstack-master/src/test/java/com/browserstack/ValidateHomePageLanding.java"}]},"hook_id":"ef3361f5-0448-4b53-bf00-00ece516e0f6","test_meta":{},"isBrowserstackAutomationSession":true,"test_name":"homeValidation","logs":[]}
2025-09-27T07:36:47.875Z CLI info [testhub:request-queue-handler]  [arjun153]  [remcslqz6te7j9d9ziealx9djr5dyu93yansvpah]  [6fe6f12a-d1aa-4845-bbe0-245c4d1b7984]  Added the event {
  event_type: 'TestRunFinished',
  test_run: {
    type: 'test',
    framework: 'TestNG',
    uuid: 'ae367135-19a1-4a9e-bff3-5e7bf73aa26f',
    name: 'homeValidation',
    body: {
      lang: 'java',
      code: 'public void com.browserstack.ValidateHomePageLanding.homeValidation() throws java.lang.Exception'
    },
    identifier: 'homeValidation',
    scope: 'Default Suite.com.browserstack.ValidateHomePageLanding',
    scopes: [ 'Default Suite', 'com.browserstack.ValidateHomePageLanding' ],
    file_name: 'src/test/java/com/browserstack/ValidateHomePageLanding.java',
    vc_filepath: 'src/test/java/com/browserstack/ValidateHomePageLanding.java',
    location: 'src/test/java/com/browserstack/ValidateHomePageLanding.java',
    meta: {},
    result: 'failed',
    duration_in_ms: 9544,
    started_at: '2025-09-27T07:36:34.820Z',
    finished_at: '2025-09-27T07:36:44.364Z',
    failure: [ [Object] ],
    failure_type: 'UnhandledError',
    failure_reason: 'org.openqa.selenium.NoSuchElementException: no such element: Unable to locate element: {"method":"xpath","selector":"//*[@id="Favourites"]"}\n' +
      '  (Session info: chrome=136.0.7103.49)\n' +
      'For documentation on this error, please visit: https://selenium.dev/exceptions/#no_such_element\n' +
      "Build info: version: '4.1.4', revision: '535d840ee2'\n" +
      "System info: host: 'ArjunBM-MBP', ip: 'fe80:0:0:0:182d:cf7c:3d1:e5e6%en0', os.name: 'Mac OS X', os.arch: 'aarch64', os.version: '15.7', java.version: '24.0.2'\n" +
      'Driver info: org.openqa.selenium.chrome.ChromeDriver\n' +
      'Command: [13a7de76b1aea9821085fafae27c22d2e6efe16b, findElement {using=xpath, value=//*[@id="Favourites"]}]\n' +
      'Capabilities {acceptInsecureCerts: true, browserName: chrome, browserVersion: 136.0.7103.49, chrome: {chromedriverVersion: 136.0.7103.49 (031848bc6ad0..., userDataDir: C:\\Windows\\proxy\\scoped_dir...}, fedcm:accounts: true, goog:chromeOptions: {debuggerAddress: localhost:9222}, javascriptEnabled: true, networkConnectionEnabled: false, optimalHubUrl: hub-aps.browserstack.com, pageLoadStrategy: normal, platform: WINDOWS, platformName: WINDOWS, proxy: Proxy(), setWindowRect: true, strictFileInteractability: false, timeouts: {implicit: 0, pageLoad: 300000, script: 30000}, unhandledPromptBehavior: dismiss and notify, webauthn:extension:credBlob: true, webauthn:extension:largeBlob: true, webauthn:extension:minPinLength: true, webauthn:extension:prf: true, webauthn:virtualAuthenticators: true, webdriver.remote.sessionid: 13a7de76b1aea9821085fafae27...}\n' +
      'Session ID: 13a7de76b1aea9821085fafae27c22d2e6efe16b',
    retry_of: null,
    custom_metadata: {},
    tags: [],
    customRerunParam: { rerun_name: 'testng-browserstack-master-0' },
    hooks: [ 'ef3361f5-0448-4b53-bf00-00ece516e0f6' ],
    product_map: {
      observability: true,
      accessibility: false,
      percy: false,
      automate: true,
      app_automate: false
    }
  },
  logs: []
} to 4605:0
2025-09-27T07:36:47.888Z CLI info [testhub:request-queue-handler]  [arjun153]  [remcslqz6te7j9d9ziealx9djr5dyu93yansvpah]  [6fe6f12a-d1aa-4845-bbe0-245c4d1b7984]  Added the event {
  event_type: 'HookRunStarted',
  hook_run: {
    type: 'hook',
    hook_type: 'AFTER_METHOD',
    framework: 'TestNG',
    uuid: 'ee32689f-ba4a-4d6b-81ea-5cf8a982e076',
    name: 'tearDown',
    result: 'pending',
    test_run_id: 'ae367135-19a1-4a9e-bff3-5e7bf73aa26f',
    body: { lang: 'java', code: null },
    scope: 'Default Suite.com.browserstack.ValidateHomePageLanding',
    custom_metadata: {},
    tags: [],
    scopes: [ 'Default Suite', 'com.browserstack.ValidateHomePageLanding' ],
    file_name: 'testng-browserstack-master/src/test/java/com/browserstack/ValidateHomePageLanding.java',
    vc_filepath: 'testng-browserstack-master/src/test/java/com/browserstack/ValidateHomePageLanding.java',
    location: 'testng-browserstack-master/src/test/java/com/browserstack/ValidateHomePageLanding.java',
    started_at: '2025-09-27T07:36:47.885Z'
  },
  logs: []
} to 4605:0
2025-09-27T07:36:49.151Z CLI info [testhub:request-queue-handler]  [arjun153]  [remcslqz6te7j9d9ziealx9djr5dyu93yansvpah]  [6fe6f12a-d1aa-4845-bbe0-245c4d1b7984]  Processing batch event [
  {
    event_type: 'TestRunFinished',
    test_run: {
      type: 'test',
      framework: 'TestNG',
      uuid: 'ae367135-19a1-4a9e-bff3-5e7bf73aa26f',
      name: 'homeValidation',
      body: [Object],
      identifier: 'homeValidation',
      scope: 'Default Suite.com.browserstack.ValidateHomePageLanding',
      scopes: [Array],
      file_name: 'src/test/java/com/browserstack/ValidateHomePageLanding.java',
      vc_filepath: 'src/test/java/com/browserstack/ValidateHomePageLanding.java',
      location: 'src/test/java/com/browserstack/ValidateHomePageLanding.java',
      meta: {},
      result: 'failed',
      duration_in_ms: 9544,
      started_at: '2025-09-27T07:36:34.820Z',
      finished_at: '2025-09-27T07:36:44.364Z',
      failure: [Array],
      failure_type: 'UnhandledError',
      failure_reason: 'org.openqa.selenium.NoSuchElementException: no such element: Unable to locate element: {"method":"xpath","selector":"//*[@id="Favourites"]"}\n' +
        '  (Session info: chrome=136.0.7103.49)\n' +
        'For documentation on this error, please visit: https://selenium.dev/exceptions/#no_such_element\n' +
        "Build info: version: '4.1.4', revision: '535d840ee2'\n" +
        "System info: host: 'ArjunBM-MBP', ip: 'fe80:0:0:0:182d:cf7c:3d1:e5e6%en0', os.name: 'Mac OS X', os.arch: 'aarch64', os.version: '15.7', java.version: '24.0.2'\n" +
        'Driver info: org.openqa.selenium.chrome.ChromeDriver\n' +
        'Command: [13a7de76b1aea9821085fafae27c22d2e6efe16b, findElement {using=xpath, value=//*[@id="Favourites"]}]\n' +
        'Capabilities {acceptInsecureCerts: true, browserName: chrome, browserVersion: 136.0.7103.49, chrome: {chromedriverVersion: 136.0.7103.49 (031848bc6ad0..., userDataDir: C:\\Windows\\proxy\\scoped_dir...}, fedcm:accounts: true, goog:chromeOptions: {debuggerAddress: localhost:9222}, javascriptEnabled: true, networkConnectionEnabled: false, optimalHubUrl: hub-aps.browserstack.com, pageLoadStrategy: normal, platform: WINDOWS, platformName: WINDOWS, proxy: Proxy(), setWindowRect: true, strictFileInteractability: false, timeouts: {implicit: 0, pageLoad: 300000, script: 30000}, unhandledPromptBehavior: dismiss and notify, webauthn:extension:credBlob: true, webauthn:extension:largeBlob: true, webauthn:extension:minPinLength: true, webauthn:extension:prf: true, webauthn:virtualAuthenticators: true, webdriver.remote.sessionid: 13a7de76b1aea9821085fafae27...}\n' +
        'Session ID: 13a7de76b1aea9821085fafae27c22d2e6efe16b',
      retry_of: null,
      custom_metadata: {},
      tags: [],
      customRerunParam: [Object],
      hooks: [Array],
      product_map: [Object]
    },
    logs: []
  },
  {
    event_type: 'HookRunStarted',
    hook_run: {
      type: 'hook',
      hook_type: 'AFTER_METHOD',
      framework: 'TestNG',
      uuid: 'ee32689f-ba4a-4d6b-81ea-5cf8a982e076',
      name: 'tearDown',
      result: 'pending',
      test_run_id: 'ae367135-19a1-4a9e-bff3-5e7bf73aa26f',
      body: [Object],
      scope: 'Default Suite.com.browserstack.ValidateHomePageLanding',
      custom_metadata: {},
      tags: [],
      scopes: [Array],
      file_name: 'testng-browserstack-master/src/test/java/com/browserstack/ValidateHomePageLanding.java',
      vc_filepath: 'testng-browserstack-master/src/test/java/com/browserstack/ValidateHomePageLanding.java',
      location: 'testng-browserstack-master/src/test/java/com/browserstack/ValidateHomePageLanding.java',
      started_at: '2025-09-27T07:36:47.885Z'
    },
    logs: []
  }
] to 4605:0
2025-09-27T07:36:49.154Z CLI info  [arjun153]  [remcslqz6te7j9d9ziealx9djr5dyu93yansvpah]  [6fe6f12a-d1aa-4845-bbe0-245c4d1b7984]  [PRODUCTION] Making POST request to https://collector-observability.browserstack.com
2025-09-27T07:36:49.412Z CLI info [testhub:request-queue-handler]  [arjun153]  [remcslqz6te7j9d9ziealx9djr5dyu93yansvpah]  [6fe6f12a-d1aa-4845-bbe0-245c4d1b7984]  Added the event {
  event_type: 'HookRunFinished',
  hook_run: {
    type: 'hook',
    hook_type: 'AFTER_METHOD',
    framework: 'TestNG',
    uuid: 'ee32689f-ba4a-4d6b-81ea-5cf8a982e076',
    name: 'tearDown',
    result: 'passed',
    test_run_id: 'ae367135-19a1-4a9e-bff3-5e7bf73aa26f',
    body: { lang: 'java', code: null },
    scope: 'Default Suite.com.browserstack.ValidateHomePageLanding',
    custom_metadata: {},
    tags: [],
    scopes: [ 'Default Suite', 'com.browserstack.ValidateHomePageLanding' ],
    file_name: 'testng-browserstack-master/src/test/java/com/browserstack/ValidateHomePageLanding.java',
    vc_filepath: 'testng-browserstack-master/src/test/java/com/browserstack/ValidateHomePageLanding.java',
    location: 'testng-browserstack-master/src/test/java/com/browserstack/ValidateHomePageLanding.java',
    started_at: '2025-09-27T07:36:47.885Z',
    finished_at: '2025-09-27T07:36:49.408Z'
  },
  logs: []
} to 4605:0
2025-09-27T07:36:50.450Z CLI info  [arjun153]  [remcslqz6te7j9d9ziealx9djr5dyu93yansvpah]  [6fe6f12a-d1aa-4845-bbe0-245c4d1b7984]  [PRODUCTION] Making POST request to https://collector-observability.browserstack.com
2025-09-27T07:36:51.153Z CLI info [testhub:request-queue-handler]  [arjun153]  [remcslqz6te7j9d9ziealx9djr5dyu93yansvpah]  [6fe6f12a-d1aa-4845-bbe0-245c4d1b7984]  Processing batch event [
  {
    event_type: 'HookRunFinished',
    hook_run: {
      type: 'hook',
      hook_type: 'AFTER_METHOD',
      framework: 'TestNG',
      uuid: 'ee32689f-ba4a-4d6b-81ea-5cf8a982e076',
      name: 'tearDown',
      result: 'passed',
      test_run_id: 'ae367135-19a1-4a9e-bff3-5e7bf73aa26f',
      body: [Object],
      scope: 'Default Suite.com.browserstack.ValidateHomePageLanding',
      custom_metadata: {},
      tags: [],
      scopes: [Array],
      file_name: 'testng-browserstack-master/src/test/java/com/browserstack/ValidateHomePageLanding.java',
      vc_filepath: 'testng-browserstack-master/src/test/java/com/browserstack/ValidateHomePageLanding.java',
      location: 'testng-browserstack-master/src/test/java/com/browserstack/ValidateHomePageLanding.java',
      started_at: '2025-09-27T07:36:47.885Z',
      finished_at: '2025-09-27T07:36:49.408Z'
    },
    logs: []
  }
] to 4605:0
2025-09-27T07:36:51.430Z CLI info  [arjun153]  [remcslqz6te7j9d9ziealx9djr5dyu93yansvpah]  [6fe6f12a-d1aa-4845-bbe0-245c4d1b7984]  [PRODUCTION] Making POST request to https://collector-observability.browserstack.com
2025-09-27T07:36:51.431Z CLI error [testhub:module]  [arjun153]  [remcslqz6te7j9d9ziealx9djr5dyu93yansvpah]  [6fe6f12a-d1aa-4845-bbe0-245c4d1b7984]  [collectBuildData] Exception in collecting build data for build UUID remcslqz6te7j9d9ziealx9djr5dyu93yansvpah: {"message":"Build data collection started"}
2025-09-27T07:36:52.444Z CLI info  [arjun153]  [remcslqz6te7j9d9ziealx9djr5dyu93yansvpah]  [6fe6f12a-d1aa-4845-bbe0-245c4d1b7984]  [PRODUCTION] Making PUT request to https://collector-observability.browserstack.com
2025-09-27T07:36:53.383Z CLI info [testhub:module]  [arjun153]  [remcslqz6te7j9d9ziealx9djr5dyu93yansvpah]  [6fe6f12a-d1aa-4845-bbe0-245c4d1b7984]  stopBuild: remcslqz6te7j9d9ziealx9djr5dyu93yansvpah request={"finished_at":"2025-09-27T07:36:50.450Z","finished_metadata":[],"custom_metadata":{}} response={"data":""}
2025-09-27T07:36:53.385Z CLI info  [arjun153]  [remcslqz6te7j9d9ziealx9djr5dyu93yansvpah]  [6fe6f12a-d1aa-4845-bbe0-245c4d1b7984]  [PRODUCTION] Making POST request to https://api.browserstack.com
2025-09-27T07:36:53.389Z CLI info [TEST REPORTING AND ANALYTICS:module]  [arjun153]  [remcslqz6te7j9d9ziealx9djr5dyu93yansvpah]  [6fe6f12a-d1aa-4845-bbe0-245c4d1b7984]  Visit https://automation.browserstack.com/builds/remcslqz6te7j9d9ziealx9djr5dyu93yansvpah to view build report, insights, and many more debugging information all at one place!
2025-09-27T07:36:57.474Z CLI info  [arjun153]  [remcslqz6te7j9d9ziealx9djr5dyu93yansvpah]  [6fe6f12a-d1aa-4845-bbe0-245c4d1b7984]  [PRODUCTION] Making GET request to https://api.browserstack.com
2025-09-27T07:36:58.524Z CLI info  [arjun153]  [remcslqz6te7j9d9ziealx9djr5dyu93yansvpah]  [6fe6f12a-d1aa-4845-bbe0-245c4d1b7984]  [PRODUCTION] Making POST request to https://eds.browserstack.com
2025-09-27T07:37:02.419Z CLI info [main]  [arjun153]  [remcslqz6te7j9d9ziealx9djr5dyu93yansvpah]  [6fe6f12a-d1aa-4845-bbe0-245c4d1b7984]  Received graceful signal termination, performing cleanup
2025-09-27T07:39:52.320Z CLI info [main]     Server listening on port: 5400
2025-09-27T07:39:52.516Z CLI info     Config : {"userName":"arjun153","accessKey":"pBUjJCeGYhbsRaET7AUb","framework":"testng","platforms":[{"os":"Windows","osVersion":"10","browserName":"Chrome","browserVersion":"136.0"}],"parallelsPerPlatform":1,"browserstackLocal":true,"buildName":"testathon_Arjun Build","projectName":"testathon_Arjun","CUSTOM_TAG_1":"testathon_Arjun_tag","networkLogs":true,"consoleLogs":"info","percy":false,"percyCaptureMode":"auto"}
2025-09-27T07:39:52.523Z CLI info [testhub:module]  [arjun153]   [c595a1cd-6d01-45bf-ae47-187170941605]  Starting testhub from 4679:0
2025-09-27T07:39:52.523Z CLI info [testhub:module]  [arjun153]   [c595a1cd-6d01-45bf-ae47-187170941605]  startBuild: payload=

{"started_at":"2025-09-27T07:39:52.523Z","host_info":{"hostname":"ArjunBM-MBP","platform":"darwin","type":"Darwin","version":"Darwin Kernel Version 24.6.0: Mon Aug 11 21:16:21 PDT 2025; root:xnu-11417.140.69.701.11~1/RELEASE_ARM64_T6000","arch":"arm64"},"ci_info":{"build_number":null},"version_control":{"name":"git","sha":"9683b848705b6f79390d112cbf50da21b1156b15","short_sha":"9683b84870","branch":"main","tag":null,"committer":"arjun <arjunbm13@gmail.com>","committer_date":"2025-09-27T07:26:24.000Z","author":"arjun <arjunbm13@gmail.com>","author_date":"2025-09-27T07:26:24.000Z","commit_message":"Initial files commit","root":"/Users/arjun/Downloads/testng-browserstack-master","common_git_dir":"/Users/arjun/Downloads/testng-browserstack-master/.git","worktree_git_dir":"/Users/arjun/Downloads/testng-browserstack-master/.git","last_tag":null,"commits_since_last_tag":0,"remotes":[{"name":"origin","url":"https://github.com/arjunbm13/testng-browserstack-master.git"}]},"project_name":"testathon_Arjun","name":"testathon_Arjun Build","build_identifier":"#6","build_run_identifier":null,"description":"","tags":["testathon_Arjun_tag"],"failed_tests_rerun":false,"accessibility":{"settings":{}},"framework_details":{"frameworkName":"TestNG","frameworkVersion":"7.4.0","sdkVersion":"1.41.1","cliVersion":"1.6.23","language":"java","testFramework":{"name":"selenium","version":"4.1.4"}},"product_map":{"observability":true,"accessibility":null,"percy":false,"automate":true,"app_automate":false},"browserstackAutomation":true,"test_orchestration":{}}
2025-09-27T07:39:52.523Z CLI info  [arjun153]   [c595a1cd-6d01-45bf-ae47-187170941605]  [PRODUCTION] Making POST request to https://sdk.browserstack.com
2025-09-27T07:39:53.178Z CLI info [testhub:module]  [arjun153]   [c595a1cd-6d01-45bf-ae47-187170941605]  startBuild: response=pboi5uzqezkb9z3n00uiwchjjj9amtvqtozlrrlh
2025-09-27T07:39:53.181Z CLI info  [arjun153]  [pboi5uzqezkb9z3n00uiwchjjj9amtvqtozlrrlh]  [c595a1cd-6d01-45bf-ae47-187170941605]  [PRODUCTION] Making POST request to https://api.browserstack.com
2025-09-27T07:40:02.012Z CLI info  [arjun153]  [pboi5uzqezkb9z3n00uiwchjjj9amtvqtozlrrlh]  [c595a1cd-6d01-45bf-ae47-187170941605]  [PRODUCTION] Making GET request to https://hub.browserstack.com
2025-09-27T07:40:02.157Z CLI info  [arjun153]  [pboi5uzqezkb9z3n00uiwchjjj9amtvqtozlrrlh]  [c595a1cd-6d01-45bf-ae47-187170941605]  [PRODUCTION] Making GET request to https://hub-aps.browserstack.com
2025-09-27T07:40:02.260Z CLI info  [arjun153]  [pboi5uzqezkb9z3n00uiwchjjj9amtvqtozlrrlh]  [c595a1cd-6d01-45bf-ae47-187170941605]  [PRODUCTION] Making GET request to https://hub-euw.browserstack.com
2025-09-27T07:40:03.614Z CLI info  [arjun153]  [pboi5uzqezkb9z3n00uiwchjjj9amtvqtozlrrlh]  [c595a1cd-6d01-45bf-ae47-187170941605]  [PRODUCTION] Making GET request to https://hub-apse.browserstack.com
2025-09-27T07:40:06.589Z CLI info [testhub:request-queue-handler]  [arjun153]  [pboi5uzqezkb9z3n00uiwchjjj9amtvqtozlrrlh]  [c595a1cd-6d01-45bf-ae47-187170941605]  Added the event {
  event_type: 'HookRunStarted',
  hook_run: {
    type: 'hook',
    hook_type: 'BEFORE_METHOD',
    framework: 'TestNG',
    uuid: '803328b1-e22a-42f5-855c-fdea29544e2c',
    name: 'setUp',
    result: 'pending',
    test_run_id: '0075c8e2-d6f2-4f4b-940f-baffc1825214',
    body: { lang: 'java', code: null },
    scope: 'Default Suite.com.browserstack.ValidateHomePageLanding',
    custom_metadata: {},
    tags: [],
    scopes: [ 'Default Suite', 'com.browserstack.ValidateHomePageLanding' ],
    file_name: 'testng-browserstack-master/src/test/java/com/browserstack/ValidateHomePageLanding.java',
    vc_filepath: 'testng-browserstack-master/src/test/java/com/browserstack/ValidateHomePageLanding.java',
    location: 'testng-browserstack-master/src/test/java/com/browserstack/ValidateHomePageLanding.java',
    started_at: '2025-09-27T07:40:06.580Z'
  },
  logs: []
} to 4679:0
2025-09-27T07:40:06.700Z CLI info [testhub:request-queue-handler]  [arjun153]  [pboi5uzqezkb9z3n00uiwchjjj9amtvqtozlrrlh]  [c595a1cd-6d01-45bf-ae47-187170941605]  Added the event {
  event_type: 'LogCreated',
  logs: [
    {
      testFrameworkName: 'TestNG',
      testFrameworkVersion: '7.4.0',
      testFrameworkState: 'LOG',
      timestamp: '2025-09-27T07:40:06.693Z',
      uuid: '803328b1-e22a-42f5-855c-fdea29544e2c',
      kind: 'TEST_LOG',
      message: '"SLF4J: Failed to load class \\"org.slf4j.impl.StaticLoggerBinder\\"."',
      level: 'ERROR',
      test_run_uuid: '803328b1-e22a-42f5-855c-fdea29544e2c'
    }
  ]
} to 4679:0
2025-09-27T07:40:06.719Z CLI info [testhub:request-queue-handler]  [arjun153]  [pboi5uzqezkb9z3n00uiwchjjj9amtvqtozlrrlh]  [c595a1cd-6d01-45bf-ae47-187170941605]  Added the event {
  event_type: 'LogCreated',
  logs: [
    {
      testFrameworkName: 'TestNG',
      testFrameworkVersion: '7.4.0',
      testFrameworkState: 'LOG',
      timestamp: '2025-09-27T07:40:06.715Z',
      uuid: '803328b1-e22a-42f5-855c-fdea29544e2c',
      kind: 'TEST_LOG',
      message: '"SLF4J: Defaulting to no-operation (NOP) logger implementation"',
      level: 'ERROR',
      test_run_uuid: '803328b1-e22a-42f5-855c-fdea29544e2c'
    }
  ]
} to 4679:0
2025-09-27T07:40:06.732Z CLI info [testhub:request-queue-handler]  [arjun153]  [pboi5uzqezkb9z3n00uiwchjjj9amtvqtozlrrlh]  [c595a1cd-6d01-45bf-ae47-187170941605]  Added the event {
  event_type: 'LogCreated',
  logs: [
    {
      testFrameworkName: 'TestNG',
      testFrameworkVersion: '7.4.0',
      testFrameworkState: 'LOG',
      timestamp: '2025-09-27T07:40:06.730Z',
      uuid: '803328b1-e22a-42f5-855c-fdea29544e2c',
      kind: 'TEST_LOG',
      message: '"SLF4J: See http://www.slf4j.org/codes.html#StaticLoggerBinder for further details."',
      level: 'ERROR',
      test_run_uuid: '803328b1-e22a-42f5-855c-fdea29544e2c'
    }
  ]
} to 4679:0
2025-09-27T07:40:06.763Z CLI info [testhub:request-queue-handler]  [arjun153]  [pboi5uzqezkb9z3n00uiwchjjj9amtvqtozlrrlh]  [c595a1cd-6d01-45bf-ae47-187170941605]  Added the event {
  event_type: 'LogCreated',
  logs: [
    {
      testFrameworkName: 'TestNG',
      testFrameworkVersion: '7.4.0',
      testFrameworkState: 'LOG',
      timestamp: '2025-09-27T07:40:06.761Z',
      uuid: '803328b1-e22a-42f5-855c-fdea29544e2c',
      kind: 'TEST_LOG',
      message: '"WARNING: sun.reflect.Reflection.getCallerClass is not supported. This will impact performance."',
      level: 'INFO',
      test_run_uuid: '803328b1-e22a-42f5-855c-fdea29544e2c'
    }
  ]
} to 4679:0
2025-09-27T07:40:07.188Z CLI info [testhub:request-queue-handler]  [arjun153]  [pboi5uzqezkb9z3n00uiwchjjj9amtvqtozlrrlh]  [c595a1cd-6d01-45bf-ae47-187170941605]  Processing batch event [
  {
    event_type: 'HookRunStarted',
    hook_run: {
      type: 'hook',
      hook_type: 'BEFORE_METHOD',
      framework: 'TestNG',
      uuid: '803328b1-e22a-42f5-855c-fdea29544e2c',
      name: 'setUp',
      result: 'pending',
      test_run_id: '0075c8e2-d6f2-4f4b-940f-baffc1825214',
      body: [Object],
      scope: 'Default Suite.com.browserstack.ValidateHomePageLanding',
      custom_metadata: {},
      tags: [],
      scopes: [Array],
      file_name: 'testng-browserstack-master/src/test/java/com/browserstack/ValidateHomePageLanding.java',
      vc_filepath: 'testng-browserstack-master/src/test/java/com/browserstack/ValidateHomePageLanding.java',
      location: 'testng-browserstack-master/src/test/java/com/browserstack/ValidateHomePageLanding.java',
      started_at: '2025-09-27T07:40:06.580Z'
    },
    logs: []
  },
  { event_type: 'LogCreated', logs: [ [Object] ] },
  { event_type: 'LogCreated', logs: [ [Object] ] },
  { event_type: 'LogCreated', logs: [ [Object] ] },
  { event_type: 'LogCreated', logs: [ [Object] ] }
] to 4679:0
2025-09-27T07:40:07.188Z CLI info  [arjun153]  [pboi5uzqezkb9z3n00uiwchjjj9amtvqtozlrrlh]  [c595a1cd-6d01-45bf-ae47-187170941605]  [PRODUCTION] Making POST request to https://collector-observability.browserstack.com
2025-09-27T07:40:13.605Z CLI info [testhub:request-queue-handler]  [arjun153]  [pboi5uzqezkb9z3n00uiwchjjj9amtvqtozlrrlh]  [c595a1cd-6d01-45bf-ae47-187170941605]  Added the event {
  event_type: 'HookRunFinished',
  hook_run: {
    type: 'hook',
    hook_type: 'BEFORE_METHOD',
    framework: 'TestNG',
    uuid: '803328b1-e22a-42f5-855c-fdea29544e2c',
    name: 'setUp',
    result: 'passed',
    test_run_id: '0075c8e2-d6f2-4f4b-940f-baffc1825214',
    body: { lang: 'java', code: null },
    scope: 'Default Suite.com.browserstack.ValidateHomePageLanding',
    custom_metadata: {},
    tags: [],
    scopes: [ 'Default Suite', 'com.browserstack.ValidateHomePageLanding' ],
    file_name: 'testng-browserstack-master/src/test/java/com/browserstack/ValidateHomePageLanding.java',
    vc_filepath: 'testng-browserstack-master/src/test/java/com/browserstack/ValidateHomePageLanding.java',
    location: 'testng-browserstack-master/src/test/java/com/browserstack/ValidateHomePageLanding.java',
    started_at: '2025-09-27T07:40:06.580Z',
    finished_at: '2025-09-27T07:40:13.603Z'
  },
  logs: []
} to 4679:0
2025-09-27T07:40:13.635Z CLI info [testhub:request-queue-handler]  [arjun153]  [pboi5uzqezkb9z3n00uiwchjjj9amtvqtozlrrlh]  [c595a1cd-6d01-45bf-ae47-187170941605]  Added the event {
  event_type: 'CBTSessionCreated',
  test_run: {
    uuid: '2360c410-deeb-4dd1-881a-4ecdf0bfc8fe',
    integrations: { browserstack: [Object] }
  }
} to 4679:0
2025-09-27T07:40:13.642Z CLI info [testhub:request-queue-handler]  [arjun153]  [pboi5uzqezkb9z3n00uiwchjjj9amtvqtozlrrlh]  [c595a1cd-6d01-45bf-ae47-187170941605]  Added the event {
  event_type: 'TestRunStarted',
  test_run: {
    type: 'test',
    framework: 'TestNG',
    uuid: '2360c410-deeb-4dd1-881a-4ecdf0bfc8fe',
    name: 'homeValidation',
    body: {
      lang: 'java',
      code: 'public void com.browserstack.ValidateHomePageLanding.homeValidation() throws java.lang.Exception'
    },
    identifier: 'homeValidation',
    scope: 'Default Suite.com.browserstack.ValidateHomePageLanding',
    scopes: [ 'Default Suite', 'com.browserstack.ValidateHomePageLanding' ],
    file_name: 'src/test/java/com/browserstack/ValidateHomePageLanding.java',
    vc_filepath: 'src/test/java/com/browserstack/ValidateHomePageLanding.java',
    location: 'src/test/java/com/browserstack/ValidateHomePageLanding.java',
    meta: {},
    result: 'pending',
    duration_in_ms: null,
    started_at: '2025-09-27T07:40:13.615Z',
    failure: undefined,
    failure_type: undefined,
    failure_reason: undefined,
    retry_of: null,
    custom_metadata: {},
    tags: [],
    customRerunParam: { rerun_name: 'testng-browserstack-master-0' },
    hooks: [],
    product_map: {
      observability: true,
      accessibility: false,
      percy: false,
      automate: true,
      app_automate: false
    }
  },
  logs: []
} to 4679:0
2025-09-27T07:40:15.192Z CLI info [testhub:request-queue-handler]  [arjun153]  [pboi5uzqezkb9z3n00uiwchjjj9amtvqtozlrrlh]  [c595a1cd-6d01-45bf-ae47-187170941605]  Processing batch event [
  {
    event_type: 'HookRunFinished',
    hook_run: {
      type: 'hook',
      hook_type: 'BEFORE_METHOD',
      framework: 'TestNG',
      uuid: '803328b1-e22a-42f5-855c-fdea29544e2c',
      name: 'setUp',
      result: 'passed',
      test_run_id: '0075c8e2-d6f2-4f4b-940f-baffc1825214',
      body: [Object],
      scope: 'Default Suite.com.browserstack.ValidateHomePageLanding',
      custom_metadata: {},
      tags: [],
      scopes: [Array],
      file_name: 'testng-browserstack-master/src/test/java/com/browserstack/ValidateHomePageLanding.java',
      vc_filepath: 'testng-browserstack-master/src/test/java/com/browserstack/ValidateHomePageLanding.java',
      location: 'testng-browserstack-master/src/test/java/com/browserstack/ValidateHomePageLanding.java',
      started_at: '2025-09-27T07:40:06.580Z',
      finished_at: '2025-09-27T07:40:13.603Z'
    },
    logs: []
  },
  {
    event_type: 'CBTSessionCreated',
    test_run: {
      uuid: '2360c410-deeb-4dd1-881a-4ecdf0bfc8fe',
      integrations: [Object]
    }
  },
  {
    event_type: 'TestRunStarted',
    test_run: {
      type: 'test',
      framework: 'TestNG',
      uuid: '2360c410-deeb-4dd1-881a-4ecdf0bfc8fe',
      name: 'homeValidation',
      body: [Object],
      identifier: 'homeValidation',
      scope: 'Default Suite.com.browserstack.ValidateHomePageLanding',
      scopes: [Array],
      file_name: 'src/test/java/com/browserstack/ValidateHomePageLanding.java',
      vc_filepath: 'src/test/java/com/browserstack/ValidateHomePageLanding.java',
      location: 'src/test/java/com/browserstack/ValidateHomePageLanding.java',
      meta: {},
      result: 'pending',
      duration_in_ms: null,
      started_at: '2025-09-27T07:40:13.615Z',
      failure: undefined,
      failure_type: undefined,
      failure_reason: undefined,
      retry_of: null,
      custom_metadata: {},
      tags: [],
      customRerunParam: [Object],
      hooks: [],
      product_map: [Object]
    },
    logs: []
  }
] to 4679:0
2025-09-27T07:40:15.194Z CLI info  [arjun153]  [pboi5uzqezkb9z3n00uiwchjjj9amtvqtozlrrlh]  [c595a1cd-6d01-45bf-ae47-187170941605]  [PRODUCTION] Making POST request to https://collector-observability.browserstack.com
2025-09-27T07:40:26.488Z CLI warn [TEST REPORTING AND ANALYTICS:java:testng]  [arjun153]  [pboi5uzqezkb9z3n00uiwchjjj9amtvqtozlrrlh]  [c595a1cd-6d01-45bf-ae47-187170941605]  TestRunFinished: event={"test_hook_last_started":"BEFORE_METHOD","test_failure_type":"UnhandledError","test_rerun_name":"testng-browserstack-master-0","test_result_at":"2025-09-27T13:10:23.420096","test_scope":"Default Suite.com.browserstack.ValidateHomePageLanding","test_framework_name":"TestNG","test_tags":"","cbt_session_created":true,"test_started_at":"2025-09-27T13:10:13.615614","platform_index":0,"test_failure":[{"backtrace":["org.openqa.selenium.NoSuchElementException: no such element: Unable to locate element: {\"method\":\"xpath\",\"selector\":\"//*[@id=\"signin\"]\"}","  (Session info: chrome=136.0.7103.49)","For documentation on this error, please visit: https://selenium.dev/exceptions/#no_such_element","Build info: version: '4.1.4', revision: '535d840ee2'","System info: host: 'ArjunBM-MBP', ip: 'fe80:0:0:0:182d:cf7c:3d1:e5e6%en0', os.name: 'Mac OS X', os.arch: 'aarch64', os.version: '15.7', java.version: '24.0.2'","Driver info: org.openqa.selenium.chrome.ChromeDriver","Command: [6fc0798fcc4c1d757b792314f71afc5d2d5cf2f0, findElement {using=xpath, value=//*[@id=\"signin\"]}]","Capabilities {acceptInsecureCerts: true, browserName: chrome, browserVersion: 136.0.7103.49, chrome: {chromedriverVersion: 136.0.7103.49 (031848bc6ad0..., userDataDir: C:\\Windows\\proxy\\scoped_dir...}, fedcm:accounts: true, goog:chromeOptions: {debuggerAddress: localhost:9222}, javascriptEnabled: true, networkConnectionEnabled: false, optimalHubUrl: hub-aps.browserstack.com, pageLoadStrategy: normal, platform: WINDOWS, platformName: WINDOWS, proxy: Proxy(), setWindowRect: true, strictFileInteractability: false, timeouts: {implicit: 0, pageLoad: 300000, script: 30000}, unhandledPromptBehavior: dismiss and notify, webauthn:extension:credBlob: true, webauthn:extension:largeBlob: true, webauthn:extension:minPinLength: true, webauthn:extension:prf: true, webauthn:virtualAuthenticators: true, webdriver.remote.sessionid: 6fc0798fcc4c1d757b792314f71...}","Session ID: 6fc0798fcc4c1d757b792314f71afc5d2d5cf2f0","\tat java.base/jdk.internal.reflect.DirectConstructorHandleAccessor.newInstance(DirectConstructorHandleAccessor.java:62)","\tat java.base/java.lang.reflect.Constructor.newInstanceWithCaller(Constructor.java:499)","\tat java.base/java.lang.reflect.Constructor.newInstance(Constructor.java:483)","\tat org.openqa.selenium.remote.codec.w3c.W3CHttpResponseCodec.createException(W3CHttpResponseCodec.java:200)","\tat org.openqa.selenium.remote.codec.w3c.W3CHttpResponseCodec.decode(W3CHttpResponseCodec.java:133)","\tat org.openqa.selenium.remote.codec.w3c.W3CHttpResponseCodec.decode(W3CHttpResponseCodec.java:53)","\tat org.openqa.selenium.remote.HttpCommandExecutor.execute(HttpCommandExecutor.java:184)","\tat org.openqa.selenium.remote.RemoteWebDriver.execute(RemoteWebDriver.java:567)","\tat org.openqa.selenium.remote.ElementLocation$ElementFinder$2.findElement(ElementLocation.java:162)","\tat org.openqa.selenium.remote.ElementLocation.findElement(ElementLocation.java:60)","\tat org.openqa.selenium.remote.RemoteWebDriver.findElement(RemoteWebDriver.java:385)","\tat org.openqa.selenium.remote.RemoteWebDriver.findElement(RemoteWebDriver.java:377)","\tat com.browserstack.ValidateHomePageLanding.homeValidation(ValidateHomePageLanding.java:23)","\tat java.base/jdk.internal.reflect.DirectMethodHandleAccessor.invoke(DirectMethodHandleAccessor.java:104)","\tat java.base/java.lang.reflect.Method.invoke(Method.java:565)","\tat org.testng.internal.MethodInvocationHelper.invokeMethod(MethodInvocationHelper.java:133)","\tat org.testng.internal.TestInvoker.invokeMethod(TestInvoker.java:598)","\tat org.testng.internal.TestInvoker.invokeTestMethod(TestInvoker.java:173)","\tat org.testng.internal.MethodRunner.runInSequence(MethodRunner.java:46)","\tat org.testng.internal.TestInvoker$MethodInvocationAgent.invoke(TestInvoker.java:824)","\tat org.testng.internal.TestInvoker.invokeTestMethods(TestInvoker.java:146)","\tat org.testng.internal.TestMethodWorker.invokeTestMethods(TestMethodWorker.java:146)","\tat org.testng.internal.TestMethodWorker.run(TestMethodWorker.java:128)","\tat java.base/java.util.ArrayList.forEach(ArrayList.java:1604)","\tat org.testng.TestRunner.privateRun(TestRunner.java:794)","\tat org.testng.TestRunner.run(TestRunner.java:596)","\tat org.testng.SuiteRunner.runTest(SuiteRunner.java:377)","\tat org.testng.SuiteRunner.access$000(SuiteRunner.java:28)","\tat org.testng.SuiteRunner$SuiteWorker.run(SuiteRunner.java:418)","\tat org.testng.internal.thread.ThreadUtil.lambda$execute$0(ThreadUtil.java:64)","\tat java.base/java.util.concurrent.FutureTask.run$$$capture(FutureTask.java:328)","\tat java.base/java.util.concurrent.FutureTask.run(FutureTask.java)","\tat --- Async.Stack.Trace --- (captured by IntelliJ IDEA debugger)","\tat java.base/java.util.concurrent.FutureTask.<init>(FutureTask.java:134)","\tat java.base/java.util.concurrent.AbstractExecutorService.newTaskFor(AbstractExecutorService.java:113)","\tat java.base/java.util.concurrent.AbstractExecutorService.invokeAll(AbstractExecutorService.java:305)","\tat org.testng.internal.thread.ThreadUtil.execute(ThreadUtil.java:70)","\tat org.testng.SuiteRunner.runInParallelTestMode(SuiteRunner.java:397)","\tat org.testng.SuiteRunner.privateRun(SuiteRunner.java:330)","\tat org.testng.SuiteRunner.run(SuiteRunner.java:276)","\tat org.testng.SuiteRunnerWorker.runSuite(SuiteRunnerWorker.java:53)","\tat org.testng.SuiteRunnerWorker.run(SuiteRunnerWorker.java:96)","\tat org.testng.TestNG.runSuitesSequentially(TestNG.java:1212)","\tat org.testng.TestNG.runSuitesLocally(TestNG.java:1134)","\tat org.testng.TestNG.runSuites(TestNG.java:1063)","\tat org.testng.TestNG.run(TestNG.java:1031)","\tat com.intellij.rt.testng.IDEARemoteTestNG.run(IDEARemoteTestNG.java:65)","\tat com.intellij.rt.testng.RemoteTestNGStarter.main(RemoteTestNGStarter.java:105)"]}],"test_framework_version":"7.4.0","test_logs":[],"test_scopes":["Default Suite","com.browserstack.ValidateHomePageLanding"],"test_code":"public void com.browserstack.ValidateHomePageLanding.homeValidation() throws java.lang.Exception","test_id":"testng-browserstack-master-0@0","test_uuid":"2360c410-deeb-4dd1-881a-4ecdf0bfc8fe","test_ended_at":"2025-09-27T13:10:23.420847","automate_session_name":"testng-browserstack-master-00","test_hook_last_finished":"BEFORE_METHOD","test_session_name":"com.browserstack.ValidateHomePageLanding-homeValidation","test_hook_state":"sdk:hook:a34cb681","custom_metadata":{},"test_failure_reason":"org.openqa.selenium.NoSuchElementException: no such element: Unable to locate element: {\"method\":\"xpath\",\"selector\":\"//*[@id=\"signin\"]\"}\n  (Session info: chrome=136.0.7103.49)\nFor documentation on this error, please visit: https://selenium.dev/exceptions/#no_such_element\nBuild info: version: '4.1.4', revision: '535d840ee2'\nSystem info: host: 'ArjunBM-MBP', ip: 'fe80:0:0:0:182d:cf7c:3d1:e5e6%en0', os.name: 'Mac OS X', os.arch: 'aarch64', os.version: '15.7', java.version: '24.0.2'\nDriver info: org.openqa.selenium.chrome.ChromeDriver\nCommand: [6fc0798fcc4c1d757b792314f71afc5d2d5cf2f0, findElement {using=xpath, value=//*[@id=\"signin\"]}]\nCapabilities {acceptInsecureCerts: true, browserName: chrome, browserVersion: 136.0.7103.49, chrome: {chromedriverVersion: 136.0.7103.49 (031848bc6ad0..., userDataDir: C:\\Windows\\proxy\\scoped_dir...}, fedcm:accounts: true, goog:chromeOptions: {debuggerAddress: localhost:9222}, javascriptEnabled: true, networkConnectionEnabled: false, optimalHubUrl: hub-aps.browserstack.com, pageLoadStrategy: normal, platform: WINDOWS, platformName: WINDOWS, proxy: Proxy(), setWindowRect: true, strictFileInteractability: false, timeouts: {implicit: 0, pageLoad: 300000, script: 30000}, unhandledPromptBehavior: dismiss and notify, webauthn:extension:credBlob: true, webauthn:extension:largeBlob: true, webauthn:extension:minPinLength: true, webauthn:extension:prf: true, webauthn:virtualAuthenticators: true, webdriver.remote.sessionid: 6fc0798fcc4c1d757b792314f71...}\nSession ID: 6fc0798fcc4c1d757b792314f71afc5d2d5cf2f0","test_location":"src/test/java/com/browserstack/ValidateHomePageLanding.java","test_hooks_started":{"BEFORE_METHOD":[]},"test_file_path":"src/test/java/com/browserstack/ValidateHomePageLanding.java","test_result":"failed","test_hooks_finished":{"BEFORE_METHOD":[{"hook_name":"setUp","hook_result":"passed","test_file_path":"testng-browserstack-master/src/test/java/com/browserstack/ValidateHomePageLanding.java","event_started_at":"2025-09-27T13:10:06.580645","hook_id":"803328b1-e22a-42f5-855c-fdea29544e2c","hook_logs":[],"logs":[],"key":"BEFORE_METHOD","custom_metadata":{},"event_ended_at":"2025-09-27T13:10:13.603302","test_location":"testng-browserstack-master/src/test/java/com/browserstack/ValidateHomePageLanding.java"}]},"hook_id":"803328b1-e22a-42f5-855c-fdea29544e2c","test_meta":{},"isBrowserstackAutomationSession":true,"test_name":"homeValidation","logs":[]}
2025-09-27T07:40:26.489Z CLI info [testhub:request-queue-handler]  [arjun153]  [pboi5uzqezkb9z3n00uiwchjjj9amtvqtozlrrlh]  [c595a1cd-6d01-45bf-ae47-187170941605]  Added the event {
  event_type: 'TestRunFinished',
  test_run: {
    type: 'test',
    framework: 'TestNG',
    uuid: '2360c410-deeb-4dd1-881a-4ecdf0bfc8fe',
    name: 'homeValidation',
    body: {
      lang: 'java',
      code: 'public void com.browserstack.ValidateHomePageLanding.homeValidation() throws java.lang.Exception'
    },
    identifier: 'homeValidation',
    scope: 'Default Suite.com.browserstack.ValidateHomePageLanding',
    scopes: [ 'Default Suite', 'com.browserstack.ValidateHomePageLanding' ],
    file_name: 'src/test/java/com/browserstack/ValidateHomePageLanding.java',
    vc_filepath: 'src/test/java/com/browserstack/ValidateHomePageLanding.java',
    location: 'src/test/java/com/browserstack/ValidateHomePageLanding.java',
    meta: {},
    result: 'failed',
    duration_in_ms: 9805,
    started_at: '2025-09-27T07:40:13.615Z',
    finished_at: '2025-09-27T07:40:23.420Z',
    failure: [ [Object] ],
    failure_type: 'UnhandledError',
    failure_reason: 'org.openqa.selenium.NoSuchElementException: no such element: Unable to locate element: {"method":"xpath","selector":"//*[@id="signin"]"}\n' +
      '  (Session info: chrome=136.0.7103.49)\n' +
      'For documentation on this error, please visit: https://selenium.dev/exceptions/#no_such_element\n' +
      "Build info: version: '4.1.4', revision: '535d840ee2'\n" +
      "System info: host: 'ArjunBM-MBP', ip: 'fe80:0:0:0:182d:cf7c:3d1:e5e6%en0', os.name: 'Mac OS X', os.arch: 'aarch64', os.version: '15.7', java.version: '24.0.2'\n" +
      'Driver info: org.openqa.selenium.chrome.ChromeDriver\n' +
      'Command: [6fc0798fcc4c1d757b792314f71afc5d2d5cf2f0, findElement {using=xpath, value=//*[@id="signin"]}]\n' +
      'Capabilities {acceptInsecureCerts: true, browserName: chrome, browserVersion: 136.0.7103.49, chrome: {chromedriverVersion: 136.0.7103.49 (031848bc6ad0..., userDataDir: C:\\Windows\\proxy\\scoped_dir...}, fedcm:accounts: true, goog:chromeOptions: {debuggerAddress: localhost:9222}, javascriptEnabled: true, networkConnectionEnabled: false, optimalHubUrl: hub-aps.browserstack.com, pageLoadStrategy: normal, platform: WINDOWS, platformName: WINDOWS, proxy: Proxy(), setWindowRect: true, strictFileInteractability: false, timeouts: {implicit: 0, pageLoad: 300000, script: 30000}, unhandledPromptBehavior: dismiss and notify, webauthn:extension:credBlob: true, webauthn:extension:largeBlob: true, webauthn:extension:minPinLength: true, webauthn:extension:prf: true, webauthn:virtualAuthenticators: true, webdriver.remote.sessionid: 6fc0798fcc4c1d757b792314f71...}\n' +
      'Session ID: 6fc0798fcc4c1d757b792314f71afc5d2d5cf2f0',
    retry_of: null,
    custom_metadata: {},
    tags: [],
    customRerunParam: { rerun_name: 'testng-browserstack-master-0' },
    hooks: [ '803328b1-e22a-42f5-855c-fdea29544e2c' ],
    product_map: {
      observability: true,
      accessibility: false,
      percy: false,
      automate: true,
      app_automate: false
    }
  },
  logs: []
} to 4679:0
2025-09-27T07:40:26.511Z CLI info [testhub:request-queue-handler]  [arjun153]  [pboi5uzqezkb9z3n00uiwchjjj9amtvqtozlrrlh]  [c595a1cd-6d01-45bf-ae47-187170941605]  Added the event {
  event_type: 'HookRunStarted',
  hook_run: {
    type: 'hook',
    hook_type: 'AFTER_METHOD',
    framework: 'TestNG',
    uuid: '6259b508-7e5e-47b5-80e5-c753d4e6fdd7',
    name: 'tearDown',
    result: 'pending',
    test_run_id: '2360c410-deeb-4dd1-881a-4ecdf0bfc8fe',
    body: { lang: 'java', code: null },
    scope: 'Default Suite.com.browserstack.ValidateHomePageLanding',
    custom_metadata: {},
    tags: [],
    scopes: [ 'Default Suite', 'com.browserstack.ValidateHomePageLanding' ],
    file_name: 'testng-browserstack-master/src/test/java/com/browserstack/ValidateHomePageLanding.java',
    vc_filepath: 'testng-browserstack-master/src/test/java/com/browserstack/ValidateHomePageLanding.java',
    location: 'testng-browserstack-master/src/test/java/com/browserstack/ValidateHomePageLanding.java',
    started_at: '2025-09-27T07:40:26.508Z'
  },
  logs: []
} to 4679:0
2025-09-27T07:40:27.201Z CLI info [testhub:request-queue-handler]  [arjun153]  [pboi5uzqezkb9z3n00uiwchjjj9amtvqtozlrrlh]  [c595a1cd-6d01-45bf-ae47-187170941605]  Processing batch event [
  {
    event_type: 'TestRunFinished',
    test_run: {
      type: 'test',
      framework: 'TestNG',
      uuid: '2360c410-deeb-4dd1-881a-4ecdf0bfc8fe',
      name: 'homeValidation',
      body: [Object],
      identifier: 'homeValidation',
      scope: 'Default Suite.com.browserstack.ValidateHomePageLanding',
      scopes: [Array],
      file_name: 'src/test/java/com/browserstack/ValidateHomePageLanding.java',
      vc_filepath: 'src/test/java/com/browserstack/ValidateHomePageLanding.java',
      location: 'src/test/java/com/browserstack/ValidateHomePageLanding.java',
      meta: {},
      result: 'failed',
      duration_in_ms: 9805,
      started_at: '2025-09-27T07:40:13.615Z',
      finished_at: '2025-09-27T07:40:23.420Z',
      failure: [Array],
      failure_type: 'UnhandledError',
      failure_reason: 'org.openqa.selenium.NoSuchElementException: no such element: Unable to locate element: {"method":"xpath","selector":"//*[@id="signin"]"}\n' +
        '  (Session info: chrome=136.0.7103.49)\n' +
        'For documentation on this error, please visit: https://selenium.dev/exceptions/#no_such_element\n' +
        "Build info: version: '4.1.4', revision: '535d840ee2'\n" +
        "System info: host: 'ArjunBM-MBP', ip: 'fe80:0:0:0:182d:cf7c:3d1:e5e6%en0', os.name: 'Mac OS X', os.arch: 'aarch64', os.version: '15.7', java.version: '24.0.2'\n" +
        'Driver info: org.openqa.selenium.chrome.ChromeDriver\n' +
        'Command: [6fc0798fcc4c1d757b792314f71afc5d2d5cf2f0, findElement {using=xpath, value=//*[@id="signin"]}]\n' +
        'Capabilities {acceptInsecureCerts: true, browserName: chrome, browserVersion: 136.0.7103.49, chrome: {chromedriverVersion: 136.0.7103.49 (031848bc6ad0..., userDataDir: C:\\Windows\\proxy\\scoped_dir...}, fedcm:accounts: true, goog:chromeOptions: {debuggerAddress: localhost:9222}, javascriptEnabled: true, networkConnectionEnabled: false, optimalHubUrl: hub-aps.browserstack.com, pageLoadStrategy: normal, platform: WINDOWS, platformName: WINDOWS, proxy: Proxy(), setWindowRect: true, strictFileInteractability: false, timeouts: {implicit: 0, pageLoad: 300000, script: 30000}, unhandledPromptBehavior: dismiss and notify, webauthn:extension:credBlob: true, webauthn:extension:largeBlob: true, webauthn:extension:minPinLength: true, webauthn:extension:prf: true, webauthn:virtualAuthenticators: true, webdriver.remote.sessionid: 6fc0798fcc4c1d757b792314f71...}\n' +
        'Session ID: 6fc0798fcc4c1d757b792314f71afc5d2d5cf2f0',
      retry_of: null,
      custom_metadata: {},
      tags: [],
      customRerunParam: [Object],
      hooks: [Array],
      product_map: [Object]
    },
    logs: []
  },
  {
    event_type: 'HookRunStarted',
    hook_run: {
      type: 'hook',
      hook_type: 'AFTER_METHOD',
      framework: 'TestNG',
      uuid: '6259b508-7e5e-47b5-80e5-c753d4e6fdd7',
      name: 'tearDown',
      result: 'pending',
      test_run_id: '2360c410-deeb-4dd1-881a-4ecdf0bfc8fe',
      body: [Object],
      scope: 'Default Suite.com.browserstack.ValidateHomePageLanding',
      custom_metadata: {},
      tags: [],
      scopes: [Array],
      file_name: 'testng-browserstack-master/src/test/java/com/browserstack/ValidateHomePageLanding.java',
      vc_filepath: 'testng-browserstack-master/src/test/java/com/browserstack/ValidateHomePageLanding.java',
      location: 'testng-browserstack-master/src/test/java/com/browserstack/ValidateHomePageLanding.java',
      started_at: '2025-09-27T07:40:26.508Z'
    },
    logs: []
  }
] to 4679:0
2025-09-27T07:40:27.203Z CLI info  [arjun153]  [pboi5uzqezkb9z3n00uiwchjjj9amtvqtozlrrlh]  [c595a1cd-6d01-45bf-ae47-187170941605]  [PRODUCTION] Making POST request to https://collector-observability.browserstack.com
2025-09-27T07:40:27.929Z CLI info [testhub:request-queue-handler]  [arjun153]  [pboi5uzqezkb9z3n00uiwchjjj9amtvqtozlrrlh]  [c595a1cd-6d01-45bf-ae47-187170941605]  Added the event {
  event_type: 'HookRunFinished',
  hook_run: {
    type: 'hook',
    hook_type: 'AFTER_METHOD',
    framework: 'TestNG',
    uuid: '6259b508-7e5e-47b5-80e5-c753d4e6fdd7',
    name: 'tearDown',
    result: 'passed',
    test_run_id: '2360c410-deeb-4dd1-881a-4ecdf0bfc8fe',
    body: { lang: 'java', code: null },
    scope: 'Default Suite.com.browserstack.ValidateHomePageLanding',
    custom_metadata: {},
    tags: [],
    scopes: [ 'Default Suite', 'com.browserstack.ValidateHomePageLanding' ],
    file_name: 'testng-browserstack-master/src/test/java/com/browserstack/ValidateHomePageLanding.java',
    vc_filepath: 'testng-browserstack-master/src/test/java/com/browserstack/ValidateHomePageLanding.java',
    location: 'testng-browserstack-master/src/test/java/com/browserstack/ValidateHomePageLanding.java',
    started_at: '2025-09-27T07:40:26.508Z',
    finished_at: '2025-09-27T07:40:27.926Z'
  },
  logs: []
} to 4679:0
2025-09-27T07:40:29.088Z CLI info  [arjun153]  [pboi5uzqezkb9z3n00uiwchjjj9amtvqtozlrrlh]  [c595a1cd-6d01-45bf-ae47-187170941605]  [PRODUCTION] Making POST request to https://collector-observability.browserstack.com
2025-09-27T07:40:29.201Z CLI info [testhub:request-queue-handler]  [arjun153]  [pboi5uzqezkb9z3n00uiwchjjj9amtvqtozlrrlh]  [c595a1cd-6d01-45bf-ae47-187170941605]  Processing batch event [
  {
    event_type: 'HookRunFinished',
    hook_run: {
      type: 'hook',
      hook_type: 'AFTER_METHOD',
      framework: 'TestNG',
      uuid: '6259b508-7e5e-47b5-80e5-c753d4e6fdd7',
      name: 'tearDown',
      result: 'passed',
      test_run_id: '2360c410-deeb-4dd1-881a-4ecdf0bfc8fe',
      body: [Object],
      scope: 'Default Suite.com.browserstack.ValidateHomePageLanding',
      custom_metadata: {},
      tags: [],
      scopes: [Array],
      file_name: 'testng-browserstack-master/src/test/java/com/browserstack/ValidateHomePageLanding.java',
      vc_filepath: 'testng-browserstack-master/src/test/java/com/browserstack/ValidateHomePageLanding.java',
      location: 'testng-browserstack-master/src/test/java/com/browserstack/ValidateHomePageLanding.java',
      started_at: '2025-09-27T07:40:26.508Z',
      finished_at: '2025-09-27T07:40:27.926Z'
    },
    logs: []
  }
] to 4679:0
2025-09-27T07:40:30.057Z CLI info  [arjun153]  [pboi5uzqezkb9z3n00uiwchjjj9amtvqtozlrrlh]  [c595a1cd-6d01-45bf-ae47-187170941605]  [PRODUCTION] Making POST request to https://collector-observability.browserstack.com
2025-09-27T07:40:30.057Z CLI error [testhub:module]  [arjun153]  [pboi5uzqezkb9z3n00uiwchjjj9amtvqtozlrrlh]  [c595a1cd-6d01-45bf-ae47-187170941605]  [collectBuildData] Exception in collecting build data for build UUID pboi5uzqezkb9z3n00uiwchjjj9amtvqtozlrrlh: {"message":"Build data collection started"}
2025-09-27T07:40:31.068Z CLI info  [arjun153]  [pboi5uzqezkb9z3n00uiwchjjj9amtvqtozlrrlh]  [c595a1cd-6d01-45bf-ae47-187170941605]  [PRODUCTION] Making PUT request to https://collector-observability.browserstack.com
2025-09-27T07:40:32.032Z CLI info [testhub:module]  [arjun153]  [pboi5uzqezkb9z3n00uiwchjjj9amtvqtozlrrlh]  [c595a1cd-6d01-45bf-ae47-187170941605]  stopBuild: pboi5uzqezkb9z3n00uiwchjjj9amtvqtozlrrlh request={"finished_at":"2025-09-27T07:40:29.087Z","finished_metadata":[],"custom_metadata":{}} response={"data":""}
2025-09-27T07:40:32.033Z CLI info  [arjun153]  [pboi5uzqezkb9z3n00uiwchjjj9amtvqtozlrrlh]  [c595a1cd-6d01-45bf-ae47-187170941605]  [PRODUCTION] Making POST request to https://api.browserstack.com
2025-09-27T07:40:32.035Z CLI info [TEST REPORTING AND ANALYTICS:module]  [arjun153]  [pboi5uzqezkb9z3n00uiwchjjj9amtvqtozlrrlh]  [c595a1cd-6d01-45bf-ae47-187170941605]  Visit https://automation.browserstack.com/builds/pboi5uzqezkb9z3n00uiwchjjj9amtvqtozlrrlh to view build report, insights, and many more debugging information all at one place!
2025-09-27T07:40:36.117Z CLI info  [arjun153]  [pboi5uzqezkb9z3n00uiwchjjj9amtvqtozlrrlh]  [c595a1cd-6d01-45bf-ae47-187170941605]  [PRODUCTION] Making GET request to https://api.browserstack.com
2025-09-27T07:40:36.490Z CLI info  [arjun153]  [pboi5uzqezkb9z3n00uiwchjjj9amtvqtozlrrlh]  [c595a1cd-6d01-45bf-ae47-187170941605]  [PRODUCTION] Making POST request to https://eds.browserstack.com
2025-09-27T07:40:37.768Z CLI info [main]  [arjun153]  [pboi5uzqezkb9z3n00uiwchjjj9amtvqtozlrrlh]  [c595a1cd-6d01-45bf-ae47-187170941605]  Received graceful signal termination, performing cleanup
2025-09-27T07:42:13.327Z CLI info [main]     Server listening on port: 5400
2025-09-27T07:42:13.526Z CLI info     Config : {"userName":"arjun153","accessKey":"pBUjJCeGYhbsRaET7AUb","framework":"testng","platforms":[{"os":"Windows","osVersion":"10","browserName":"Chrome","browserVersion":"136.0"}],"parallelsPerPlatform":1,"browserstackLocal":true,"buildName":"testathon_Arjun Build","projectName":"testathon_Arjun","CUSTOM_TAG_1":"testathon_Arjun_tag","networkLogs":true,"consoleLogs":"info","percy":false,"percyCaptureMode":"auto"}
2025-09-27T07:42:13.532Z CLI info [testhub:module]  [arjun153]   [7ce0fad5-59dc-4a52-9ac5-3832818e6b68]  Starting testhub from 5018:0
2025-09-27T07:42:13.533Z CLI info [testhub:module]  [arjun153]   [7ce0fad5-59dc-4a52-9ac5-3832818e6b68]  startBuild: payload=

{"started_at":"2025-09-27T07:42:13.533Z","host_info":{"hostname":"ArjunBM-MBP","platform":"darwin","type":"Darwin","version":"Darwin Kernel Version 24.6.0: Mon Aug 11 21:16:21 PDT 2025; root:xnu-11417.140.69.701.11~1/RELEASE_ARM64_T6000","arch":"arm64"},"ci_info":{"build_number":null},"version_control":{"name":"git","sha":"9683b848705b6f79390d112cbf50da21b1156b15","short_sha":"9683b84870","branch":"main","tag":null,"committer":"arjun <arjunbm13@gmail.com>","committer_date":"2025-09-27T07:26:24.000Z","author":"arjun <arjunbm13@gmail.com>","author_date":"2025-09-27T07:26:24.000Z","commit_message":"Initial files commit","root":"/Users/arjun/Downloads/testng-browserstack-master","common_git_dir":"/Users/arjun/Downloads/testng-browserstack-master/.git","worktree_git_dir":"/Users/arjun/Downloads/testng-browserstack-master/.git","last_tag":null,"commits_since_last_tag":0,"remotes":[{"name":"origin","url":"https://github.com/arjunbm13/testng-browserstack-master.git"}]},"project_name":"testathon_Arjun","name":"testathon_Arjun Build","build_identifier":"#7","build_run_identifier":null,"description":"","tags":["testathon_Arjun_tag"],"failed_tests_rerun":false,"accessibility":{"settings":{}},"framework_details":{"frameworkName":"TestNG","frameworkVersion":"7.4.0","sdkVersion":"1.41.1","cliVersion":"1.6.23","language":"java","testFramework":{"name":"selenium","version":"4.1.4"}},"product_map":{"observability":true,"accessibility":null,"percy":false,"automate":true,"app_automate":false},"browserstackAutomation":true,"test_orchestration":{}}
2025-09-27T07:42:13.533Z CLI info  [arjun153]   [7ce0fad5-59dc-4a52-9ac5-3832818e6b68]  [PRODUCTION] Making POST request to https://sdk.browserstack.com
2025-09-27T07:42:14.402Z CLI info [testhub:module]  [arjun153]   [7ce0fad5-59dc-4a52-9ac5-3832818e6b68]  startBuild: response=nyrxp3hrg8bmemf3re9mhcgvbgde1eardwtoi2mk
2025-09-27T07:42:14.404Z CLI info  [arjun153]  [nyrxp3hrg8bmemf3re9mhcgvbgde1eardwtoi2mk]  [7ce0fad5-59dc-4a52-9ac5-3832818e6b68]  [PRODUCTION] Making POST request to https://api.browserstack.com
2025-09-27T07:42:22.735Z CLI info  [arjun153]  [nyrxp3hrg8bmemf3re9mhcgvbgde1eardwtoi2mk]  [7ce0fad5-59dc-4a52-9ac5-3832818e6b68]  [PRODUCTION] Making GET request to https://hub.browserstack.com
2025-09-27T07:42:22.894Z CLI info  [arjun153]  [nyrxp3hrg8bmemf3re9mhcgvbgde1eardwtoi2mk]  [7ce0fad5-59dc-4a52-9ac5-3832818e6b68]  [PRODUCTION] Making GET request to https://hub-aps.browserstack.com
2025-09-27T07:42:23.018Z CLI info  [arjun153]  [nyrxp3hrg8bmemf3re9mhcgvbgde1eardwtoi2mk]  [7ce0fad5-59dc-4a52-9ac5-3832818e6b68]  [PRODUCTION] Making GET request to https://hub-euw.browserstack.com
2025-09-27T07:42:24.393Z CLI info  [arjun153]  [nyrxp3hrg8bmemf3re9mhcgvbgde1eardwtoi2mk]  [7ce0fad5-59dc-4a52-9ac5-3832818e6b68]  [PRODUCTION] Making GET request to https://hub-apse.browserstack.com
2025-09-27T07:42:26.593Z CLI info [testhub:request-queue-handler]  [arjun153]  [nyrxp3hrg8bmemf3re9mhcgvbgde1eardwtoi2mk]  [7ce0fad5-59dc-4a52-9ac5-3832818e6b68]  Added the event {
  event_type: 'HookRunStarted',
  hook_run: {
    type: 'hook',
    hook_type: 'BEFORE_METHOD',
    framework: 'TestNG',
    uuid: 'ff78e3fa-a7a4-46d8-940b-69402831e0a5',
    name: 'setUp',
    result: 'pending',
    test_run_id: '7ca438dc-10ef-46d7-9194-a3a268f01222',
    body: { lang: 'java', code: null },
    scope: 'Default Suite.com.browserstack.ValidateHomePageLanding',
    custom_metadata: {},
    tags: [],
    scopes: [ 'Default Suite', 'com.browserstack.ValidateHomePageLanding' ],
    file_name: 'testng-browserstack-master/src/test/java/com/browserstack/ValidateHomePageLanding.java',
    vc_filepath: 'testng-browserstack-master/src/test/java/com/browserstack/ValidateHomePageLanding.java',
    location: 'testng-browserstack-master/src/test/java/com/browserstack/ValidateHomePageLanding.java',
    started_at: '2025-09-27T07:42:26.584Z'
  },
  logs: []
} to 5018:0
2025-09-27T07:42:26.706Z CLI info [testhub:request-queue-handler]  [arjun153]  [nyrxp3hrg8bmemf3re9mhcgvbgde1eardwtoi2mk]  [7ce0fad5-59dc-4a52-9ac5-3832818e6b68]  Added the event {
  event_type: 'LogCreated',
  logs: [
    {
      testFrameworkName: 'TestNG',
      testFrameworkVersion: '7.4.0',
      testFrameworkState: 'LOG',
      timestamp: '2025-09-27T07:42:26.700Z',
      uuid: 'ff78e3fa-a7a4-46d8-940b-69402831e0a5',
      kind: 'TEST_LOG',
      message: '"SLF4J: Failed to load class \\"org.slf4j.impl.StaticLoggerBinder\\"."',
      level: 'ERROR',
      test_run_uuid: 'ff78e3fa-a7a4-46d8-940b-69402831e0a5'
    }
  ]
} to 5018:0
2025-09-27T07:42:26.713Z CLI info [testhub:request-queue-handler]  [arjun153]  [nyrxp3hrg8bmemf3re9mhcgvbgde1eardwtoi2mk]  [7ce0fad5-59dc-4a52-9ac5-3832818e6b68]  Added the event {
  event_type: 'LogCreated',
  logs: [
    {
      testFrameworkName: 'TestNG',
      testFrameworkVersion: '7.4.0',
      testFrameworkState: 'LOG',
      timestamp: '2025-09-27T07:42:26.711Z',
      uuid: 'ff78e3fa-a7a4-46d8-940b-69402831e0a5',
      kind: 'TEST_LOG',
      message: '"SLF4J: Defaulting to no-operation (NOP) logger implementation"',
      level: 'ERROR',
      test_run_uuid: 'ff78e3fa-a7a4-46d8-940b-69402831e0a5'
    }
  ]
} to 5018:0
2025-09-27T07:42:26.718Z CLI info [testhub:request-queue-handler]  [arjun153]  [nyrxp3hrg8bmemf3re9mhcgvbgde1eardwtoi2mk]  [7ce0fad5-59dc-4a52-9ac5-3832818e6b68]  Added the event {
  event_type: 'LogCreated',
  logs: [
    {
      testFrameworkName: 'TestNG',
      testFrameworkVersion: '7.4.0',
      testFrameworkState: 'LOG',
      timestamp: '2025-09-27T07:42:26.717Z',
      uuid: 'ff78e3fa-a7a4-46d8-940b-69402831e0a5',
      kind: 'TEST_LOG',
      message: '"SLF4J: See http://www.slf4j.org/codes.html#StaticLoggerBinder for further details."',
      level: 'ERROR',
      test_run_uuid: 'ff78e3fa-a7a4-46d8-940b-69402831e0a5'
    }
  ]
} to 5018:0
2025-09-27T07:42:26.747Z CLI info [testhub:request-queue-handler]  [arjun153]  [nyrxp3hrg8bmemf3re9mhcgvbgde1eardwtoi2mk]  [7ce0fad5-59dc-4a52-9ac5-3832818e6b68]  Added the event {
  event_type: 'LogCreated',
  logs: [
    {
      testFrameworkName: 'TestNG',
      testFrameworkVersion: '7.4.0',
      testFrameworkState: 'LOG',
      timestamp: '2025-09-27T07:42:26.745Z',
      uuid: 'ff78e3fa-a7a4-46d8-940b-69402831e0a5',
      kind: 'TEST_LOG',
      message: '"WARNING: sun.reflect.Reflection.getCallerClass is not supported. This will impact performance."',
      level: 'INFO',
      test_run_uuid: 'ff78e3fa-a7a4-46d8-940b-69402831e0a5'
    }
  ]
} to 5018:0
2025-09-27T07:42:28.411Z CLI info [testhub:request-queue-handler]  [arjun153]  [nyrxp3hrg8bmemf3re9mhcgvbgde1eardwtoi2mk]  [7ce0fad5-59dc-4a52-9ac5-3832818e6b68]  Processing batch event [
  {
    event_type: 'HookRunStarted',
    hook_run: {
      type: 'hook',
      hook_type: 'BEFORE_METHOD',
      framework: 'TestNG',
      uuid: 'ff78e3fa-a7a4-46d8-940b-69402831e0a5',
      name: 'setUp',
      result: 'pending',
      test_run_id: '7ca438dc-10ef-46d7-9194-a3a268f01222',
      body: [Object],
      scope: 'Default Suite.com.browserstack.ValidateHomePageLanding',
      custom_metadata: {},
      tags: [],
      scopes: [Array],
      file_name: 'testng-browserstack-master/src/test/java/com/browserstack/ValidateHomePageLanding.java',
      vc_filepath: 'testng-browserstack-master/src/test/java/com/browserstack/ValidateHomePageLanding.java',
      location: 'testng-browserstack-master/src/test/java/com/browserstack/ValidateHomePageLanding.java',
      started_at: '2025-09-27T07:42:26.584Z'
    },
    logs: []
  },
  { event_type: 'LogCreated', logs: [ [Object] ] },
  { event_type: 'LogCreated', logs: [ [Object] ] },
  { event_type: 'LogCreated', logs: [ [Object] ] },
  { event_type: 'LogCreated', logs: [ [Object] ] }
] to 5018:0
2025-09-27T07:42:28.412Z CLI info  [arjun153]  [nyrxp3hrg8bmemf3re9mhcgvbgde1eardwtoi2mk]  [7ce0fad5-59dc-4a52-9ac5-3832818e6b68]  [PRODUCTION] Making POST request to https://collector-observability.browserstack.com
2025-09-27T07:42:33.355Z CLI info [testhub:request-queue-handler]  [arjun153]  [nyrxp3hrg8bmemf3re9mhcgvbgde1eardwtoi2mk]  [7ce0fad5-59dc-4a52-9ac5-3832818e6b68]  Added the event {
  event_type: 'HookRunFinished',
  hook_run: {
    type: 'hook',
    hook_type: 'BEFORE_METHOD',
    framework: 'TestNG',
    uuid: 'ff78e3fa-a7a4-46d8-940b-69402831e0a5',
    name: 'setUp',
    result: 'passed',
    test_run_id: '7ca438dc-10ef-46d7-9194-a3a268f01222',
    body: { lang: 'java', code: null },
    scope: 'Default Suite.com.browserstack.ValidateHomePageLanding',
    custom_metadata: {},
    tags: [],
    scopes: [ 'Default Suite', 'com.browserstack.ValidateHomePageLanding' ],
    file_name: 'testng-browserstack-master/src/test/java/com/browserstack/ValidateHomePageLanding.java',
    vc_filepath: 'testng-browserstack-master/src/test/java/com/browserstack/ValidateHomePageLanding.java',
    location: 'testng-browserstack-master/src/test/java/com/browserstack/ValidateHomePageLanding.java',
    started_at: '2025-09-27T07:42:26.584Z',
    finished_at: '2025-09-27T07:42:33.353Z'
  },
  logs: []
} to 5018:0
2025-09-27T07:42:33.387Z CLI info [testhub:request-queue-handler]  [arjun153]  [nyrxp3hrg8bmemf3re9mhcgvbgde1eardwtoi2mk]  [7ce0fad5-59dc-4a52-9ac5-3832818e6b68]  Added the event {
  event_type: 'CBTSessionCreated',
  test_run: {
    uuid: '81d27d9c-f294-4a8f-af30-ed95a89ebc03',
    integrations: { browserstack: [Object] }
  }
} to 5018:0
2025-09-27T07:42:33.393Z CLI info [testhub:request-queue-handler]  [arjun153]  [nyrxp3hrg8bmemf3re9mhcgvbgde1eardwtoi2mk]  [7ce0fad5-59dc-4a52-9ac5-3832818e6b68]  Added the event {
  event_type: 'TestRunStarted',
  test_run: {
    type: 'test',
    framework: 'TestNG',
    uuid: '81d27d9c-f294-4a8f-af30-ed95a89ebc03',
    name: 'homeValidation',
    body: {
      lang: 'java',
      code: 'public void com.browserstack.ValidateHomePageLanding.homeValidation() throws java.lang.Exception'
    },
    identifier: 'homeValidation',
    scope: 'Default Suite.com.browserstack.ValidateHomePageLanding',
    scopes: [ 'Default Suite', 'com.browserstack.ValidateHomePageLanding' ],
    file_name: 'src/test/java/com/browserstack/ValidateHomePageLanding.java',
    vc_filepath: 'src/test/java/com/browserstack/ValidateHomePageLanding.java',
    location: 'src/test/java/com/browserstack/ValidateHomePageLanding.java',
    meta: {},
    result: 'pending',
    duration_in_ms: null,
    started_at: '2025-09-27T07:42:33.366Z',
    failure: undefined,
    failure_type: undefined,
    failure_reason: undefined,
    retry_of: null,
    custom_metadata: {},
    tags: [],
    customRerunParam: { rerun_name: 'testng-browserstack-master-0' },
    hooks: [],
    product_map: {
      observability: true,
      accessibility: false,
      percy: false,
      automate: true,
      app_automate: false
    }
  },
  logs: []
} to 5018:0
2025-09-27T07:42:34.414Z CLI info [testhub:request-queue-handler]  [arjun153]  [nyrxp3hrg8bmemf3re9mhcgvbgde1eardwtoi2mk]  [7ce0fad5-59dc-4a52-9ac5-3832818e6b68]  Processing batch event [
  {
    event_type: 'HookRunFinished',
    hook_run: {
      type: 'hook',
      hook_type: 'BEFORE_METHOD',
      framework: 'TestNG',
      uuid: 'ff78e3fa-a7a4-46d8-940b-69402831e0a5',
      name: 'setUp',
      result: 'passed',
      test_run_id: '7ca438dc-10ef-46d7-9194-a3a268f01222',
      body: [Object],
      scope: 'Default Suite.com.browserstack.ValidateHomePageLanding',
      custom_metadata: {},
      tags: [],
      scopes: [Array],
      file_name: 'testng-browserstack-master/src/test/java/com/browserstack/ValidateHomePageLanding.java',
      vc_filepath: 'testng-browserstack-master/src/test/java/com/browserstack/ValidateHomePageLanding.java',
      location: 'testng-browserstack-master/src/test/java/com/browserstack/ValidateHomePageLanding.java',
      started_at: '2025-09-27T07:42:26.584Z',
      finished_at: '2025-09-27T07:42:33.353Z'
    },
    logs: []
  },
  {
    event_type: 'CBTSessionCreated',
    test_run: {
      uuid: '81d27d9c-f294-4a8f-af30-ed95a89ebc03',
      integrations: [Object]
    }
  },
  {
    event_type: 'TestRunStarted',
    test_run: {
      type: 'test',
      framework: 'TestNG',
      uuid: '81d27d9c-f294-4a8f-af30-ed95a89ebc03',
      name: 'homeValidation',
      body: [Object],
      identifier: 'homeValidation',
      scope: 'Default Suite.com.browserstack.ValidateHomePageLanding',
      scopes: [Array],
      file_name: 'src/test/java/com/browserstack/ValidateHomePageLanding.java',
      vc_filepath: 'src/test/java/com/browserstack/ValidateHomePageLanding.java',
      location: 'src/test/java/com/browserstack/ValidateHomePageLanding.java',
      meta: {},
      result: 'pending',
      duration_in_ms: null,
      started_at: '2025-09-27T07:42:33.366Z',
      failure: undefined,
      failure_type: undefined,
      failure_reason: undefined,
      retry_of: null,
      custom_metadata: {},
      tags: [],
      customRerunParam: [Object],
      hooks: [],
      product_map: [Object]
    },
    logs: []
  }
] to 5018:0
2025-09-27T07:42:34.416Z CLI info  [arjun153]  [nyrxp3hrg8bmemf3re9mhcgvbgde1eardwtoi2mk]  [7ce0fad5-59dc-4a52-9ac5-3832818e6b68]  [PRODUCTION] Making POST request to https://collector-observability.browserstack.com
2025-09-27T07:42:47.245Z CLI warn [TEST REPORTING AND ANALYTICS:java:testng]  [arjun153]  [nyrxp3hrg8bmemf3re9mhcgvbgde1eardwtoi2mk]  [7ce0fad5-59dc-4a52-9ac5-3832818e6b68]  TestRunFinished: event={"test_hook_last_started":"BEFORE_METHOD","test_failure_type":"UnhandledError","test_rerun_name":"testng-browserstack-master-0","test_result_at":"2025-09-27T13:12:44.719273","test_scope":"Default Suite.com.browserstack.ValidateHomePageLanding","test_framework_name":"TestNG","test_tags":"","cbt_session_created":true,"test_started_at":"2025-09-27T13:12:33.366304","platform_index":0,"test_failure":[{"backtrace":["org.openqa.selenium.NoSuchElementException: no such element: Unable to locate element: {\"method\":\"xpath\",\"selector\":\"//*[@id=\"signin\"]\"}","  (Session info: chrome=136.0.7103.49)","For documentation on this error, please visit: https://selenium.dev/exceptions/#no_such_element","Build info: version: '4.1.4', revision: '535d840ee2'","System info: host: 'ArjunBM-MBP', ip: 'fe80:0:0:0:182d:cf7c:3d1:e5e6%en0', os.name: 'Mac OS X', os.arch: 'aarch64', os.version: '15.7', java.version: '24.0.2'","Driver info: org.openqa.selenium.chrome.ChromeDriver","Command: [7d0ce479bc64a3323d04b16091883d03e122cf1b, findElement {using=xpath, value=//*[@id=\"signin\"]}]","Capabilities {acceptInsecureCerts: true, browserName: chrome, browserVersion: 136.0.7103.49, chrome: {chromedriverVersion: 136.0.7103.49 (031848bc6ad0..., userDataDir: C:\\Windows\\proxy\\scoped_dir...}, fedcm:accounts: true, goog:chromeOptions: {debuggerAddress: localhost:9222}, javascriptEnabled: true, networkConnectionEnabled: false, optimalHubUrl: hub-aps.browserstack.com, pageLoadStrategy: normal, platform: WINDOWS, platformName: WINDOWS, proxy: Proxy(), setWindowRect: true, strictFileInteractability: false, timeouts: {implicit: 0, pageLoad: 300000, script: 30000}, unhandledPromptBehavior: dismiss and notify, webauthn:extension:credBlob: true, webauthn:extension:largeBlob: true, webauthn:extension:minPinLength: true, webauthn:extension:prf: true, webauthn:virtualAuthenticators: true, webdriver.remote.sessionid: 7d0ce479bc64a3323d04b160918...}","Session ID: 7d0ce479bc64a3323d04b16091883d03e122cf1b","\tat java.base/jdk.internal.reflect.DirectConstructorHandleAccessor.newInstance(DirectConstructorHandleAccessor.java:62)","\tat java.base/java.lang.reflect.Constructor.newInstanceWithCaller(Constructor.java:499)","\tat java.base/java.lang.reflect.Constructor.newInstance(Constructor.java:483)","\tat org.openqa.selenium.remote.codec.w3c.W3CHttpResponseCodec.createException(W3CHttpResponseCodec.java:200)","\tat org.openqa.selenium.remote.codec.w3c.W3CHttpResponseCodec.decode(W3CHttpResponseCodec.java:133)","\tat org.openqa.selenium.remote.codec.w3c.W3CHttpResponseCodec.decode(W3CHttpResponseCodec.java:53)","\tat org.openqa.selenium.remote.HttpCommandExecutor.execute(HttpCommandExecutor.java:184)","\tat org.openqa.selenium.remote.RemoteWebDriver.execute(RemoteWebDriver.java:567)","\tat org.openqa.selenium.remote.ElementLocation$ElementFinder$2.findElement(ElementLocation.java:162)","\tat org.openqa.selenium.remote.ElementLocation.findElement(ElementLocation.java:60)","\tat org.openqa.selenium.remote.RemoteWebDriver.findElement(RemoteWebDriver.java:385)","\tat org.openqa.selenium.remote.RemoteWebDriver.findElement(RemoteWebDriver.java:377)","\tat com.browserstack.ValidateHomePageLanding.homeValidation(ValidateHomePageLanding.java:23)","\tat java.base/jdk.internal.reflect.DirectMethodHandleAccessor.invoke(DirectMethodHandleAccessor.java:104)","\tat java.base/java.lang.reflect.Method.invoke(Method.java:565)","\tat org.testng.internal.MethodInvocationHelper.invokeMethod(MethodInvocationHelper.java:133)","\tat org.testng.internal.TestInvoker.invokeMethod(TestInvoker.java:598)","\tat org.testng.internal.TestInvoker.invokeTestMethod(TestInvoker.java:173)","\tat org.testng.internal.MethodRunner.runInSequence(MethodRunner.java:46)","\tat org.testng.internal.TestInvoker$MethodInvocationAgent.invoke(TestInvoker.java:824)","\tat org.testng.internal.TestInvoker.invokeTestMethods(TestInvoker.java:146)","\tat org.testng.internal.TestMethodWorker.invokeTestMethods(TestMethodWorker.java:146)","\tat org.testng.internal.TestMethodWorker.run(TestMethodWorker.java:128)","\tat java.base/java.util.ArrayList.forEach(ArrayList.java:1604)","\tat org.testng.TestRunner.privateRun(TestRunner.java:794)","\tat org.testng.TestRunner.run(TestRunner.java:596)","\tat org.testng.SuiteRunner.runTest(SuiteRunner.java:377)","\tat org.testng.SuiteRunner.access$000(SuiteRunner.java:28)","\tat org.testng.SuiteRunner$SuiteWorker.run(SuiteRunner.java:418)","\tat org.testng.internal.thread.ThreadUtil.lambda$execute$0(ThreadUtil.java:64)","\tat java.base/java.util.concurrent.FutureTask.run$$$capture(FutureTask.java:328)","\tat java.base/java.util.concurrent.FutureTask.run(FutureTask.java)","\tat --- Async.Stack.Trace --- (captured by IntelliJ IDEA debugger)","\tat java.base/java.util.concurrent.FutureTask.<init>(FutureTask.java:134)","\tat java.base/java.util.concurrent.AbstractExecutorService.newTaskFor(AbstractExecutorService.java:113)","\tat java.base/java.util.concurrent.AbstractExecutorService.invokeAll(AbstractExecutorService.java:305)","\tat org.testng.internal.thread.ThreadUtil.execute(ThreadUtil.java:70)","\tat org.testng.SuiteRunner.runInParallelTestMode(SuiteRunner.java:397)","\tat org.testng.SuiteRunner.privateRun(SuiteRunner.java:330)","\tat org.testng.SuiteRunner.run(SuiteRunner.java:276)","\tat org.testng.SuiteRunnerWorker.runSuite(SuiteRunnerWorker.java:53)","\tat org.testng.SuiteRunnerWorker.run(SuiteRunnerWorker.java:96)","\tat org.testng.TestNG.runSuitesSequentially(TestNG.java:1212)","\tat org.testng.TestNG.runSuitesLocally(TestNG.java:1134)","\tat org.testng.TestNG.runSuites(TestNG.java:1063)","\tat org.testng.TestNG.run(TestNG.java:1031)","\tat com.intellij.rt.testng.IDEARemoteTestNG.run(IDEARemoteTestNG.java:65)","\tat com.intellij.rt.testng.RemoteTestNGStarter.main(RemoteTestNGStarter.java:105)"]}],"test_framework_version":"7.4.0","test_logs":[],"test_scopes":["Default Suite","com.browserstack.ValidateHomePageLanding"],"test_code":"public void com.browserstack.ValidateHomePageLanding.homeValidation() throws java.lang.Exception","test_id":"testng-browserstack-master-0@0","test_uuid":"81d27d9c-f294-4a8f-af30-ed95a89ebc03","test_ended_at":"2025-09-27T13:12:44.721639","automate_session_name":"testng-browserstack-master-00","test_hook_last_finished":"BEFORE_METHOD","test_session_name":"com.browserstack.ValidateHomePageLanding-homeValidation","test_hook_state":"sdk:hook:66059fcb","custom_metadata":{},"test_failure_reason":"org.openqa.selenium.NoSuchElementException: no such element: Unable to locate element: {\"method\":\"xpath\",\"selector\":\"//*[@id=\"signin\"]\"}\n  (Session info: chrome=136.0.7103.49)\nFor documentation on this error, please visit: https://selenium.dev/exceptions/#no_such_element\nBuild info: version: '4.1.4', revision: '535d840ee2'\nSystem info: host: 'ArjunBM-MBP', ip: 'fe80:0:0:0:182d:cf7c:3d1:e5e6%en0', os.name: 'Mac OS X', os.arch: 'aarch64', os.version: '15.7', java.version: '24.0.2'\nDriver info: org.openqa.selenium.chrome.ChromeDriver\nCommand: [7d0ce479bc64a3323d04b16091883d03e122cf1b, findElement {using=xpath, value=//*[@id=\"signin\"]}]\nCapabilities {acceptInsecureCerts: true, browserName: chrome, browserVersion: 136.0.7103.49, chrome: {chromedriverVersion: 136.0.7103.49 (031848bc6ad0..., userDataDir: C:\\Windows\\proxy\\scoped_dir...}, fedcm:accounts: true, goog:chromeOptions: {debuggerAddress: localhost:9222}, javascriptEnabled: true, networkConnectionEnabled: false, optimalHubUrl: hub-aps.browserstack.com, pageLoadStrategy: normal, platform: WINDOWS, platformName: WINDOWS, proxy: Proxy(), setWindowRect: true, strictFileInteractability: false, timeouts: {implicit: 0, pageLoad: 300000, script: 30000}, unhandledPromptBehavior: dismiss and notify, webauthn:extension:credBlob: true, webauthn:extension:largeBlob: true, webauthn:extension:minPinLength: true, webauthn:extension:prf: true, webauthn:virtualAuthenticators: true, webdriver.remote.sessionid: 7d0ce479bc64a3323d04b160918...}\nSession ID: 7d0ce479bc64a3323d04b16091883d03e122cf1b","test_location":"src/test/java/com/browserstack/ValidateHomePageLanding.java","test_hooks_started":{"BEFORE_METHOD":[]},"test_file_path":"src/test/java/com/browserstack/ValidateHomePageLanding.java","test_result":"failed","test_hooks_finished":{"BEFORE_METHOD":[{"hook_name":"setUp","hook_result":"passed","test_file_path":"testng-browserstack-master/src/test/java/com/browserstack/ValidateHomePageLanding.java","event_started_at":"2025-09-27T13:12:26.584802","hook_id":"ff78e3fa-a7a4-46d8-940b-69402831e0a5","hook_logs":[],"logs":[],"key":"BEFORE_METHOD","custom_metadata":{},"event_ended_at":"2025-09-27T13:12:33.353166","test_location":"testng-browserstack-master/src/test/java/com/browserstack/ValidateHomePageLanding.java"}]},"hook_id":"ff78e3fa-a7a4-46d8-940b-69402831e0a5","test_meta":{},"isBrowserstackAutomationSession":true,"test_name":"homeValidation","logs":[]}
2025-09-27T07:42:47.246Z CLI info [testhub:request-queue-handler]  [arjun153]  [nyrxp3hrg8bmemf3re9mhcgvbgde1eardwtoi2mk]  [7ce0fad5-59dc-4a52-9ac5-3832818e6b68]  Added the event {
  event_type: 'TestRunFinished',
  test_run: {
    type: 'test',
    framework: 'TestNG',
    uuid: '81d27d9c-f294-4a8f-af30-ed95a89ebc03',
    name: 'homeValidation',
    body: {
      lang: 'java',
      code: 'public void com.browserstack.ValidateHomePageLanding.homeValidation() throws java.lang.Exception'
    },
    identifier: 'homeValidation',
    scope: 'Default Suite.com.browserstack.ValidateHomePageLanding',
    scopes: [ 'Default Suite', 'com.browserstack.ValidateHomePageLanding' ],
    file_name: 'src/test/java/com/browserstack/ValidateHomePageLanding.java',
    vc_filepath: 'src/test/java/com/browserstack/ValidateHomePageLanding.java',
    location: 'src/test/java/com/browserstack/ValidateHomePageLanding.java',
    meta: {},
    result: 'failed',
    duration_in_ms: 11355,
    started_at: '2025-09-27T07:42:33.366Z',
    finished_at: '2025-09-27T07:42:44.721Z',
    failure: [ [Object] ],
    failure_type: 'UnhandledError',
    failure_reason: 'org.openqa.selenium.NoSuchElementException: no such element: Unable to locate element: {"method":"xpath","selector":"//*[@id="signin"]"}\n' +
      '  (Session info: chrome=136.0.7103.49)\n' +
      'For documentation on this error, please visit: https://selenium.dev/exceptions/#no_such_element\n' +
      "Build info: version: '4.1.4', revision: '535d840ee2'\n" +
      "System info: host: 'ArjunBM-MBP', ip: 'fe80:0:0:0:182d:cf7c:3d1:e5e6%en0', os.name: 'Mac OS X', os.arch: 'aarch64', os.version: '15.7', java.version: '24.0.2'\n" +
      'Driver info: org.openqa.selenium.chrome.ChromeDriver\n' +
      'Command: [7d0ce479bc64a3323d04b16091883d03e122cf1b, findElement {using=xpath, value=//*[@id="signin"]}]\n' +
      'Capabilities {acceptInsecureCerts: true, browserName: chrome, browserVersion: 136.0.7103.49, chrome: {chromedriverVersion: 136.0.7103.49 (031848bc6ad0..., userDataDir: C:\\Windows\\proxy\\scoped_dir...}, fedcm:accounts: true, goog:chromeOptions: {debuggerAddress: localhost:9222}, javascriptEnabled: true, networkConnectionEnabled: false, optimalHubUrl: hub-aps.browserstack.com, pageLoadStrategy: normal, platform: WINDOWS, platformName: WINDOWS, proxy: Proxy(), setWindowRect: true, strictFileInteractability: false, timeouts: {implicit: 0, pageLoad: 300000, script: 30000}, unhandledPromptBehavior: dismiss and notify, webauthn:extension:credBlob: true, webauthn:extension:largeBlob: true, webauthn:extension:minPinLength: true, webauthn:extension:prf: true, webauthn:virtualAuthenticators: true, webdriver.remote.sessionid: 7d0ce479bc64a3323d04b160918...}\n' +
      'Session ID: 7d0ce479bc64a3323d04b16091883d03e122cf1b',
    retry_of: null,
    custom_metadata: {},
    tags: [],
    customRerunParam: { rerun_name: 'testng-browserstack-master-0' },
    hooks: [ 'ff78e3fa-a7a4-46d8-940b-69402831e0a5' ],
    product_map: {
      observability: true,
      accessibility: false,
      percy: false,
      automate: true,
      app_automate: false
    }
  },
  logs: []
} to 5018:0
2025-09-27T07:42:47.264Z CLI info [testhub:request-queue-handler]  [arjun153]  [nyrxp3hrg8bmemf3re9mhcgvbgde1eardwtoi2mk]  [7ce0fad5-59dc-4a52-9ac5-3832818e6b68]  Added the event {
  event_type: 'HookRunStarted',
  hook_run: {
    type: 'hook',
    hook_type: 'AFTER_METHOD',
    framework: 'TestNG',
    uuid: '0946ad8d-645a-454e-917f-ab99b4fe6a14',
    name: 'tearDown',
    result: 'pending',
    test_run_id: '81d27d9c-f294-4a8f-af30-ed95a89ebc03',
    body: { lang: 'java', code: null },
    scope: 'Default Suite.com.browserstack.ValidateHomePageLanding',
    custom_metadata: {},
    tags: [],
    scopes: [ 'Default Suite', 'com.browserstack.ValidateHomePageLanding' ],
    file_name: 'testng-browserstack-master/src/test/java/com/browserstack/ValidateHomePageLanding.java',
    vc_filepath: 'testng-browserstack-master/src/test/java/com/browserstack/ValidateHomePageLanding.java',
    location: 'testng-browserstack-master/src/test/java/com/browserstack/ValidateHomePageLanding.java',
    started_at: '2025-09-27T07:42:47.260Z'
  },
  logs: []
} to 5018:0
2025-09-27T07:42:48.425Z CLI info [testhub:request-queue-handler]  [arjun153]  [nyrxp3hrg8bmemf3re9mhcgvbgde1eardwtoi2mk]  [7ce0fad5-59dc-4a52-9ac5-3832818e6b68]  Processing batch event [
  {
    event_type: 'TestRunFinished',
    test_run: {
      type: 'test',
      framework: 'TestNG',
      uuid: '81d27d9c-f294-4a8f-af30-ed95a89ebc03',
      name: 'homeValidation',
      body: [Object],
      identifier: 'homeValidation',
      scope: 'Default Suite.com.browserstack.ValidateHomePageLanding',
      scopes: [Array],
      file_name: 'src/test/java/com/browserstack/ValidateHomePageLanding.java',
      vc_filepath: 'src/test/java/com/browserstack/ValidateHomePageLanding.java',
      location: 'src/test/java/com/browserstack/ValidateHomePageLanding.java',
      meta: {},
      result: 'failed',
      duration_in_ms: 11355,
      started_at: '2025-09-27T07:42:33.366Z',
      finished_at: '2025-09-27T07:42:44.721Z',
      failure: [Array],
      failure_type: 'UnhandledError',
      failure_reason: 'org.openqa.selenium.NoSuchElementException: no such element: Unable to locate element: {"method":"xpath","selector":"//*[@id="signin"]"}\n' +
        '  (Session info: chrome=136.0.7103.49)\n' +
        'For documentation on this error, please visit: https://selenium.dev/exceptions/#no_such_element\n' +
        "Build info: version: '4.1.4', revision: '535d840ee2'\n" +
        "System info: host: 'ArjunBM-MBP', ip: 'fe80:0:0:0:182d:cf7c:3d1:e5e6%en0', os.name: 'Mac OS X', os.arch: 'aarch64', os.version: '15.7', java.version: '24.0.2'\n" +
        'Driver info: org.openqa.selenium.chrome.ChromeDriver\n' +
        'Command: [7d0ce479bc64a3323d04b16091883d03e122cf1b, findElement {using=xpath, value=//*[@id="signin"]}]\n' +
        'Capabilities {acceptInsecureCerts: true, browserName: chrome, browserVersion: 136.0.7103.49, chrome: {chromedriverVersion: 136.0.7103.49 (031848bc6ad0..., userDataDir: C:\\Windows\\proxy\\scoped_dir...}, fedcm:accounts: true, goog:chromeOptions: {debuggerAddress: localhost:9222}, javascriptEnabled: true, networkConnectionEnabled: false, optimalHubUrl: hub-aps.browserstack.com, pageLoadStrategy: normal, platform: WINDOWS, platformName: WINDOWS, proxy: Proxy(), setWindowRect: true, strictFileInteractability: false, timeouts: {implicit: 0, pageLoad: 300000, script: 30000}, unhandledPromptBehavior: dismiss and notify, webauthn:extension:credBlob: true, webauthn:extension:largeBlob: true, webauthn:extension:minPinLength: true, webauthn:extension:prf: true, webauthn:virtualAuthenticators: true, webdriver.remote.sessionid: 7d0ce479bc64a3323d04b160918...}\n' +
        'Session ID: 7d0ce479bc64a3323d04b16091883d03e122cf1b',
      retry_of: null,
      custom_metadata: {},
      tags: [],
      customRerunParam: [Object],
      hooks: [Array],
      product_map: [Object]
    },
    logs: []
  },
  {
    event_type: 'HookRunStarted',
    hook_run: {
      type: 'hook',
      hook_type: 'AFTER_METHOD',
      framework: 'TestNG',
      uuid: '0946ad8d-645a-454e-917f-ab99b4fe6a14',
      name: 'tearDown',
      result: 'pending',
      test_run_id: '81d27d9c-f294-4a8f-af30-ed95a89ebc03',
      body: [Object],
      scope: 'Default Suite.com.browserstack.ValidateHomePageLanding',
      custom_metadata: {},
      tags: [],
      scopes: [Array],
      file_name: 'testng-browserstack-master/src/test/java/com/browserstack/ValidateHomePageLanding.java',
      vc_filepath: 'testng-browserstack-master/src/test/java/com/browserstack/ValidateHomePageLanding.java',
      location: 'testng-browserstack-master/src/test/java/com/browserstack/ValidateHomePageLanding.java',
      started_at: '2025-09-27T07:42:47.260Z'
    },
    logs: []
  }
] to 5018:0
2025-09-27T07:42:48.428Z CLI info  [arjun153]  [nyrxp3hrg8bmemf3re9mhcgvbgde1eardwtoi2mk]  [7ce0fad5-59dc-4a52-9ac5-3832818e6b68]  [PRODUCTION] Making POST request to https://collector-observability.browserstack.com
2025-09-27T07:42:48.655Z CLI info [testhub:request-queue-handler]  [arjun153]  [nyrxp3hrg8bmemf3re9mhcgvbgde1eardwtoi2mk]  [7ce0fad5-59dc-4a52-9ac5-3832818e6b68]  Added the event {
  event_type: 'HookRunFinished',
  hook_run: {
    type: 'hook',
    hook_type: 'AFTER_METHOD',
    framework: 'TestNG',
    uuid: '0946ad8d-645a-454e-917f-ab99b4fe6a14',
    name: 'tearDown',
    result: 'passed',
    test_run_id: '81d27d9c-f294-4a8f-af30-ed95a89ebc03',
    body: { lang: 'java', code: null },
    scope: 'Default Suite.com.browserstack.ValidateHomePageLanding',
    custom_metadata: {},
    tags: [],
    scopes: [ 'Default Suite', 'com.browserstack.ValidateHomePageLanding' ],
    file_name: 'testng-browserstack-master/src/test/java/com/browserstack/ValidateHomePageLanding.java',
    vc_filepath: 'testng-browserstack-master/src/test/java/com/browserstack/ValidateHomePageLanding.java',
    location: 'testng-browserstack-master/src/test/java/com/browserstack/ValidateHomePageLanding.java',
    started_at: '2025-09-27T07:42:47.260Z',
    finished_at: '2025-09-27T07:42:48.652Z'
  },
  logs: []
} to 5018:0
2025-09-27T07:42:49.683Z CLI info  [arjun153]  [nyrxp3hrg8bmemf3re9mhcgvbgde1eardwtoi2mk]  [7ce0fad5-59dc-4a52-9ac5-3832818e6b68]  [PRODUCTION] Making POST request to https://collector-observability.browserstack.com
2025-09-27T07:42:50.426Z CLI info [testhub:request-queue-handler]  [arjun153]  [nyrxp3hrg8bmemf3re9mhcgvbgde1eardwtoi2mk]  [7ce0fad5-59dc-4a52-9ac5-3832818e6b68]  Processing batch event [
  {
    event_type: 'HookRunFinished',
    hook_run: {
      type: 'hook',
      hook_type: 'AFTER_METHOD',
      framework: 'TestNG',
      uuid: '0946ad8d-645a-454e-917f-ab99b4fe6a14',
      name: 'tearDown',
      result: 'passed',
      test_run_id: '81d27d9c-f294-4a8f-af30-ed95a89ebc03',
      body: [Object],
      scope: 'Default Suite.com.browserstack.ValidateHomePageLanding',
      custom_metadata: {},
      tags: [],
      scopes: [Array],
      file_name: 'testng-browserstack-master/src/test/java/com/browserstack/ValidateHomePageLanding.java',
      vc_filepath: 'testng-browserstack-master/src/test/java/com/browserstack/ValidateHomePageLanding.java',
      location: 'testng-browserstack-master/src/test/java/com/browserstack/ValidateHomePageLanding.java',
      started_at: '2025-09-27T07:42:47.260Z',
      finished_at: '2025-09-27T07:42:48.652Z'
    },
    logs: []
  }
] to 5018:0
2025-09-27T07:42:50.629Z CLI info  [arjun153]  [nyrxp3hrg8bmemf3re9mhcgvbgde1eardwtoi2mk]  [7ce0fad5-59dc-4a52-9ac5-3832818e6b68]  [PRODUCTION] Making POST request to https://collector-observability.browserstack.com
2025-09-27T07:42:50.630Z CLI error [testhub:module]  [arjun153]  [nyrxp3hrg8bmemf3re9mhcgvbgde1eardwtoi2mk]  [7ce0fad5-59dc-4a52-9ac5-3832818e6b68]  [collectBuildData] Exception in collecting build data for build UUID nyrxp3hrg8bmemf3re9mhcgvbgde1eardwtoi2mk: {"message":"Build data collection started"}
2025-09-27T07:42:51.645Z CLI info  [arjun153]  [nyrxp3hrg8bmemf3re9mhcgvbgde1eardwtoi2mk]  [7ce0fad5-59dc-4a52-9ac5-3832818e6b68]  [PRODUCTION] Making PUT request to https://collector-observability.browserstack.com
2025-09-27T07:42:52.562Z CLI info [testhub:module]  [arjun153]  [nyrxp3hrg8bmemf3re9mhcgvbgde1eardwtoi2mk]  [7ce0fad5-59dc-4a52-9ac5-3832818e6b68]  stopBuild: nyrxp3hrg8bmemf3re9mhcgvbgde1eardwtoi2mk request={"finished_at":"2025-09-27T07:42:49.682Z","finished_metadata":[],"custom_metadata":{}} response={"data":""}
2025-09-27T07:42:52.564Z CLI info  [arjun153]  [nyrxp3hrg8bmemf3re9mhcgvbgde1eardwtoi2mk]  [7ce0fad5-59dc-4a52-9ac5-3832818e6b68]  [PRODUCTION] Making POST request to https://api.browserstack.com
2025-09-27T07:42:52.567Z CLI info [TEST REPORTING AND ANALYTICS:module]  [arjun153]  [nyrxp3hrg8bmemf3re9mhcgvbgde1eardwtoi2mk]  [7ce0fad5-59dc-4a52-9ac5-3832818e6b68]  Visit https://automation.browserstack.com/builds/nyrxp3hrg8bmemf3re9mhcgvbgde1eardwtoi2mk to view build report, insights, and many more debugging information all at one place!
2025-09-27T07:42:56.643Z CLI info  [arjun153]  [nyrxp3hrg8bmemf3re9mhcgvbgde1eardwtoi2mk]  [7ce0fad5-59dc-4a52-9ac5-3832818e6b68]  [PRODUCTION] Making GET request to https://api.browserstack.com
2025-09-27T07:42:57.638Z CLI info  [arjun153]  [nyrxp3hrg8bmemf3re9mhcgvbgde1eardwtoi2mk]  [7ce0fad5-59dc-4a52-9ac5-3832818e6b68]  [PRODUCTION] Making POST request to https://eds.browserstack.com
2025-09-27T07:42:58.965Z CLI info [main]  [arjun153]  [nyrxp3hrg8bmemf3re9mhcgvbgde1eardwtoi2mk]  [7ce0fad5-59dc-4a52-9ac5-3832818e6b68]  Received graceful signal termination, performing cleanup
2025-09-27T07:44:26.610Z CLI info [main]     Server listening on port: 5400
2025-09-27T07:44:26.832Z CLI info     Config : {"userName":"arjun153","accessKey":"pBUjJCeGYhbsRaET7AUb","framework":"testng","platforms":[{"os":"Windows","osVersion":"10","browserName":"Chrome","browserVersion":"136.0"}],"parallelsPerPlatform":1,"browserstackLocal":true,"buildName":"testathon_Arjun Build","projectName":"testathon_Arjun","CUSTOM_TAG_1":"testathon_Arjun_tag","networkLogs":true,"consoleLogs":"info","percy":false,"percyCaptureMode":"auto"}
2025-09-27T07:44:26.840Z CLI info [testhub:module]  [arjun153]   [b7e23572-6578-4852-a6e4-f0ed48342c58]  Starting testhub from 5676:0
2025-09-27T07:44:26.840Z CLI info [testhub:module]  [arjun153]   [b7e23572-6578-4852-a6e4-f0ed48342c58]  startBuild: payload=

{"started_at":"2025-09-27T07:44:26.840Z","host_info":{"hostname":"ArjunBM-MBP","platform":"darwin","type":"Darwin","version":"Darwin Kernel Version 24.6.0: Mon Aug 11 21:16:21 PDT 2025; root:xnu-11417.140.69.701.11~1/RELEASE_ARM64_T6000","arch":"arm64"},"ci_info":{"build_number":null},"version_control":{"name":"git","sha":"9683b848705b6f79390d112cbf50da21b1156b15","short_sha":"9683b84870","branch":"main","tag":null,"committer":"arjun <arjunbm13@gmail.com>","committer_date":"2025-09-27T07:26:24.000Z","author":"arjun <arjunbm13@gmail.com>","author_date":"2025-09-27T07:26:24.000Z","commit_message":"Initial files commit","root":"/Users/arjun/Downloads/testng-browserstack-master","common_git_dir":"/Users/arjun/Downloads/testng-browserstack-master/.git","worktree_git_dir":"/Users/arjun/Downloads/testng-browserstack-master/.git","last_tag":null,"commits_since_last_tag":0,"remotes":[{"name":"origin","url":"https://github.com/arjunbm13/testng-browserstack-master.git"}]},"project_name":"testathon_Arjun","name":"testathon_Arjun Build","build_identifier":"#8","build_run_identifier":null,"description":"","tags":["testathon_Arjun_tag"],"failed_tests_rerun":false,"accessibility":{"settings":{}},"framework_details":{"frameworkName":"TestNG","frameworkVersion":"7.4.0","sdkVersion":"1.41.1","cliVersion":"1.6.23","language":"java","testFramework":{"name":"selenium","version":"4.1.4"}},"product_map":{"observability":true,"accessibility":null,"percy":false,"automate":true,"app_automate":false},"browserstackAutomation":true,"test_orchestration":{}}
2025-09-27T07:44:26.840Z CLI info  [arjun153]   [b7e23572-6578-4852-a6e4-f0ed48342c58]  [PRODUCTION] Making POST request to https://sdk.browserstack.com
2025-09-27T07:44:27.573Z CLI info [testhub:module]  [arjun153]   [b7e23572-6578-4852-a6e4-f0ed48342c58]  startBuild: response=woc82mvcbypxrgz0m8bx5kuaxjd2d2ileirfcwjs
2025-09-27T07:44:27.574Z CLI info  [arjun153]  [woc82mvcbypxrgz0m8bx5kuaxjd2d2ileirfcwjs]  [b7e23572-6578-4852-a6e4-f0ed48342c58]  [PRODUCTION] Making POST request to https://api.browserstack.com
2025-09-27T07:44:35.108Z CLI info  [arjun153]  [woc82mvcbypxrgz0m8bx5kuaxjd2d2ileirfcwjs]  [b7e23572-6578-4852-a6e4-f0ed48342c58]  [PRODUCTION] Making GET request to https://hub.browserstack.com
2025-09-27T07:44:35.261Z CLI info  [arjun153]  [woc82mvcbypxrgz0m8bx5kuaxjd2d2ileirfcwjs]  [b7e23572-6578-4852-a6e4-f0ed48342c58]  [PRODUCTION] Making GET request to https://hub-aps.browserstack.com
2025-09-27T07:44:35.367Z CLI info  [arjun153]  [woc82mvcbypxrgz0m8bx5kuaxjd2d2ileirfcwjs]  [b7e23572-6578-4852-a6e4-f0ed48342c58]  [PRODUCTION] Making GET request to https://hub-euw.browserstack.com
2025-09-27T07:44:36.733Z CLI info  [arjun153]  [woc82mvcbypxrgz0m8bx5kuaxjd2d2ileirfcwjs]  [b7e23572-6578-4852-a6e4-f0ed48342c58]  [PRODUCTION] Making GET request to https://hub-apse.browserstack.com
2025-09-27T07:44:39.474Z CLI info [testhub:request-queue-handler]  [arjun153]  [woc82mvcbypxrgz0m8bx5kuaxjd2d2ileirfcwjs]  [b7e23572-6578-4852-a6e4-f0ed48342c58]  Added the event {
  event_type: 'HookRunStarted',
  hook_run: {
    type: 'hook',
    hook_type: 'BEFORE_METHOD',
    framework: 'TestNG',
    uuid: '5f362d47-c785-4304-a20b-ae5bbea8bab7',
    name: 'setUp',
    result: 'pending',
    test_run_id: '061ff321-8435-44eb-9456-b86e28d188e7',
    body: { lang: 'java', code: null },
    scope: 'Default Suite.com.browserstack.ValidateHomePageLanding',
    custom_metadata: {},
    tags: [],
    scopes: [ 'Default Suite', 'com.browserstack.ValidateHomePageLanding' ],
    file_name: 'testng-browserstack-master/src/test/java/com/browserstack/ValidateHomePageLanding.java',
    vc_filepath: 'testng-browserstack-master/src/test/java/com/browserstack/ValidateHomePageLanding.java',
    location: 'testng-browserstack-master/src/test/java/com/browserstack/ValidateHomePageLanding.java',
    started_at: '2025-09-27T07:44:39.465Z'
  },
  logs: []
} to 5676:0
2025-09-27T07:44:39.580Z CLI info [testhub:request-queue-handler]  [arjun153]  [woc82mvcbypxrgz0m8bx5kuaxjd2d2ileirfcwjs]  [b7e23572-6578-4852-a6e4-f0ed48342c58]  Processing batch event [
  {
    event_type: 'HookRunStarted',
    hook_run: {
      type: 'hook',
      hook_type: 'BEFORE_METHOD',
      framework: 'TestNG',
      uuid: '5f362d47-c785-4304-a20b-ae5bbea8bab7',
      name: 'setUp',
      result: 'pending',
      test_run_id: '061ff321-8435-44eb-9456-b86e28d188e7',
      body: [Object],
      scope: 'Default Suite.com.browserstack.ValidateHomePageLanding',
      custom_metadata: {},
      tags: [],
      scopes: [Array],
      file_name: 'testng-browserstack-master/src/test/java/com/browserstack/ValidateHomePageLanding.java',
      vc_filepath: 'testng-browserstack-master/src/test/java/com/browserstack/ValidateHomePageLanding.java',
      location: 'testng-browserstack-master/src/test/java/com/browserstack/ValidateHomePageLanding.java',
      started_at: '2025-09-27T07:44:39.465Z'
    },
    logs: []
  }
] to 5676:0
2025-09-27T07:44:39.580Z CLI info  [arjun153]  [woc82mvcbypxrgz0m8bx5kuaxjd2d2ileirfcwjs]  [b7e23572-6578-4852-a6e4-f0ed48342c58]  [PRODUCTION] Making POST request to https://collector-observability.browserstack.com
2025-09-27T07:44:39.583Z CLI info [testhub:request-queue-handler]  [arjun153]  [woc82mvcbypxrgz0m8bx5kuaxjd2d2ileirfcwjs]  [b7e23572-6578-4852-a6e4-f0ed48342c58]  Added the event {
  event_type: 'LogCreated',
  logs: [
    {
      testFrameworkName: 'TestNG',
      testFrameworkVersion: '7.4.0',
      testFrameworkState: 'LOG',
      timestamp: '2025-09-27T07:44:39.577Z',
      uuid: '5f362d47-c785-4304-a20b-ae5bbea8bab7',
      kind: 'TEST_LOG',
      message: '"SLF4J: Failed to load class \\"org.slf4j.impl.StaticLoggerBinder\\"."',
      level: 'ERROR',
      test_run_uuid: '5f362d47-c785-4304-a20b-ae5bbea8bab7'
    }
  ]
} to 5676:0
2025-09-27T07:44:39.590Z CLI info [testhub:request-queue-handler]  [arjun153]  [woc82mvcbypxrgz0m8bx5kuaxjd2d2ileirfcwjs]  [b7e23572-6578-4852-a6e4-f0ed48342c58]  Added the event {
  event_type: 'LogCreated',
  logs: [
    {
      testFrameworkName: 'TestNG',
      testFrameworkVersion: '7.4.0',
      testFrameworkState: 'LOG',
      timestamp: '2025-09-27T07:44:39.588Z',
      uuid: '5f362d47-c785-4304-a20b-ae5bbea8bab7',
      kind: 'TEST_LOG',
      message: '"SLF4J: Defaulting to no-operation (NOP) logger implementation"',
      level: 'ERROR',
      test_run_uuid: '5f362d47-c785-4304-a20b-ae5bbea8bab7'
    }
  ]
} to 5676:0
2025-09-27T07:44:39.595Z CLI info [testhub:request-queue-handler]  [arjun153]  [woc82mvcbypxrgz0m8bx5kuaxjd2d2ileirfcwjs]  [b7e23572-6578-4852-a6e4-f0ed48342c58]  Added the event {
  event_type: 'LogCreated',
  logs: [
    {
      testFrameworkName: 'TestNG',
      testFrameworkVersion: '7.4.0',
      testFrameworkState: 'LOG',
      timestamp: '2025-09-27T07:44:39.594Z',
      uuid: '5f362d47-c785-4304-a20b-ae5bbea8bab7',
      kind: 'TEST_LOG',
      message: '"SLF4J: See http://www.slf4j.org/codes.html#StaticLoggerBinder for further details."',
      level: 'ERROR',
      test_run_uuid: '5f362d47-c785-4304-a20b-ae5bbea8bab7'
    }
  ]
} to 5676:0
2025-09-27T07:44:39.626Z CLI info [testhub:request-queue-handler]  [arjun153]  [woc82mvcbypxrgz0m8bx5kuaxjd2d2ileirfcwjs]  [b7e23572-6578-4852-a6e4-f0ed48342c58]  Added the event {
  event_type: 'LogCreated',
  logs: [
    {
      testFrameworkName: 'TestNG',
      testFrameworkVersion: '7.4.0',
      testFrameworkState: 'LOG',
      timestamp: '2025-09-27T07:44:39.625Z',
      uuid: '5f362d47-c785-4304-a20b-ae5bbea8bab7',
      kind: 'TEST_LOG',
      message: '"WARNING: sun.reflect.Reflection.getCallerClass is not supported. This will impact performance."',
      level: 'INFO',
      test_run_uuid: '5f362d47-c785-4304-a20b-ae5bbea8bab7'
    }
  ]
} to 5676:0
2025-09-27T07:44:41.582Z CLI info [testhub:request-queue-handler]  [arjun153]  [woc82mvcbypxrgz0m8bx5kuaxjd2d2ileirfcwjs]  [b7e23572-6578-4852-a6e4-f0ed48342c58]  Processing batch event [
  { event_type: 'LogCreated', logs: [ [Object] ] },
  { event_type: 'LogCreated', logs: [ [Object] ] },
  { event_type: 'LogCreated', logs: [ [Object] ] },
  { event_type: 'LogCreated', logs: [ [Object] ] }
] to 5676:0
2025-09-27T07:44:41.583Z CLI info  [arjun153]  [woc82mvcbypxrgz0m8bx5kuaxjd2d2ileirfcwjs]  [b7e23572-6578-4852-a6e4-f0ed48342c58]  [PRODUCTION] Making POST request to https://collector-observability.browserstack.com
2025-09-27T07:44:46.980Z CLI info [testhub:request-queue-handler]  [arjun153]  [woc82mvcbypxrgz0m8bx5kuaxjd2d2ileirfcwjs]  [b7e23572-6578-4852-a6e4-f0ed48342c58]  Added the event {
  event_type: 'HookRunFinished',
  hook_run: {
    type: 'hook',
    hook_type: 'BEFORE_METHOD',
    framework: 'TestNG',
    uuid: '5f362d47-c785-4304-a20b-ae5bbea8bab7',
    name: 'setUp',
    result: 'passed',
    test_run_id: '061ff321-8435-44eb-9456-b86e28d188e7',
    body: { lang: 'java', code: null },
    scope: 'Default Suite.com.browserstack.ValidateHomePageLanding',
    custom_metadata: {},
    tags: [],
    scopes: [ 'Default Suite', 'com.browserstack.ValidateHomePageLanding' ],
    file_name: 'testng-browserstack-master/src/test/java/com/browserstack/ValidateHomePageLanding.java',
    vc_filepath: 'testng-browserstack-master/src/test/java/com/browserstack/ValidateHomePageLanding.java',
    location: 'testng-browserstack-master/src/test/java/com/browserstack/ValidateHomePageLanding.java',
    started_at: '2025-09-27T07:44:39.465Z',
    finished_at: '2025-09-27T07:44:46.977Z'
  },
  logs: []
} to 5676:0
2025-09-27T07:44:47.008Z CLI info [testhub:request-queue-handler]  [arjun153]  [woc82mvcbypxrgz0m8bx5kuaxjd2d2ileirfcwjs]  [b7e23572-6578-4852-a6e4-f0ed48342c58]  Added the event {
  event_type: 'CBTSessionCreated',
  test_run: {
    uuid: '0c761908-c311-4219-9c68-615bb70d2121',
    integrations: { browserstack: [Object] }
  }
} to 5676:0
2025-09-27T07:44:47.013Z CLI info [testhub:request-queue-handler]  [arjun153]  [woc82mvcbypxrgz0m8bx5kuaxjd2d2ileirfcwjs]  [b7e23572-6578-4852-a6e4-f0ed48342c58]  Added the event {
  event_type: 'TestRunStarted',
  test_run: {
    type: 'test',
    framework: 'TestNG',
    uuid: '0c761908-c311-4219-9c68-615bb70d2121',
    name: 'homeValidation',
    body: {
      lang: 'java',
      code: 'public void com.browserstack.ValidateHomePageLanding.homeValidation() throws java.lang.Exception'
    },
    identifier: 'homeValidation',
    scope: 'Default Suite.com.browserstack.ValidateHomePageLanding',
    scopes: [ 'Default Suite', 'com.browserstack.ValidateHomePageLanding' ],
    file_name: 'src/test/java/com/browserstack/ValidateHomePageLanding.java',
    vc_filepath: 'src/test/java/com/browserstack/ValidateHomePageLanding.java',
    location: 'src/test/java/com/browserstack/ValidateHomePageLanding.java',
    meta: {},
    result: 'pending',
    duration_in_ms: null,
    started_at: '2025-09-27T07:44:46.989Z',
    failure: undefined,
    failure_type: undefined,
    failure_reason: undefined,
    retry_of: null,
    custom_metadata: {},
    tags: [],
    customRerunParam: { rerun_name: 'testng-browserstack-master-0' },
    hooks: [],
    product_map: {
      observability: true,
      accessibility: false,
      percy: false,
      automate: true,
      app_automate: false
    }
  },
  logs: []
} to 5676:0
2025-09-27T07:44:47.585Z CLI info [testhub:request-queue-handler]  [arjun153]  [woc82mvcbypxrgz0m8bx5kuaxjd2d2ileirfcwjs]  [b7e23572-6578-4852-a6e4-f0ed48342c58]  Processing batch event [
  {
    event_type: 'HookRunFinished',
    hook_run: {
      type: 'hook',
      hook_type: 'BEFORE_METHOD',
      framework: 'TestNG',
      uuid: '5f362d47-c785-4304-a20b-ae5bbea8bab7',
      name: 'setUp',
      result: 'passed',
      test_run_id: '061ff321-8435-44eb-9456-b86e28d188e7',
      body: [Object],
      scope: 'Default Suite.com.browserstack.ValidateHomePageLanding',
      custom_metadata: {},
      tags: [],
      scopes: [Array],
      file_name: 'testng-browserstack-master/src/test/java/com/browserstack/ValidateHomePageLanding.java',
      vc_filepath: 'testng-browserstack-master/src/test/java/com/browserstack/ValidateHomePageLanding.java',
      location: 'testng-browserstack-master/src/test/java/com/browserstack/ValidateHomePageLanding.java',
      started_at: '2025-09-27T07:44:39.465Z',
      finished_at: '2025-09-27T07:44:46.977Z'
    },
    logs: []
  },
  {
    event_type: 'CBTSessionCreated',
    test_run: {
      uuid: '0c761908-c311-4219-9c68-615bb70d2121',
      integrations: [Object]
    }
  },
  {
    event_type: 'TestRunStarted',
    test_run: {
      type: 'test',
      framework: 'TestNG',
      uuid: '0c761908-c311-4219-9c68-615bb70d2121',
      name: 'homeValidation',
      body: [Object],
      identifier: 'homeValidation',
      scope: 'Default Suite.com.browserstack.ValidateHomePageLanding',
      scopes: [Array],
      file_name: 'src/test/java/com/browserstack/ValidateHomePageLanding.java',
      vc_filepath: 'src/test/java/com/browserstack/ValidateHomePageLanding.java',
      location: 'src/test/java/com/browserstack/ValidateHomePageLanding.java',
      meta: {},
      result: 'pending',
      duration_in_ms: null,
      started_at: '2025-09-27T07:44:46.989Z',
      failure: undefined,
      failure_type: undefined,
      failure_reason: undefined,
      retry_of: null,
      custom_metadata: {},
      tags: [],
      customRerunParam: [Object],
      hooks: [],
      product_map: [Object]
    },
    logs: []
  }
] to 5676:0
2025-09-27T07:44:47.587Z CLI info  [arjun153]  [woc82mvcbypxrgz0m8bx5kuaxjd2d2ileirfcwjs]  [b7e23572-6578-4852-a6e4-f0ed48342c58]  [PRODUCTION] Making POST request to https://collector-observability.browserstack.com
2025-09-27T07:44:55.955Z CLI warn [TEST REPORTING AND ANALYTICS:java:testng]  [arjun153]  [woc82mvcbypxrgz0m8bx5kuaxjd2d2ileirfcwjs]  [b7e23572-6578-4852-a6e4-f0ed48342c58]  TestRunFinished: event={"test_hook_last_started":"BEFORE_METHOD","test_failure_type":null,"test_rerun_name":"testng-browserstack-master-0","test_result_at":"2025-09-27T13:14:52.650340","test_scope":"Default Suite.com.browserstack.ValidateHomePageLanding","test_framework_name":"TestNG","test_tags":"","cbt_session_created":true,"test_started_at":"2025-09-27T13:14:46.989017","platform_index":0,"test_failure":null,"test_framework_version":"7.4.0","test_logs":[],"test_scopes":["Default Suite","com.browserstack.ValidateHomePageLanding"],"test_code":"public void com.browserstack.ValidateHomePageLanding.homeValidation() throws java.lang.Exception","test_id":"testng-browserstack-master-0@0","test_uuid":"0c761908-c311-4219-9c68-615bb70d2121","test_ended_at":"2025-09-27T13:14:52.650642","automate_session_name":"testng-browserstack-master-00","test_hook_last_finished":"BEFORE_METHOD","test_session_name":"com.browserstack.ValidateHomePageLanding-homeValidation","test_hook_state":"sdk:hook:31b535c9","custom_metadata":{},"test_failure_reason":null,"test_location":"src/test/java/com/browserstack/ValidateHomePageLanding.java","test_hooks_started":{"BEFORE_METHOD":[]},"test_file_path":"src/test/java/com/browserstack/ValidateHomePageLanding.java","test_result":"passed","test_hooks_finished":{"BEFORE_METHOD":[{"hook_name":"setUp","hook_result":"passed","test_file_path":"testng-browserstack-master/src/test/java/com/browserstack/ValidateHomePageLanding.java","event_started_at":"2025-09-27T13:14:39.465944","hook_id":"5f362d47-c785-4304-a20b-ae5bbea8bab7","hook_logs":[],"logs":[],"key":"BEFORE_METHOD","custom_metadata":{},"event_ended_at":"2025-09-27T13:14:46.977306","test_location":"testng-browserstack-master/src/test/java/com/browserstack/ValidateHomePageLanding.java"}]},"hook_id":"5f362d47-c785-4304-a20b-ae5bbea8bab7","test_meta":{},"isBrowserstackAutomationSession":true,"test_name":"homeValidation","logs":[]}
2025-09-27T07:44:55.956Z CLI info [testhub:request-queue-handler]  [arjun153]  [woc82mvcbypxrgz0m8bx5kuaxjd2d2ileirfcwjs]  [b7e23572-6578-4852-a6e4-f0ed48342c58]  Added the event {
  event_type: 'TestRunFinished',
  test_run: {
    type: 'test',
    framework: 'TestNG',
    uuid: '0c761908-c311-4219-9c68-615bb70d2121',
    name: 'homeValidation',
    body: {
      lang: 'java',
      code: 'public void com.browserstack.ValidateHomePageLanding.homeValidation() throws java.lang.Exception'
    },
    identifier: 'homeValidation',
    scope: 'Default Suite.com.browserstack.ValidateHomePageLanding',
    scopes: [ 'Default Suite', 'com.browserstack.ValidateHomePageLanding' ],
    file_name: 'src/test/java/com/browserstack/ValidateHomePageLanding.java',
    vc_filepath: 'src/test/java/com/browserstack/ValidateHomePageLanding.java',
    location: 'src/test/java/com/browserstack/ValidateHomePageLanding.java',
    meta: {},
    result: 'passed',
    duration_in_ms: 5661,
    started_at: '2025-09-27T07:44:46.989Z',
    finished_at: '2025-09-27T07:44:52.650Z',
    failure: null,
    failure_type: null,
    failure_reason: null,
    retry_of: null,
    custom_metadata: {},
    tags: [],
    customRerunParam: { rerun_name: 'testng-browserstack-master-0' },
    hooks: [ '5f362d47-c785-4304-a20b-ae5bbea8bab7' ],
    product_map: {
      observability: true,
      accessibility: false,
      percy: false,
      automate: true,
      app_automate: false
    }
  },
  logs: []
} to 5676:0
2025-09-27T07:44:55.974Z CLI info [testhub:request-queue-handler]  [arjun153]  [woc82mvcbypxrgz0m8bx5kuaxjd2d2ileirfcwjs]  [b7e23572-6578-4852-a6e4-f0ed48342c58]  Added the event {
  event_type: 'HookRunStarted',
  hook_run: {
    type: 'hook',
    hook_type: 'AFTER_METHOD',
    framework: 'TestNG',
    uuid: '6d4b988e-7ff4-44f9-a494-369f7fa8a3c7',
    name: 'tearDown',
    result: 'pending',
    test_run_id: '0c761908-c311-4219-9c68-615bb70d2121',
    body: { lang: 'java', code: null },
    scope: 'Default Suite.com.browserstack.ValidateHomePageLanding',
    custom_metadata: {},
    tags: [],
    scopes: [ 'Default Suite', 'com.browserstack.ValidateHomePageLanding' ],
    file_name: 'testng-browserstack-master/src/test/java/com/browserstack/ValidateHomePageLanding.java',
    vc_filepath: 'testng-browserstack-master/src/test/java/com/browserstack/ValidateHomePageLanding.java',
    location: 'testng-browserstack-master/src/test/java/com/browserstack/ValidateHomePageLanding.java',
    started_at: '2025-09-27T07:44:55.970Z'
  },
  logs: []
} to 5676:0
2025-09-27T07:44:57.427Z CLI info [testhub:request-queue-handler]  [arjun153]  [woc82mvcbypxrgz0m8bx5kuaxjd2d2ileirfcwjs]  [b7e23572-6578-4852-a6e4-f0ed48342c58]  Added the event {
  event_type: 'HookRunFinished',
  hook_run: {
    type: 'hook',
    hook_type: 'AFTER_METHOD',
    framework: 'TestNG',
    uuid: '6d4b988e-7ff4-44f9-a494-369f7fa8a3c7',
    name: 'tearDown',
    result: 'passed',
    test_run_id: '0c761908-c311-4219-9c68-615bb70d2121',
    body: { lang: 'java', code: null },
    scope: 'Default Suite.com.browserstack.ValidateHomePageLanding',
    custom_metadata: {},
    tags: [],
    scopes: [ 'Default Suite', 'com.browserstack.ValidateHomePageLanding' ],
    file_name: 'testng-browserstack-master/src/test/java/com/browserstack/ValidateHomePageLanding.java',
    vc_filepath: 'testng-browserstack-master/src/test/java/com/browserstack/ValidateHomePageLanding.java',
    location: 'testng-browserstack-master/src/test/java/com/browserstack/ValidateHomePageLanding.java',
    started_at: '2025-09-27T07:44:55.970Z',
    finished_at: '2025-09-27T07:44:57.424Z'
  },
  logs: []
} to 5676:0
2025-09-27T07:44:57.589Z CLI info [testhub:request-queue-handler]  [arjun153]  [woc82mvcbypxrgz0m8bx5kuaxjd2d2ileirfcwjs]  [b7e23572-6578-4852-a6e4-f0ed48342c58]  Processing batch event [
  {
    event_type: 'TestRunFinished',
    test_run: {
      type: 'test',
      framework: 'TestNG',
      uuid: '0c761908-c311-4219-9c68-615bb70d2121',
      name: 'homeValidation',
      body: [Object],
      identifier: 'homeValidation',
      scope: 'Default Suite.com.browserstack.ValidateHomePageLanding',
      scopes: [Array],
      file_name: 'src/test/java/com/browserstack/ValidateHomePageLanding.java',
      vc_filepath: 'src/test/java/com/browserstack/ValidateHomePageLanding.java',
      location: 'src/test/java/com/browserstack/ValidateHomePageLanding.java',
      meta: {},
      result: 'passed',
      duration_in_ms: 5661,
      started_at: '2025-09-27T07:44:46.989Z',
      finished_at: '2025-09-27T07:44:52.650Z',
      failure: null,
      failure_type: null,
      failure_reason: null,
      retry_of: null,
      custom_metadata: {},
      tags: [],
      customRerunParam: [Object],
      hooks: [Array],
      product_map: [Object]
    },
    logs: []
  },
  {
    event_type: 'HookRunStarted',
    hook_run: {
      type: 'hook',
      hook_type: 'AFTER_METHOD',
      framework: 'TestNG',
      uuid: '6d4b988e-7ff4-44f9-a494-369f7fa8a3c7',
      name: 'tearDown',
      result: 'pending',
      test_run_id: '0c761908-c311-4219-9c68-615bb70d2121',
      body: [Object],
      scope: 'Default Suite.com.browserstack.ValidateHomePageLanding',
      custom_metadata: {},
      tags: [],
      scopes: [Array],
      file_name: 'testng-browserstack-master/src/test/java/com/browserstack/ValidateHomePageLanding.java',
      vc_filepath: 'testng-browserstack-master/src/test/java/com/browserstack/ValidateHomePageLanding.java',
      location: 'testng-browserstack-master/src/test/java/com/browserstack/ValidateHomePageLanding.java',
      started_at: '2025-09-27T07:44:55.970Z'
    },
    logs: []
  },
  {
    event_type: 'HookRunFinished',
    hook_run: {
      type: 'hook',
      hook_type: 'AFTER_METHOD',
      framework: 'TestNG',
      uuid: '6d4b988e-7ff4-44f9-a494-369f7fa8a3c7',
      name: 'tearDown',
      result: 'passed',
      test_run_id: '0c761908-c311-4219-9c68-615bb70d2121',
      body: [Object],
      scope: 'Default Suite.com.browserstack.ValidateHomePageLanding',
      custom_metadata: {},
      tags: [],
      scopes: [Array],
      file_name: 'testng-browserstack-master/src/test/java/com/browserstack/ValidateHomePageLanding.java',
      vc_filepath: 'testng-browserstack-master/src/test/java/com/browserstack/ValidateHomePageLanding.java',
      location: 'testng-browserstack-master/src/test/java/com/browserstack/ValidateHomePageLanding.java',
      started_at: '2025-09-27T07:44:55.970Z',
      finished_at: '2025-09-27T07:44:57.424Z'
    },
    logs: []
  }
] to 5676:0
2025-09-27T07:44:57.590Z CLI info  [arjun153]  [woc82mvcbypxrgz0m8bx5kuaxjd2d2ileirfcwjs]  [b7e23572-6578-4852-a6e4-f0ed48342c58]  [PRODUCTION] Making POST request to https://collector-observability.browserstack.com
2025-09-27T07:44:58.537Z CLI info  [arjun153]  [woc82mvcbypxrgz0m8bx5kuaxjd2d2ileirfcwjs]  [b7e23572-6578-4852-a6e4-f0ed48342c58]  [PRODUCTION] Making POST request to https://collector-observability.browserstack.com
2025-09-27T07:44:59.512Z CLI error [testhub:module]  [arjun153]  [woc82mvcbypxrgz0m8bx5kuaxjd2d2ileirfcwjs]  [b7e23572-6578-4852-a6e4-f0ed48342c58]  [collectBuildData] Exception in collecting build data for build UUID woc82mvcbypxrgz0m8bx5kuaxjd2d2ileirfcwjs: {"message":"Build data collection started"}
2025-09-27T07:44:59.512Z CLI info  [arjun153]  [woc82mvcbypxrgz0m8bx5kuaxjd2d2ileirfcwjs]  [b7e23572-6578-4852-a6e4-f0ed48342c58]  [PRODUCTION] Making PUT request to https://collector-observability.browserstack.com
2025-09-27T07:45:00.465Z CLI info [testhub:module]  [arjun153]  [woc82mvcbypxrgz0m8bx5kuaxjd2d2ileirfcwjs]  [b7e23572-6578-4852-a6e4-f0ed48342c58]  stopBuild: woc82mvcbypxrgz0m8bx5kuaxjd2d2ileirfcwjs request={"finished_at":"2025-09-27T07:44:58.480Z","finished_metadata":[],"custom_metadata":{}} response={"data":""}
2025-09-27T07:45:00.466Z CLI info  [arjun153]  [woc82mvcbypxrgz0m8bx5kuaxjd2d2ileirfcwjs]  [b7e23572-6578-4852-a6e4-f0ed48342c58]  [PRODUCTION] Making POST request to https://api.browserstack.com
2025-09-27T07:45:00.469Z CLI info [TEST REPORTING AND ANALYTICS:module]  [arjun153]  [woc82mvcbypxrgz0m8bx5kuaxjd2d2ileirfcwjs]  [b7e23572-6578-4852-a6e4-f0ed48342c58]  Visit https://automation.browserstack.com/builds/woc82mvcbypxrgz0m8bx5kuaxjd2d2ileirfcwjs to view build report, insights, and many more debugging information all at one place!
2025-09-27T07:45:04.537Z CLI info  [arjun153]  [woc82mvcbypxrgz0m8bx5kuaxjd2d2ileirfcwjs]  [b7e23572-6578-4852-a6e4-f0ed48342c58]  [PRODUCTION] Making GET request to https://api.browserstack.com
2025-09-27T07:45:05.548Z CLI info  [arjun153]  [woc82mvcbypxrgz0m8bx5kuaxjd2d2ileirfcwjs]  [b7e23572-6578-4852-a6e4-f0ed48342c58]  [PRODUCTION] Making POST request to https://eds.browserstack.com
2025-09-27T07:45:06.887Z CLI info [main]  [arjun153]  [woc82mvcbypxrgz0m8bx5kuaxjd2d2ileirfcwjs]  [b7e23572-6578-4852-a6e4-f0ed48342c58]  Received graceful signal termination, performing cleanup
2025-09-27T07:47:42.695Z CLI info [main]     Server listening on port: 5400
2025-09-27T07:47:42.897Z CLI info     Config : {"userName":"arjun153","accessKey":"pBUjJCeGYhbsRaET7AUb","framework":"testng","platforms":[{"os":"Windows","osVersion":"10","browserName":"Chrome","browserVersion":"136.0"}],"parallelsPerPlatform":1,"browserstackLocal":true,"buildName":"testathon_Arjun Build","projectName":"testathon_Arjun","CUSTOM_TAG_1":"testathon_Arjun_tag","networkLogs":true,"consoleLogs":"info","percy":false,"percyCaptureMode":"auto"}
2025-09-27T07:47:42.903Z CLI info [testhub:module]  [arjun153]   [94c3de09-a1d3-42e9-95f4-72b1a26c5503]  Starting testhub from 6333:0
2025-09-27T07:47:42.904Z CLI info [testhub:module]  [arjun153]   [94c3de09-a1d3-42e9-95f4-72b1a26c5503]  startBuild: payload=

{"started_at":"2025-09-27T07:47:42.903Z","host_info":{"hostname":"ArjunBM-MBP","platform":"darwin","type":"Darwin","version":"Darwin Kernel Version 24.6.0: Mon Aug 11 21:16:21 PDT 2025; root:xnu-11417.140.69.701.11~1/RELEASE_ARM64_T6000","arch":"arm64"},"ci_info":{"build_number":null},"version_control":{"name":"git","sha":"9683b848705b6f79390d112cbf50da21b1156b15","short_sha":"9683b84870","branch":"main","tag":null,"committer":"arjun <arjunbm13@gmail.com>","committer_date":"2025-09-27T07:26:24.000Z","author":"arjun <arjunbm13@gmail.com>","author_date":"2025-09-27T07:26:24.000Z","commit_message":"Initial files commit","root":"/Users/arjun/Downloads/testng-browserstack-master","common_git_dir":"/Users/arjun/Downloads/testng-browserstack-master/.git","worktree_git_dir":"/Users/arjun/Downloads/testng-browserstack-master/.git","last_tag":null,"commits_since_last_tag":0,"remotes":[{"name":"origin","url":"https://github.com/arjunbm13/testng-browserstack-master.git"}]},"project_name":"testathon_Arjun","name":"testathon_Arjun Build","build_identifier":"#9","build_run_identifier":null,"description":"","tags":["testathon_Arjun_tag"],"failed_tests_rerun":false,"accessibility":{"settings":{}},"framework_details":{"frameworkName":"TestNG","frameworkVersion":"7.4.0","sdkVersion":"1.41.1","cliVersion":"1.6.23","language":"java","testFramework":{"name":"selenium","version":"4.1.4"}},"product_map":{"observability":true,"accessibility":null,"percy":false,"automate":true,"app_automate":false},"browserstackAutomation":true,"test_orchestration":{}}
2025-09-27T07:47:42.904Z CLI info  [arjun153]   [94c3de09-a1d3-42e9-95f4-72b1a26c5503]  [PRODUCTION] Making POST request to https://sdk.browserstack.com
2025-09-27T07:47:44.005Z CLI info [testhub:module]  [arjun153]   [94c3de09-a1d3-42e9-95f4-72b1a26c5503]  startBuild: response=dddu7ij36p14km2krvo7xn55e6w9kg7izkmgbgv7
2025-09-27T07:47:44.008Z CLI info  [arjun153]  [dddu7ij36p14km2krvo7xn55e6w9kg7izkmgbgv7]  [94c3de09-a1d3-42e9-95f4-72b1a26c5503]  [PRODUCTION] Making POST request to https://api.browserstack.com
2025-09-27T07:47:52.254Z CLI info  [arjun153]  [dddu7ij36p14km2krvo7xn55e6w9kg7izkmgbgv7]  [94c3de09-a1d3-42e9-95f4-72b1a26c5503]  [PRODUCTION] Making GET request to https://hub.browserstack.com
2025-09-27T07:47:52.422Z CLI info  [arjun153]  [dddu7ij36p14km2krvo7xn55e6w9kg7izkmgbgv7]  [94c3de09-a1d3-42e9-95f4-72b1a26c5503]  [PRODUCTION] Making GET request to https://hub-aps.browserstack.com
2025-09-27T07:47:52.549Z CLI info  [arjun153]  [dddu7ij36p14km2krvo7xn55e6w9kg7izkmgbgv7]  [94c3de09-a1d3-42e9-95f4-72b1a26c5503]  [PRODUCTION] Making GET request to https://hub-euw.browserstack.com
2025-09-27T07:47:53.898Z CLI info  [arjun153]  [dddu7ij36p14km2krvo7xn55e6w9kg7izkmgbgv7]  [94c3de09-a1d3-42e9-95f4-72b1a26c5503]  [PRODUCTION] Making GET request to https://hub-apse.browserstack.com
2025-09-27T07:47:56.321Z CLI info [testhub:request-queue-handler]  [arjun153]  [dddu7ij36p14km2krvo7xn55e6w9kg7izkmgbgv7]  [94c3de09-a1d3-42e9-95f4-72b1a26c5503]  Added the event {
  event_type: 'HookRunStarted',
  hook_run: {
    type: 'hook',
    hook_type: 'BEFORE_METHOD',
    framework: 'TestNG',
    uuid: 'dfcb6741-b01a-4e06-b81e-cb8e7db05629',
    name: 'setUp',
    result: 'pending',
    test_run_id: 'dfc606f5-321b-4fba-9894-02d34bd291c0',
    body: { lang: 'java', code: null },
    scope: 'Default Suite.com.browserstack.ValidateHomePageLanding',
    custom_metadata: {},
    tags: [],
    scopes: [ 'Default Suite', 'com.browserstack.ValidateHomePageLanding' ],
    file_name: 'testng-browserstack-master/src/test/java/com/browserstack/ValidateHomePageLanding.java',
    vc_filepath: 'testng-browserstack-master/src/test/java/com/browserstack/ValidateHomePageLanding.java',
    location: 'testng-browserstack-master/src/test/java/com/browserstack/ValidateHomePageLanding.java',
    started_at: '2025-09-27T07:47:56.313Z'
  },
  logs: []
} to 6333:0
2025-09-27T07:47:56.432Z CLI info [testhub:request-queue-handler]  [arjun153]  [dddu7ij36p14km2krvo7xn55e6w9kg7izkmgbgv7]  [94c3de09-a1d3-42e9-95f4-72b1a26c5503]  Added the event {
  event_type: 'LogCreated',
  logs: [
    {
      testFrameworkName: 'TestNG',
      testFrameworkVersion: '7.4.0',
      testFrameworkState: 'LOG',
      timestamp: '2025-09-27T07:47:56.426Z',
      uuid: 'dfcb6741-b01a-4e06-b81e-cb8e7db05629',
      kind: 'TEST_LOG',
      message: '"SLF4J: Failed to load class \\"org.slf4j.impl.StaticLoggerBinder\\"."',
      level: 'ERROR',
      test_run_uuid: 'dfcb6741-b01a-4e06-b81e-cb8e7db05629'
    }
  ]
} to 6333:0
2025-09-27T07:47:56.438Z CLI info [testhub:request-queue-handler]  [arjun153]  [dddu7ij36p14km2krvo7xn55e6w9kg7izkmgbgv7]  [94c3de09-a1d3-42e9-95f4-72b1a26c5503]  Added the event {
  event_type: 'LogCreated',
  logs: [
    {
      testFrameworkName: 'TestNG',
      testFrameworkVersion: '7.4.0',
      testFrameworkState: 'LOG',
      timestamp: '2025-09-27T07:47:56.436Z',
      uuid: 'dfcb6741-b01a-4e06-b81e-cb8e7db05629',
      kind: 'TEST_LOG',
      message: '"SLF4J: Defaulting to no-operation (NOP) logger implementation"',
      level: 'ERROR',
      test_run_uuid: 'dfcb6741-b01a-4e06-b81e-cb8e7db05629'
    }
  ]
} to 6333:0
2025-09-27T07:47:56.442Z CLI info [testhub:request-queue-handler]  [arjun153]  [dddu7ij36p14km2krvo7xn55e6w9kg7izkmgbgv7]  [94c3de09-a1d3-42e9-95f4-72b1a26c5503]  Added the event {
  event_type: 'LogCreated',
  logs: [
    {
      testFrameworkName: 'TestNG',
      testFrameworkVersion: '7.4.0',
      testFrameworkState: 'LOG',
      timestamp: '2025-09-27T07:47:56.441Z',
      uuid: 'dfcb6741-b01a-4e06-b81e-cb8e7db05629',
      kind: 'TEST_LOG',
      message: '"SLF4J: See http://www.slf4j.org/codes.html#StaticLoggerBinder for further details."',
      level: 'ERROR',
      test_run_uuid: 'dfcb6741-b01a-4e06-b81e-cb8e7db05629'
    }
  ]
} to 6333:0
2025-09-27T07:47:56.470Z CLI info [testhub:request-queue-handler]  [arjun153]  [dddu7ij36p14km2krvo7xn55e6w9kg7izkmgbgv7]  [94c3de09-a1d3-42e9-95f4-72b1a26c5503]  Added the event {
  event_type: 'LogCreated',
  logs: [
    {
      testFrameworkName: 'TestNG',
      testFrameworkVersion: '7.4.0',
      testFrameworkState: 'LOG',
      timestamp: '2025-09-27T07:47:56.468Z',
      uuid: 'dfcb6741-b01a-4e06-b81e-cb8e7db05629',
      kind: 'TEST_LOG',
      message: '"WARNING: sun.reflect.Reflection.getCallerClass is not supported. This will impact performance."',
      level: 'INFO',
      test_run_uuid: 'dfcb6741-b01a-4e06-b81e-cb8e7db05629'
    }
  ]
} to 6333:0
2025-09-27T07:47:58.016Z CLI info [testhub:request-queue-handler]  [arjun153]  [dddu7ij36p14km2krvo7xn55e6w9kg7izkmgbgv7]  [94c3de09-a1d3-42e9-95f4-72b1a26c5503]  Processing batch event [
  {
    event_type: 'HookRunStarted',
    hook_run: {
      type: 'hook',
      hook_type: 'BEFORE_METHOD',
      framework: 'TestNG',
      uuid: 'dfcb6741-b01a-4e06-b81e-cb8e7db05629',
      name: 'setUp',
      result: 'pending',
      test_run_id: 'dfc606f5-321b-4fba-9894-02d34bd291c0',
      body: [Object],
      scope: 'Default Suite.com.browserstack.ValidateHomePageLanding',
      custom_metadata: {},
      tags: [],
      scopes: [Array],
      file_name: 'testng-browserstack-master/src/test/java/com/browserstack/ValidateHomePageLanding.java',
      vc_filepath: 'testng-browserstack-master/src/test/java/com/browserstack/ValidateHomePageLanding.java',
      location: 'testng-browserstack-master/src/test/java/com/browserstack/ValidateHomePageLanding.java',
      started_at: '2025-09-27T07:47:56.313Z'
    },
    logs: []
  },
  { event_type: 'LogCreated', logs: [ [Object] ] },
  { event_type: 'LogCreated', logs: [ [Object] ] },
  { event_type: 'LogCreated', logs: [ [Object] ] },
  { event_type: 'LogCreated', logs: [ [Object] ] }
] to 6333:0
2025-09-27T07:47:58.017Z CLI info  [arjun153]  [dddu7ij36p14km2krvo7xn55e6w9kg7izkmgbgv7]  [94c3de09-a1d3-42e9-95f4-72b1a26c5503]  [PRODUCTION] Making POST request to https://collector-observability.browserstack.com
2025-09-27T07:48:02.843Z CLI info [testhub:request-queue-handler]  [arjun153]  [dddu7ij36p14km2krvo7xn55e6w9kg7izkmgbgv7]  [94c3de09-a1d3-42e9-95f4-72b1a26c5503]  Added the event {
  event_type: 'HookRunFinished',
  hook_run: {
    type: 'hook',
    hook_type: 'BEFORE_METHOD',
    framework: 'TestNG',
    uuid: 'dfcb6741-b01a-4e06-b81e-cb8e7db05629',
    name: 'setUp',
    result: 'passed',
    test_run_id: 'dfc606f5-321b-4fba-9894-02d34bd291c0',
    body: { lang: 'java', code: null },
    scope: 'Default Suite.com.browserstack.ValidateHomePageLanding',
    custom_metadata: {},
    tags: [],
    scopes: [ 'Default Suite', 'com.browserstack.ValidateHomePageLanding' ],
    file_name: 'testng-browserstack-master/src/test/java/com/browserstack/ValidateHomePageLanding.java',
    vc_filepath: 'testng-browserstack-master/src/test/java/com/browserstack/ValidateHomePageLanding.java',
    location: 'testng-browserstack-master/src/test/java/com/browserstack/ValidateHomePageLanding.java',
    started_at: '2025-09-27T07:47:56.313Z',
    finished_at: '2025-09-27T07:48:02.840Z'
  },
  logs: []
} to 6333:0
2025-09-27T07:48:02.872Z CLI info [testhub:request-queue-handler]  [arjun153]  [dddu7ij36p14km2krvo7xn55e6w9kg7izkmgbgv7]  [94c3de09-a1d3-42e9-95f4-72b1a26c5503]  Added the event {
  event_type: 'CBTSessionCreated',
  test_run: {
    uuid: 'cd3148d4-7c5f-48d3-9dd8-eb818b4bdb6c',
    integrations: { browserstack: [Object] }
  }
} to 6333:0
2025-09-27T07:48:02.877Z CLI info [testhub:request-queue-handler]  [arjun153]  [dddu7ij36p14km2krvo7xn55e6w9kg7izkmgbgv7]  [94c3de09-a1d3-42e9-95f4-72b1a26c5503]  Added the event {
  event_type: 'TestRunStarted',
  test_run: {
    type: 'test',
    framework: 'TestNG',
    uuid: 'cd3148d4-7c5f-48d3-9dd8-eb818b4bdb6c',
    name: 'homeValidation',
    body: {
      lang: 'java',
      code: 'public void com.browserstack.ValidateHomePageLanding.homeValidation() throws java.lang.Exception'
    },
    identifier: 'homeValidation',
    scope: 'Default Suite.com.browserstack.ValidateHomePageLanding',
    scopes: [ 'Default Suite', 'com.browserstack.ValidateHomePageLanding' ],
    file_name: 'src/test/java/com/browserstack/ValidateHomePageLanding.java',
    vc_filepath: 'src/test/java/com/browserstack/ValidateHomePageLanding.java',
    location: 'src/test/java/com/browserstack/ValidateHomePageLanding.java',
    meta: {},
    result: 'pending',
    duration_in_ms: null,
    started_at: '2025-09-27T07:48:02.852Z',
    failure: undefined,
    failure_type: undefined,
    failure_reason: undefined,
    retry_of: null,
    custom_metadata: {},
    tags: [],
    customRerunParam: { rerun_name: 'testng-browserstack-master-0' },
    hooks: [],
    product_map: {
      observability: true,
      accessibility: false,
      percy: false,
      automate: true,
      app_automate: false
    }
  },
  logs: []
} to 6333:0
2025-09-27T07:48:04.019Z CLI info [testhub:request-queue-handler]  [arjun153]  [dddu7ij36p14km2krvo7xn55e6w9kg7izkmgbgv7]  [94c3de09-a1d3-42e9-95f4-72b1a26c5503]  Processing batch event [
  {
    event_type: 'HookRunFinished',
    hook_run: {
      type: 'hook',
      hook_type: 'BEFORE_METHOD',
      framework: 'TestNG',
      uuid: 'dfcb6741-b01a-4e06-b81e-cb8e7db05629',
      name: 'setUp',
      result: 'passed',
      test_run_id: 'dfc606f5-321b-4fba-9894-02d34bd291c0',
      body: [Object],
      scope: 'Default Suite.com.browserstack.ValidateHomePageLanding',
      custom_metadata: {},
      tags: [],
      scopes: [Array],
      file_name: 'testng-browserstack-master/src/test/java/com/browserstack/ValidateHomePageLanding.java',
      vc_filepath: 'testng-browserstack-master/src/test/java/com/browserstack/ValidateHomePageLanding.java',
      location: 'testng-browserstack-master/src/test/java/com/browserstack/ValidateHomePageLanding.java',
      started_at: '2025-09-27T07:47:56.313Z',
      finished_at: '2025-09-27T07:48:02.840Z'
    },
    logs: []
  },
  {
    event_type: 'CBTSessionCreated',
    test_run: {
      uuid: 'cd3148d4-7c5f-48d3-9dd8-eb818b4bdb6c',
      integrations: [Object]
    }
  },
  {
    event_type: 'TestRunStarted',
    test_run: {
      type: 'test',
      framework: 'TestNG',
      uuid: 'cd3148d4-7c5f-48d3-9dd8-eb818b4bdb6c',
      name: 'homeValidation',
      body: [Object],
      identifier: 'homeValidation',
      scope: 'Default Suite.com.browserstack.ValidateHomePageLanding',
      scopes: [Array],
      file_name: 'src/test/java/com/browserstack/ValidateHomePageLanding.java',
      vc_filepath: 'src/test/java/com/browserstack/ValidateHomePageLanding.java',
      location: 'src/test/java/com/browserstack/ValidateHomePageLanding.java',
      meta: {},
      result: 'pending',
      duration_in_ms: null,
      started_at: '2025-09-27T07:48:02.852Z',
      failure: undefined,
      failure_type: undefined,
      failure_reason: undefined,
      retry_of: null,
      custom_metadata: {},
      tags: [],
      customRerunParam: [Object],
      hooks: [],
      product_map: [Object]
    },
    logs: []
  }
] to 6333:0
2025-09-27T07:48:04.022Z CLI info  [arjun153]  [dddu7ij36p14km2krvo7xn55e6w9kg7izkmgbgv7]  [94c3de09-a1d3-42e9-95f4-72b1a26c5503]  [PRODUCTION] Making POST request to https://collector-observability.browserstack.com
2025-09-27T07:48:12.557Z CLI info [testhub:request-queue-handler]  [arjun153]  [dddu7ij36p14km2krvo7xn55e6w9kg7izkmgbgv7]  [94c3de09-a1d3-42e9-95f4-72b1a26c5503]  Added the event {
  event_type: 'LogCreated',
  logs: [
    {
      testFrameworkName: 'TestNG',
      testFrameworkVersion: '7.4.0',
      testFrameworkState: 'LOG',
      timestamp: '2025-09-27T07:48:12.555Z',
      uuid: 'cd3148d4-7c5f-48d3-9dd8-eb818b4bdb6c',
      kind: 'TEST_LOG',
      message: '"Apple is missing ❌"',
      level: 'INFO',
      test_run_uuid: 'cd3148d4-7c5f-48d3-9dd8-eb818b4bdb6c'
    }
  ]
} to 6333:0
2025-09-27T07:48:12.561Z CLI info [testhub:request-queue-handler]  [arjun153]  [dddu7ij36p14km2krvo7xn55e6w9kg7izkmgbgv7]  [94c3de09-a1d3-42e9-95f4-72b1a26c5503]  Added the event {
  event_type: 'LogCreated',
  logs: [
    {
      testFrameworkName: 'TestNG',
      testFrameworkVersion: '7.4.0',
      testFrameworkState: 'LOG',
      timestamp: '2025-09-27T07:48:12.560Z',
      uuid: 'cd3148d4-7c5f-48d3-9dd8-eb818b4bdb6c',
      kind: 'TEST_LOG',
      message: '"Samsung is missing ❌"',
      level: 'INFO',
      test_run_uuid: 'cd3148d4-7c5f-48d3-9dd8-eb818b4bdb6c'
    }
  ]
} to 6333:0
2025-09-27T07:48:12.565Z CLI info [testhub:request-queue-handler]  [arjun153]  [dddu7ij36p14km2krvo7xn55e6w9kg7izkmgbgv7]  [94c3de09-a1d3-42e9-95f4-72b1a26c5503]  Added the event {
  event_type: 'LogCreated',
  logs: [
    {
      testFrameworkName: 'TestNG',
      testFrameworkVersion: '7.4.0',
      testFrameworkState: 'LOG',
      timestamp: '2025-09-27T07:48:12.564Z',
      uuid: 'cd3148d4-7c5f-48d3-9dd8-eb818b4bdb6c',
      kind: 'TEST_LOG',
      message: '"Google is missing ❌"',
      level: 'INFO',
      test_run_uuid: 'cd3148d4-7c5f-48d3-9dd8-eb818b4bdb6c'
    }
  ]
} to 6333:0
2025-09-27T07:48:12.569Z CLI info [testhub:request-queue-handler]  [arjun153]  [dddu7ij36p14km2krvo7xn55e6w9kg7izkmgbgv7]  [94c3de09-a1d3-42e9-95f4-72b1a26c5503]  Added the event {
  event_type: 'LogCreated',
  logs: [
    {
      testFrameworkName: 'TestNG',
      testFrameworkVersion: '7.4.0',
      testFrameworkState: 'LOG',
      timestamp: '2025-09-27T07:48:12.568Z',
      uuid: 'cd3148d4-7c5f-48d3-9dd8-eb818b4bdb6c',
      kind: 'TEST_LOG',
      message: '"Oneplus is missing ❌"',
      level: 'INFO',
      test_run_uuid: 'cd3148d4-7c5f-48d3-9dd8-eb818b4bdb6c'
    }
  ]
} to 6333:0
2025-09-27T07:48:14.024Z CLI info [testhub:request-queue-handler]  [arjun153]  [dddu7ij36p14km2krvo7xn55e6w9kg7izkmgbgv7]  [94c3de09-a1d3-42e9-95f4-72b1a26c5503]  Processing batch event [
  { event_type: 'LogCreated', logs: [ [Object] ] },
  { event_type: 'LogCreated', logs: [ [Object] ] },
  { event_type: 'LogCreated', logs: [ [Object] ] },
  { event_type: 'LogCreated', logs: [ [Object] ] }
] to 6333:0
2025-09-27T07:48:14.025Z CLI info  [arjun153]  [dddu7ij36p14km2krvo7xn55e6w9kg7izkmgbgv7]  [94c3de09-a1d3-42e9-95f4-72b1a26c5503]  [PRODUCTION] Making POST request to https://collector-observability.browserstack.com
2025-09-27T07:48:15.812Z CLI warn [TEST REPORTING AND ANALYTICS:java:testng]  [arjun153]  [dddu7ij36p14km2krvo7xn55e6w9kg7izkmgbgv7]  [94c3de09-a1d3-42e9-95f4-72b1a26c5503]  TestRunFinished: event={"test_hook_last_started":"BEFORE_METHOD","test_failure_type":null,"test_rerun_name":"testng-browserstack-master-0","test_result_at":"2025-09-27T13:18:12.572395","test_scope":"Default Suite.com.browserstack.ValidateHomePageLanding","test_framework_name":"TestNG","test_tags":"","cbt_session_created":true,"test_started_at":"2025-09-27T13:18:02.852682","platform_index":0,"test_failure":null,"test_framework_version":"7.4.0","test_logs":[],"test_scopes":["Default Suite","com.browserstack.ValidateHomePageLanding"],"test_code":"public void com.browserstack.ValidateHomePageLanding.homeValidation() throws java.lang.Exception","test_id":"testng-browserstack-master-0@0","test_uuid":"cd3148d4-7c5f-48d3-9dd8-eb818b4bdb6c","test_ended_at":"2025-09-27T13:18:12.572727","automate_session_name":"testng-browserstack-master-00","test_hook_last_finished":"BEFORE_METHOD","test_session_name":"com.browserstack.ValidateHomePageLanding-homeValidation","test_hook_state":"sdk:hook:bd5ff6c9","custom_metadata":{},"test_failure_reason":null,"test_location":"src/test/java/com/browserstack/ValidateHomePageLanding.java","test_hooks_started":{"BEFORE_METHOD":[]},"test_file_path":"src/test/java/com/browserstack/ValidateHomePageLanding.java","test_result":"passed","test_hooks_finished":{"BEFORE_METHOD":[{"hook_name":"setUp","hook_result":"passed","test_file_path":"testng-browserstack-master/src/test/java/com/browserstack/ValidateHomePageLanding.java","event_started_at":"2025-09-27T13:17:56.313709","hook_id":"dfcb6741-b01a-4e06-b81e-cb8e7db05629","hook_logs":[],"logs":[],"key":"BEFORE_METHOD","custom_metadata":{},"event_ended_at":"2025-09-27T13:18:02.840736","test_location":"testng-browserstack-master/src/test/java/com/browserstack/ValidateHomePageLanding.java"}]},"hook_id":"dfcb6741-b01a-4e06-b81e-cb8e7db05629","test_meta":{},"isBrowserstackAutomationSession":true,"test_name":"homeValidation","logs":[]}
2025-09-27T07:48:15.813Z CLI info [testhub:request-queue-handler]  [arjun153]  [dddu7ij36p14km2krvo7xn55e6w9kg7izkmgbgv7]  [94c3de09-a1d3-42e9-95f4-72b1a26c5503]  Added the event {
  event_type: 'TestRunFinished',
  test_run: {
    type: 'test',
    framework: 'TestNG',
    uuid: 'cd3148d4-7c5f-48d3-9dd8-eb818b4bdb6c',
    name: 'homeValidation',
    body: {
      lang: 'java',
      code: 'public void com.browserstack.ValidateHomePageLanding.homeValidation() throws java.lang.Exception'
    },
    identifier: 'homeValidation',
    scope: 'Default Suite.com.browserstack.ValidateHomePageLanding',
    scopes: [ 'Default Suite', 'com.browserstack.ValidateHomePageLanding' ],
    file_name: 'src/test/java/com/browserstack/ValidateHomePageLanding.java',
    vc_filepath: 'src/test/java/com/browserstack/ValidateHomePageLanding.java',
    location: 'src/test/java/com/browserstack/ValidateHomePageLanding.java',
    meta: {},
    result: 'passed',
    duration_in_ms: 9720,
    started_at: '2025-09-27T07:48:02.852Z',
    finished_at: '2025-09-27T07:48:12.572Z',
    failure: null,
    failure_type: null,
    failure_reason: null,
    retry_of: null,
    custom_metadata: {},
    tags: [],
    customRerunParam: { rerun_name: 'testng-browserstack-master-0' },
    hooks: [ 'dfcb6741-b01a-4e06-b81e-cb8e7db05629' ],
    product_map: {
      observability: true,
      accessibility: false,
      percy: false,
      automate: true,
      app_automate: false
    }
  },
  logs: []
} to 6333:0
2025-09-27T07:48:15.823Z CLI info [testhub:request-queue-handler]  [arjun153]  [dddu7ij36p14km2krvo7xn55e6w9kg7izkmgbgv7]  [94c3de09-a1d3-42e9-95f4-72b1a26c5503]  Added the event {
  event_type: 'HookRunStarted',
  hook_run: {
    type: 'hook',
    hook_type: 'AFTER_METHOD',
    framework: 'TestNG',
    uuid: '9c052604-adac-4553-aaf2-4f86e0a64441',
    name: 'tearDown',
    result: 'pending',
    test_run_id: 'cd3148d4-7c5f-48d3-9dd8-eb818b4bdb6c',
    body: { lang: 'java', code: null },
    scope: 'Default Suite.com.browserstack.ValidateHomePageLanding',
    custom_metadata: {},
    tags: [],
    scopes: [ 'Default Suite', 'com.browserstack.ValidateHomePageLanding' ],
    file_name: 'testng-browserstack-master/src/test/java/com/browserstack/ValidateHomePageLanding.java',
    vc_filepath: 'testng-browserstack-master/src/test/java/com/browserstack/ValidateHomePageLanding.java',
    location: 'testng-browserstack-master/src/test/java/com/browserstack/ValidateHomePageLanding.java',
    started_at: '2025-09-27T07:48:15.821Z'
  },
  logs: []
} to 6333:0
2025-09-27T07:48:16.025Z CLI info [testhub:request-queue-handler]  [arjun153]  [dddu7ij36p14km2krvo7xn55e6w9kg7izkmgbgv7]  [94c3de09-a1d3-42e9-95f4-72b1a26c5503]  Processing batch event [
  {
    event_type: 'TestRunFinished',
    test_run: {
      type: 'test',
      framework: 'TestNG',
      uuid: 'cd3148d4-7c5f-48d3-9dd8-eb818b4bdb6c',
      name: 'homeValidation',
      body: [Object],
      identifier: 'homeValidation',
      scope: 'Default Suite.com.browserstack.ValidateHomePageLanding',
      scopes: [Array],
      file_name: 'src/test/java/com/browserstack/ValidateHomePageLanding.java',
      vc_filepath: 'src/test/java/com/browserstack/ValidateHomePageLanding.java',
      location: 'src/test/java/com/browserstack/ValidateHomePageLanding.java',
      meta: {},
      result: 'passed',
      duration_in_ms: 9720,
      started_at: '2025-09-27T07:48:02.852Z',
      finished_at: '2025-09-27T07:48:12.572Z',
      failure: null,
      failure_type: null,
      failure_reason: null,
      retry_of: null,
      custom_metadata: {},
      tags: [],
      customRerunParam: [Object],
      hooks: [Array],
      product_map: [Object]
    },
    logs: []
  },
  {
    event_type: 'HookRunStarted',
    hook_run: {
      type: 'hook',
      hook_type: 'AFTER_METHOD',
      framework: 'TestNG',
      uuid: '9c052604-adac-4553-aaf2-4f86e0a64441',
      name: 'tearDown',
      result: 'pending',
      test_run_id: 'cd3148d4-7c5f-48d3-9dd8-eb818b4bdb6c',
      body: [Object],
      scope: 'Default Suite.com.browserstack.ValidateHomePageLanding',
      custom_metadata: {},
      tags: [],
      scopes: [Array],
      file_name: 'testng-browserstack-master/src/test/java/com/browserstack/ValidateHomePageLanding.java',
      vc_filepath: 'testng-browserstack-master/src/test/java/com/browserstack/ValidateHomePageLanding.java',
      location: 'testng-browserstack-master/src/test/java/com/browserstack/ValidateHomePageLanding.java',
      started_at: '2025-09-27T07:48:15.821Z'
    },
    logs: []
  }
] to 6333:0
2025-09-27T07:48:16.026Z CLI info  [arjun153]  [dddu7ij36p14km2krvo7xn55e6w9kg7izkmgbgv7]  [94c3de09-a1d3-42e9-95f4-72b1a26c5503]  [PRODUCTION] Making POST request to https://collector-observability.browserstack.com
2025-09-27T07:48:17.358Z CLI info [testhub:request-queue-handler]  [arjun153]  [dddu7ij36p14km2krvo7xn55e6w9kg7izkmgbgv7]  [94c3de09-a1d3-42e9-95f4-72b1a26c5503]  Added the event {
  event_type: 'HookRunFinished',
  hook_run: {
    type: 'hook',
    hook_type: 'AFTER_METHOD',
    framework: 'TestNG',
    uuid: '9c052604-adac-4553-aaf2-4f86e0a64441',
    name: 'tearDown',
    result: 'passed',
    test_run_id: 'cd3148d4-7c5f-48d3-9dd8-eb818b4bdb6c',
    body: { lang: 'java', code: null },
    scope: 'Default Suite.com.browserstack.ValidateHomePageLanding',
    custom_metadata: {},
    tags: [],
    scopes: [ 'Default Suite', 'com.browserstack.ValidateHomePageLanding' ],
    file_name: 'testng-browserstack-master/src/test/java/com/browserstack/ValidateHomePageLanding.java',
    vc_filepath: 'testng-browserstack-master/src/test/java/com/browserstack/ValidateHomePageLanding.java',
    location: 'testng-browserstack-master/src/test/java/com/browserstack/ValidateHomePageLanding.java',
    started_at: '2025-09-27T07:48:15.821Z',
    finished_at: '2025-09-27T07:48:17.355Z'
  },
  logs: []
} to 6333:0
2025-09-27T07:48:18.027Z CLI info [testhub:request-queue-handler]  [arjun153]  [dddu7ij36p14km2krvo7xn55e6w9kg7izkmgbgv7]  [94c3de09-a1d3-42e9-95f4-72b1a26c5503]  Processing batch event [
  {
    event_type: 'HookRunFinished',
    hook_run: {
      type: 'hook',
      hook_type: 'AFTER_METHOD',
      framework: 'TestNG',
      uuid: '9c052604-adac-4553-aaf2-4f86e0a64441',
      name: 'tearDown',
      result: 'passed',
      test_run_id: 'cd3148d4-7c5f-48d3-9dd8-eb818b4bdb6c',
      body: [Object],
      scope: 'Default Suite.com.browserstack.ValidateHomePageLanding',
      custom_metadata: {},
      tags: [],
      scopes: [Array],
      file_name: 'testng-browserstack-master/src/test/java/com/browserstack/ValidateHomePageLanding.java',
      vc_filepath: 'testng-browserstack-master/src/test/java/com/browserstack/ValidateHomePageLanding.java',
      location: 'testng-browserstack-master/src/test/java/com/browserstack/ValidateHomePageLanding.java',
      started_at: '2025-09-27T07:48:15.821Z',
      finished_at: '2025-09-27T07:48:17.355Z'
    },
    logs: []
  }
] to 6333:0
2025-09-27T07:48:18.030Z CLI info  [arjun153]  [dddu7ij36p14km2krvo7xn55e6w9kg7izkmgbgv7]  [94c3de09-a1d3-42e9-95f4-72b1a26c5503]  [PRODUCTION] Making POST request to https://collector-observability.browserstack.com
2025-09-27T07:48:18.965Z CLI info  [arjun153]  [dddu7ij36p14km2krvo7xn55e6w9kg7izkmgbgv7]  [94c3de09-a1d3-42e9-95f4-72b1a26c5503]  [PRODUCTION] Making POST request to https://collector-observability.browserstack.com
2025-09-27T07:48:19.924Z CLI error [testhub:module]  [arjun153]  [dddu7ij36p14km2krvo7xn55e6w9kg7izkmgbgv7]  [94c3de09-a1d3-42e9-95f4-72b1a26c5503]  [collectBuildData] Exception in collecting build data for build UUID dddu7ij36p14km2krvo7xn55e6w9kg7izkmgbgv7: {"message":"Build data collection started"}
2025-09-27T07:48:19.924Z CLI info  [arjun153]  [dddu7ij36p14km2krvo7xn55e6w9kg7izkmgbgv7]  [94c3de09-a1d3-42e9-95f4-72b1a26c5503]  [PRODUCTION] Making PUT request to https://collector-observability.browserstack.com
2025-09-27T07:48:20.870Z CLI info [testhub:module]  [arjun153]  [dddu7ij36p14km2krvo7xn55e6w9kg7izkmgbgv7]  [94c3de09-a1d3-42e9-95f4-72b1a26c5503]  stopBuild: dddu7ij36p14km2krvo7xn55e6w9kg7izkmgbgv7 request={"finished_at":"2025-09-27T07:48:18.377Z","finished_metadata":[],"custom_metadata":{}} response={"data":""}
2025-09-27T07:48:20.872Z CLI info  [arjun153]  [dddu7ij36p14km2krvo7xn55e6w9kg7izkmgbgv7]  [94c3de09-a1d3-42e9-95f4-72b1a26c5503]  [PRODUCTION] Making POST request to https://api.browserstack.com
2025-09-27T07:48:20.874Z CLI info [TEST REPORTING AND ANALYTICS:module]  [arjun153]  [dddu7ij36p14km2krvo7xn55e6w9kg7izkmgbgv7]  [94c3de09-a1d3-42e9-95f4-72b1a26c5503]  Visit https://automation.browserstack.com/builds/dddu7ij36p14km2krvo7xn55e6w9kg7izkmgbgv7 to view build report, insights, and many more debugging information all at one place!
2025-09-27T07:48:25.464Z CLI info  [arjun153]  [dddu7ij36p14km2krvo7xn55e6w9kg7izkmgbgv7]  [94c3de09-a1d3-42e9-95f4-72b1a26c5503]  [PRODUCTION] Making GET request to https://api.browserstack.com
2025-09-27T07:48:26.433Z CLI info  [arjun153]  [dddu7ij36p14km2krvo7xn55e6w9kg7izkmgbgv7]  [94c3de09-a1d3-42e9-95f4-72b1a26c5503]  [PRODUCTION] Making POST request to https://eds.browserstack.com
2025-09-27T07:48:27.720Z CLI info [main]  [arjun153]  [dddu7ij36p14km2krvo7xn55e6w9kg7izkmgbgv7]  [94c3de09-a1d3-42e9-95f4-72b1a26c5503]  Received graceful signal termination, performing cleanup
2025-09-27T07:49:33.337Z CLI info [main]     Server listening on port: 5400
2025-09-27T07:49:33.543Z CLI info     Config : {"userName":"arjun153","accessKey":"pBUjJCeGYhbsRaET7AUb","framework":"testng","platforms":[{"os":"Windows","osVersion":"10","browserName":"Chrome","browserVersion":"136.0"}],"parallelsPerPlatform":1,"browserstackLocal":true,"buildName":"testathon_Arjun Build","projectName":"testathon_Arjun","CUSTOM_TAG_1":"testathon_Arjun_tag","networkLogs":true,"consoleLogs":"info","percy":false,"percyCaptureMode":"auto"}
2025-09-27T07:49:33.550Z CLI info [testhub:module]  [arjun153]   [4ab11ef5-a9a8-47a3-880e-a70c31f2ecc5]  Starting testhub from 6402:0
2025-09-27T07:49:33.551Z CLI info [testhub:module]  [arjun153]   [4ab11ef5-a9a8-47a3-880e-a70c31f2ecc5]  startBuild: payload=

{"started_at":"2025-09-27T07:49:33.551Z","host_info":{"hostname":"ArjunBM-MBP","platform":"darwin","type":"Darwin","version":"Darwin Kernel Version 24.6.0: Mon Aug 11 21:16:21 PDT 2025; root:xnu-11417.140.69.701.11~1/RELEASE_ARM64_T6000","arch":"arm64"},"ci_info":{"build_number":null},"version_control":{"name":"git","sha":"9683b848705b6f79390d112cbf50da21b1156b15","short_sha":"9683b84870","branch":"main","tag":null,"committer":"arjun <arjunbm13@gmail.com>","committer_date":"2025-09-27T07:26:24.000Z","author":"arjun <arjunbm13@gmail.com>","author_date":"2025-09-27T07:26:24.000Z","commit_message":"Initial files commit","root":"/Users/arjun/Downloads/testng-browserstack-master","common_git_dir":"/Users/arjun/Downloads/testng-browserstack-master/.git","worktree_git_dir":"/Users/arjun/Downloads/testng-browserstack-master/.git","last_tag":null,"commits_since_last_tag":0,"remotes":[{"name":"origin","url":"https://github.com/arjunbm13/testng-browserstack-master.git"}]},"project_name":"testathon_Arjun","name":"testathon_Arjun Build","build_identifier":"#10","build_run_identifier":null,"description":"","tags":["testathon_Arjun_tag"],"failed_tests_rerun":false,"accessibility":{"settings":{}},"framework_details":{"frameworkName":"TestNG","frameworkVersion":"7.4.0","sdkVersion":"1.41.1","cliVersion":"1.6.23","language":"java","testFramework":{"name":"selenium","version":"4.1.4"}},"product_map":{"observability":true,"accessibility":null,"percy":false,"automate":true,"app_automate":false},"browserstackAutomation":true,"test_orchestration":{}}
2025-09-27T07:49:33.551Z CLI info  [arjun153]   [4ab11ef5-a9a8-47a3-880e-a70c31f2ecc5]  [PRODUCTION] Making POST request to https://sdk.browserstack.com
2025-09-27T07:49:34.340Z CLI info [testhub:module]  [arjun153]   [4ab11ef5-a9a8-47a3-880e-a70c31f2ecc5]  startBuild: response=mytd8nulc7nrc2mpafwc6maf6orumzskrowiudce
2025-09-27T07:49:34.342Z CLI info  [arjun153]  [mytd8nulc7nrc2mpafwc6maf6orumzskrowiudce]  [4ab11ef5-a9a8-47a3-880e-a70c31f2ecc5]  [PRODUCTION] Making POST request to https://api.browserstack.com
2025-09-27T07:49:42.908Z CLI info  [arjun153]  [mytd8nulc7nrc2mpafwc6maf6orumzskrowiudce]  [4ab11ef5-a9a8-47a3-880e-a70c31f2ecc5]  [PRODUCTION] Making GET request to https://hub.browserstack.com
2025-09-27T07:49:43.091Z CLI info  [arjun153]  [mytd8nulc7nrc2mpafwc6maf6orumzskrowiudce]  [4ab11ef5-a9a8-47a3-880e-a70c31f2ecc5]  [PRODUCTION] Making GET request to https://hub-aps.browserstack.com
2025-09-27T07:49:43.199Z CLI info  [arjun153]  [mytd8nulc7nrc2mpafwc6maf6orumzskrowiudce]  [4ab11ef5-a9a8-47a3-880e-a70c31f2ecc5]  [PRODUCTION] Making GET request to https://hub-euw.browserstack.com
2025-09-27T07:49:44.575Z CLI info  [arjun153]  [mytd8nulc7nrc2mpafwc6maf6orumzskrowiudce]  [4ab11ef5-a9a8-47a3-880e-a70c31f2ecc5]  [PRODUCTION] Making GET request to https://hub-apse.browserstack.com
2025-09-27T07:49:46.905Z CLI info [testhub:request-queue-handler]  [arjun153]  [mytd8nulc7nrc2mpafwc6maf6orumzskrowiudce]  [4ab11ef5-a9a8-47a3-880e-a70c31f2ecc5]  Added the event {
  event_type: 'HookRunStarted',
  hook_run: {
    type: 'hook',
    hook_type: 'BEFORE_METHOD',
    framework: 'TestNG',
    uuid: '4b79f3de-1e5d-466f-8fbd-c7dc635ceb13',
    name: 'setUp',
    result: 'pending',
    test_run_id: '846dc5bc-3d2f-4139-b744-a6f8a591409c',
    body: { lang: 'java', code: null },
    scope: 'Default Suite.com.browserstack.ValidateHomePageLanding',
    custom_metadata: {},
    tags: [],
    scopes: [ 'Default Suite', 'com.browserstack.ValidateHomePageLanding' ],
    file_name: 'testng-browserstack-master/src/test/java/com/browserstack/ValidateHomePageLanding.java',
    vc_filepath: 'testng-browserstack-master/src/test/java/com/browserstack/ValidateHomePageLanding.java',
    location: 'testng-browserstack-master/src/test/java/com/browserstack/ValidateHomePageLanding.java',
    started_at: '2025-09-27T07:49:46.897Z'
  },
  logs: []
} to 6402:0
2025-09-27T07:49:47.011Z CLI info [testhub:request-queue-handler]  [arjun153]  [mytd8nulc7nrc2mpafwc6maf6orumzskrowiudce]  [4ab11ef5-a9a8-47a3-880e-a70c31f2ecc5]  Added the event {
  event_type: 'LogCreated',
  logs: [
    {
      testFrameworkName: 'TestNG',
      testFrameworkVersion: '7.4.0',
      testFrameworkState: 'LOG',
      timestamp: '2025-09-27T07:49:47.004Z',
      uuid: '4b79f3de-1e5d-466f-8fbd-c7dc635ceb13',
      kind: 'TEST_LOG',
      message: '"SLF4J: Failed to load class \\"org.slf4j.impl.StaticLoggerBinder\\"."',
      level: 'ERROR',
      test_run_uuid: '4b79f3de-1e5d-466f-8fbd-c7dc635ceb13'
    }
  ]
} to 6402:0
2025-09-27T07:49:47.020Z CLI info [testhub:request-queue-handler]  [arjun153]  [mytd8nulc7nrc2mpafwc6maf6orumzskrowiudce]  [4ab11ef5-a9a8-47a3-880e-a70c31f2ecc5]  Added the event {
  event_type: 'LogCreated',
  logs: [
    {
      testFrameworkName: 'TestNG',
      testFrameworkVersion: '7.4.0',
      testFrameworkState: 'LOG',
      timestamp: '2025-09-27T07:49:47.018Z',
      uuid: '4b79f3de-1e5d-466f-8fbd-c7dc635ceb13',
      kind: 'TEST_LOG',
      message: '"SLF4J: Defaulting to no-operation (NOP) logger implementation"',
      level: 'ERROR',
      test_run_uuid: '4b79f3de-1e5d-466f-8fbd-c7dc635ceb13'
    }
  ]
} to 6402:0
2025-09-27T07:49:47.027Z CLI info [testhub:request-queue-handler]  [arjun153]  [mytd8nulc7nrc2mpafwc6maf6orumzskrowiudce]  [4ab11ef5-a9a8-47a3-880e-a70c31f2ecc5]  Added the event {
  event_type: 'LogCreated',
  logs: [
    {
      testFrameworkName: 'TestNG',
      testFrameworkVersion: '7.4.0',
      testFrameworkState: 'LOG',
      timestamp: '2025-09-27T07:49:47.026Z',
      uuid: '4b79f3de-1e5d-466f-8fbd-c7dc635ceb13',
      kind: 'TEST_LOG',
      message: '"SLF4J: See http://www.slf4j.org/codes.html#StaticLoggerBinder for further details."',
      level: 'ERROR',
      test_run_uuid: '4b79f3de-1e5d-466f-8fbd-c7dc635ceb13'
    }
  ]
} to 6402:0
2025-09-27T07:49:47.054Z CLI info [testhub:request-queue-handler]  [arjun153]  [mytd8nulc7nrc2mpafwc6maf6orumzskrowiudce]  [4ab11ef5-a9a8-47a3-880e-a70c31f2ecc5]  Added the event {
  event_type: 'LogCreated',
  logs: [
    {
      testFrameworkName: 'TestNG',
      testFrameworkVersion: '7.4.0',
      testFrameworkState: 'LOG',
      timestamp: '2025-09-27T07:49:47.052Z',
      uuid: '4b79f3de-1e5d-466f-8fbd-c7dc635ceb13',
      kind: 'TEST_LOG',
      message: '"WARNING: sun.reflect.Reflection.getCallerClass is not supported. This will impact performance."',
      level: 'INFO',
      test_run_uuid: '4b79f3de-1e5d-466f-8fbd-c7dc635ceb13'
    }
  ]
} to 6402:0
2025-09-27T07:49:48.354Z CLI info [testhub:request-queue-handler]  [arjun153]  [mytd8nulc7nrc2mpafwc6maf6orumzskrowiudce]  [4ab11ef5-a9a8-47a3-880e-a70c31f2ecc5]  Processing batch event [
  {
    event_type: 'HookRunStarted',
    hook_run: {
      type: 'hook',
      hook_type: 'BEFORE_METHOD',
      framework: 'TestNG',
      uuid: '4b79f3de-1e5d-466f-8fbd-c7dc635ceb13',
      name: 'setUp',
      result: 'pending',
      test_run_id: '846dc5bc-3d2f-4139-b744-a6f8a591409c',
      body: [Object],
      scope: 'Default Suite.com.browserstack.ValidateHomePageLanding',
      custom_metadata: {},
      tags: [],
      scopes: [Array],
      file_name: 'testng-browserstack-master/src/test/java/com/browserstack/ValidateHomePageLanding.java',
      vc_filepath: 'testng-browserstack-master/src/test/java/com/browserstack/ValidateHomePageLanding.java',
      location: 'testng-browserstack-master/src/test/java/com/browserstack/ValidateHomePageLanding.java',
      started_at: '2025-09-27T07:49:46.897Z'
    },
    logs: []
  },
  { event_type: 'LogCreated', logs: [ [Object] ] },
  { event_type: 'LogCreated', logs: [ [Object] ] },
  { event_type: 'LogCreated', logs: [ [Object] ] },
  { event_type: 'LogCreated', logs: [ [Object] ] }
] to 6402:0
2025-09-27T07:49:48.356Z CLI info  [arjun153]  [mytd8nulc7nrc2mpafwc6maf6orumzskrowiudce]  [4ab11ef5-a9a8-47a3-880e-a70c31f2ecc5]  [PRODUCTION] Making POST request to https://collector-observability.browserstack.com
2025-09-27T07:49:56.027Z CLI info [testhub:request-queue-handler]  [arjun153]  [mytd8nulc7nrc2mpafwc6maf6orumzskrowiudce]  [4ab11ef5-a9a8-47a3-880e-a70c31f2ecc5]  Added the event {
  event_type: 'HookRunFinished',
  hook_run: {
    type: 'hook',
    hook_type: 'BEFORE_METHOD',
    framework: 'TestNG',
    uuid: '4b79f3de-1e5d-466f-8fbd-c7dc635ceb13',
    name: 'setUp',
    result: 'passed',
    test_run_id: '846dc5bc-3d2f-4139-b744-a6f8a591409c',
    body: { lang: 'java', code: null },
    scope: 'Default Suite.com.browserstack.ValidateHomePageLanding',
    custom_metadata: {},
    tags: [],
    scopes: [ 'Default Suite', 'com.browserstack.ValidateHomePageLanding' ],
    file_name: 'testng-browserstack-master/src/test/java/com/browserstack/ValidateHomePageLanding.java',
    vc_filepath: 'testng-browserstack-master/src/test/java/com/browserstack/ValidateHomePageLanding.java',
    location: 'testng-browserstack-master/src/test/java/com/browserstack/ValidateHomePageLanding.java',
    started_at: '2025-09-27T07:49:46.897Z',
    finished_at: '2025-09-27T07:49:56.024Z'
  },
  logs: []
} to 6402:0
2025-09-27T07:49:56.062Z CLI info [testhub:request-queue-handler]  [arjun153]  [mytd8nulc7nrc2mpafwc6maf6orumzskrowiudce]  [4ab11ef5-a9a8-47a3-880e-a70c31f2ecc5]  Added the event {
  event_type: 'CBTSessionCreated',
  test_run: {
    uuid: 'b5124f47-57d7-4452-982d-fd294c7a4cc8',
    integrations: { browserstack: [Object] }
  }
} to 6402:0
2025-09-27T07:49:56.068Z CLI info [testhub:request-queue-handler]  [arjun153]  [mytd8nulc7nrc2mpafwc6maf6orumzskrowiudce]  [4ab11ef5-a9a8-47a3-880e-a70c31f2ecc5]  Added the event {
  event_type: 'TestRunStarted',
  test_run: {
    type: 'test',
    framework: 'TestNG',
    uuid: 'b5124f47-57d7-4452-982d-fd294c7a4cc8',
    name: 'homeValidation',
    body: {
      lang: 'java',
      code: 'public void com.browserstack.ValidateHomePageLanding.homeValidation() throws java.lang.Exception'
    },
    identifier: 'homeValidation',
    scope: 'Default Suite.com.browserstack.ValidateHomePageLanding',
    scopes: [ 'Default Suite', 'com.browserstack.ValidateHomePageLanding' ],
    file_name: 'src/test/java/com/browserstack/ValidateHomePageLanding.java',
    vc_filepath: 'src/test/java/com/browserstack/ValidateHomePageLanding.java',
    location: 'src/test/java/com/browserstack/ValidateHomePageLanding.java',
    meta: {},
    result: 'pending',
    duration_in_ms: null,
    started_at: '2025-09-27T07:49:56.038Z',
    failure: undefined,
    failure_type: undefined,
    failure_reason: undefined,
    retry_of: null,
    custom_metadata: {},
    tags: [],
    customRerunParam: { rerun_name: 'testng-browserstack-master-0' },
    hooks: [],
    product_map: {
      observability: true,
      accessibility: false,
      percy: false,
      automate: true,
      app_automate: false
    }
  },
  logs: []
} to 6402:0
2025-09-27T07:49:56.355Z CLI info [testhub:request-queue-handler]  [arjun153]  [mytd8nulc7nrc2mpafwc6maf6orumzskrowiudce]  [4ab11ef5-a9a8-47a3-880e-a70c31f2ecc5]  Processing batch event [
  {
    event_type: 'HookRunFinished',
    hook_run: {
      type: 'hook',
      hook_type: 'BEFORE_METHOD',
      framework: 'TestNG',
      uuid: '4b79f3de-1e5d-466f-8fbd-c7dc635ceb13',
      name: 'setUp',
      result: 'passed',
      test_run_id: '846dc5bc-3d2f-4139-b744-a6f8a591409c',
      body: [Object],
      scope: 'Default Suite.com.browserstack.ValidateHomePageLanding',
      custom_metadata: {},
      tags: [],
      scopes: [Array],
      file_name: 'testng-browserstack-master/src/test/java/com/browserstack/ValidateHomePageLanding.java',
      vc_filepath: 'testng-browserstack-master/src/test/java/com/browserstack/ValidateHomePageLanding.java',
      location: 'testng-browserstack-master/src/test/java/com/browserstack/ValidateHomePageLanding.java',
      started_at: '2025-09-27T07:49:46.897Z',
      finished_at: '2025-09-27T07:49:56.024Z'
    },
    logs: []
  },
  {
    event_type: 'CBTSessionCreated',
    test_run: {
      uuid: 'b5124f47-57d7-4452-982d-fd294c7a4cc8',
      integrations: [Object]
    }
  },
  {
    event_type: 'TestRunStarted',
    test_run: {
      type: 'test',
      framework: 'TestNG',
      uuid: 'b5124f47-57d7-4452-982d-fd294c7a4cc8',
      name: 'homeValidation',
      body: [Object],
      identifier: 'homeValidation',
      scope: 'Default Suite.com.browserstack.ValidateHomePageLanding',
      scopes: [Array],
      file_name: 'src/test/java/com/browserstack/ValidateHomePageLanding.java',
      vc_filepath: 'src/test/java/com/browserstack/ValidateHomePageLanding.java',
      location: 'src/test/java/com/browserstack/ValidateHomePageLanding.java',
      meta: {},
      result: 'pending',
      duration_in_ms: null,
      started_at: '2025-09-27T07:49:56.038Z',
      failure: undefined,
      failure_type: undefined,
      failure_reason: undefined,
      retry_of: null,
      custom_metadata: {},
      tags: [],
      customRerunParam: [Object],
      hooks: [],
      product_map: [Object]
    },
    logs: []
  }
] to 6402:0
2025-09-27T07:49:56.359Z CLI info  [arjun153]  [mytd8nulc7nrc2mpafwc6maf6orumzskrowiudce]  [4ab11ef5-a9a8-47a3-880e-a70c31f2ecc5]  [PRODUCTION] Making POST request to https://collector-observability.browserstack.com
2025-09-27T07:50:02.375Z CLI info [testhub:request-queue-handler]  [arjun153]  [mytd8nulc7nrc2mpafwc6maf6orumzskrowiudce]  [4ab11ef5-a9a8-47a3-880e-a70c31f2ecc5]  Added the event {
  event_type: 'LogCreated',
  logs: [
    {
      testFrameworkName: 'TestNG',
      testFrameworkVersion: '7.4.0',
      testFrameworkState: 'LOG',
      timestamp: '2025-09-27T07:50:02.372Z',
      uuid: 'b5124f47-57d7-4452-982d-fd294c7a4cc8',
      kind: 'TEST_LOG',
      message: '"Apple is listed ✅"',
      level: 'INFO',
      test_run_uuid: 'b5124f47-57d7-4452-982d-fd294c7a4cc8'
    }
  ]
} to 6402:0
2025-09-27T07:50:02.381Z CLI info [testhub:request-queue-handler]  [arjun153]  [mytd8nulc7nrc2mpafwc6maf6orumzskrowiudce]  [4ab11ef5-a9a8-47a3-880e-a70c31f2ecc5]  Added the event {
  event_type: 'LogCreated',
  logs: [
    {
      testFrameworkName: 'TestNG',
      testFrameworkVersion: '7.4.0',
      testFrameworkState: 'LOG',
      timestamp: '2025-09-27T07:50:02.379Z',
      uuid: 'b5124f47-57d7-4452-982d-fd294c7a4cc8',
      kind: 'TEST_LOG',
      message: '"Samsung is listed ✅"',
      level: 'INFO',
      test_run_uuid: 'b5124f47-57d7-4452-982d-fd294c7a4cc8'
    }
  ]
} to 6402:0
2025-09-27T07:50:02.386Z CLI info [testhub:request-queue-handler]  [arjun153]  [mytd8nulc7nrc2mpafwc6maf6orumzskrowiudce]  [4ab11ef5-a9a8-47a3-880e-a70c31f2ecc5]  Added the event {
  event_type: 'LogCreated',
  logs: [
    {
      testFrameworkName: 'TestNG',
      testFrameworkVersion: '7.4.0',
      testFrameworkState: 'LOG',
      timestamp: '2025-09-27T07:50:02.384Z',
      uuid: 'b5124f47-57d7-4452-982d-fd294c7a4cc8',
      kind: 'TEST_LOG',
      message: '"Google is listed ✅"',
      level: 'INFO',
      test_run_uuid: 'b5124f47-57d7-4452-982d-fd294c7a4cc8'
    }
  ]
} to 6402:0
2025-09-27T07:50:02.391Z CLI info [testhub:request-queue-handler]  [arjun153]  [mytd8nulc7nrc2mpafwc6maf6orumzskrowiudce]  [4ab11ef5-a9a8-47a3-880e-a70c31f2ecc5]  Added the event {
  event_type: 'LogCreated',
  logs: [
    {
      testFrameworkName: 'TestNG',
      testFrameworkVersion: '7.4.0',
      testFrameworkState: 'LOG',
      timestamp: '2025-09-27T07:50:02.389Z',
      uuid: 'b5124f47-57d7-4452-982d-fd294c7a4cc8',
      kind: 'TEST_LOG',
      message: '"Oneplus is missing ❌"',
      level: 'INFO',
      test_run_uuid: 'b5124f47-57d7-4452-982d-fd294c7a4cc8'
    }
  ]
} to 6402:0
2025-09-27T07:50:04.357Z CLI info [testhub:request-queue-handler]  [arjun153]  [mytd8nulc7nrc2mpafwc6maf6orumzskrowiudce]  [4ab11ef5-a9a8-47a3-880e-a70c31f2ecc5]  Processing batch event [
  { event_type: 'LogCreated', logs: [ [Object] ] },
  { event_type: 'LogCreated', logs: [ [Object] ] },
  { event_type: 'LogCreated', logs: [ [Object] ] },
  { event_type: 'LogCreated', logs: [ [Object] ] }
] to 6402:0
2025-09-27T07:50:04.360Z CLI info  [arjun153]  [mytd8nulc7nrc2mpafwc6maf6orumzskrowiudce]  [4ab11ef5-a9a8-47a3-880e-a70c31f2ecc5]  [PRODUCTION] Making POST request to https://collector-observability.browserstack.com
2025-09-27T07:50:06.189Z CLI warn [TEST REPORTING AND ANALYTICS:java:testng]  [arjun153]  [mytd8nulc7nrc2mpafwc6maf6orumzskrowiudce]  [4ab11ef5-a9a8-47a3-880e-a70c31f2ecc5]  TestRunFinished: event={"test_hook_last_started":"BEFORE_METHOD","test_failure_type":null,"test_rerun_name":"testng-browserstack-master-0","test_result_at":"2025-09-27T13:20:03.001535","test_scope":"Default Suite.com.browserstack.ValidateHomePageLanding","test_framework_name":"TestNG","test_tags":"","cbt_session_created":true,"test_started_at":"2025-09-27T13:19:56.038621","platform_index":0,"test_failure":null,"test_framework_version":"7.4.0","test_logs":[],"test_scopes":["Default Suite","com.browserstack.ValidateHomePageLanding"],"test_code":"public void com.browserstack.ValidateHomePageLanding.homeValidation() throws java.lang.Exception","test_id":"testng-browserstack-master-0@0","test_uuid":"b5124f47-57d7-4452-982d-fd294c7a4cc8","test_ended_at":"2025-09-27T13:20:03.001850","automate_session_name":"testng-browserstack-master-00","test_hook_last_finished":"BEFORE_METHOD","test_session_name":"com.browserstack.ValidateHomePageLanding-homeValidation","test_hook_state":"sdk:hook:ec0f97cc","custom_metadata":{},"test_failure_reason":null,"test_location":"src/test/java/com/browserstack/ValidateHomePageLanding.java","test_hooks_started":{"BEFORE_METHOD":[]},"test_file_path":"src/test/java/com/browserstack/ValidateHomePageLanding.java","test_result":"passed","test_hooks_finished":{"BEFORE_METHOD":[{"hook_name":"setUp","hook_result":"passed","test_file_path":"testng-browserstack-master/src/test/java/com/browserstack/ValidateHomePageLanding.java","event_started_at":"2025-09-27T13:19:46.897003","hook_id":"4b79f3de-1e5d-466f-8fbd-c7dc635ceb13","hook_logs":[],"logs":[],"key":"BEFORE_METHOD","custom_metadata":{},"event_ended_at":"2025-09-27T13:19:56.024733","test_location":"testng-browserstack-master/src/test/java/com/browserstack/ValidateHomePageLanding.java"}]},"hook_id":"4b79f3de-1e5d-466f-8fbd-c7dc635ceb13","test_meta":{},"isBrowserstackAutomationSession":true,"test_name":"homeValidation","logs":[]}
2025-09-27T07:50:06.190Z CLI info [testhub:request-queue-handler]  [arjun153]  [mytd8nulc7nrc2mpafwc6maf6orumzskrowiudce]  [4ab11ef5-a9a8-47a3-880e-a70c31f2ecc5]  Added the event {
  event_type: 'TestRunFinished',
  test_run: {
    type: 'test',
    framework: 'TestNG',
    uuid: 'b5124f47-57d7-4452-982d-fd294c7a4cc8',
    name: 'homeValidation',
    body: {
      lang: 'java',
      code: 'public void com.browserstack.ValidateHomePageLanding.homeValidation() throws java.lang.Exception'
    },
    identifier: 'homeValidation',
    scope: 'Default Suite.com.browserstack.ValidateHomePageLanding',
    scopes: [ 'Default Suite', 'com.browserstack.ValidateHomePageLanding' ],
    file_name: 'src/test/java/com/browserstack/ValidateHomePageLanding.java',
    vc_filepath: 'src/test/java/com/browserstack/ValidateHomePageLanding.java',
    location: 'src/test/java/com/browserstack/ValidateHomePageLanding.java',
    meta: {},
    result: 'passed',
    duration_in_ms: 6963,
    started_at: '2025-09-27T07:49:56.038Z',
    finished_at: '2025-09-27T07:50:03.001Z',
    failure: null,
    failure_type: null,
    failure_reason: null,
    retry_of: null,
    custom_metadata: {},
    tags: [],
    customRerunParam: { rerun_name: 'testng-browserstack-master-0' },
    hooks: [ '4b79f3de-1e5d-466f-8fbd-c7dc635ceb13' ],
    product_map: {
      observability: true,
      accessibility: false,
      percy: false,
      automate: true,
      app_automate: false
    }
  },
  logs: []
} to 6402:0
2025-09-27T07:50:06.206Z CLI info [testhub:request-queue-handler]  [arjun153]  [mytd8nulc7nrc2mpafwc6maf6orumzskrowiudce]  [4ab11ef5-a9a8-47a3-880e-a70c31f2ecc5]  Added the event {
  event_type: 'HookRunStarted',
  hook_run: {
    type: 'hook',
    hook_type: 'AFTER_METHOD',
    framework: 'TestNG',
    uuid: '3f9e1469-98a8-4259-aae4-d84c9ead070d',
    name: 'tearDown',
    result: 'pending',
    test_run_id: 'b5124f47-57d7-4452-982d-fd294c7a4cc8',
    body: { lang: 'java', code: null },
    scope: 'Default Suite.com.browserstack.ValidateHomePageLanding',
    custom_metadata: {},
    tags: [],
    scopes: [ 'Default Suite', 'com.browserstack.ValidateHomePageLanding' ],
    file_name: 'testng-browserstack-master/src/test/java/com/browserstack/ValidateHomePageLanding.java',
    vc_filepath: 'testng-browserstack-master/src/test/java/com/browserstack/ValidateHomePageLanding.java',
    location: 'testng-browserstack-master/src/test/java/com/browserstack/ValidateHomePageLanding.java',
    started_at: '2025-09-27T07:50:06.203Z'
  },
  logs: []
} to 6402:0
2025-09-27T07:50:06.357Z CLI info [testhub:request-queue-handler]  [arjun153]  [mytd8nulc7nrc2mpafwc6maf6orumzskrowiudce]  [4ab11ef5-a9a8-47a3-880e-a70c31f2ecc5]  Processing batch event [
  {
    event_type: 'TestRunFinished',
    test_run: {
      type: 'test',
      framework: 'TestNG',
      uuid: 'b5124f47-57d7-4452-982d-fd294c7a4cc8',
      name: 'homeValidation',
      body: [Object],
      identifier: 'homeValidation',
      scope: 'Default Suite.com.browserstack.ValidateHomePageLanding',
      scopes: [Array],
      file_name: 'src/test/java/com/browserstack/ValidateHomePageLanding.java',
      vc_filepath: 'src/test/java/com/browserstack/ValidateHomePageLanding.java',
      location: 'src/test/java/com/browserstack/ValidateHomePageLanding.java',
      meta: {},
      result: 'passed',
      duration_in_ms: 6963,
      started_at: '2025-09-27T07:49:56.038Z',
      finished_at: '2025-09-27T07:50:03.001Z',
      failure: null,
      failure_type: null,
      failure_reason: null,
      retry_of: null,
      custom_metadata: {},
      tags: [],
      customRerunParam: [Object],
      hooks: [Array],
      product_map: [Object]
    },
    logs: []
  },
  {
    event_type: 'HookRunStarted',
    hook_run: {
      type: 'hook',
      hook_type: 'AFTER_METHOD',
      framework: 'TestNG',
      uuid: '3f9e1469-98a8-4259-aae4-d84c9ead070d',
      name: 'tearDown',
      result: 'pending',
      test_run_id: 'b5124f47-57d7-4452-982d-fd294c7a4cc8',
      body: [Object],
      scope: 'Default Suite.com.browserstack.ValidateHomePageLanding',
      custom_metadata: {},
      tags: [],
      scopes: [Array],
      file_name: 'testng-browserstack-master/src/test/java/com/browserstack/ValidateHomePageLanding.java',
      vc_filepath: 'testng-browserstack-master/src/test/java/com/browserstack/ValidateHomePageLanding.java',
      location: 'testng-browserstack-master/src/test/java/com/browserstack/ValidateHomePageLanding.java',
      started_at: '2025-09-27T07:50:06.203Z'
    },
    logs: []
  }
] to 6402:0
2025-09-27T07:50:06.358Z CLI info  [arjun153]  [mytd8nulc7nrc2mpafwc6maf6orumzskrowiudce]  [4ab11ef5-a9a8-47a3-880e-a70c31f2ecc5]  [PRODUCTION] Making POST request to https://collector-observability.browserstack.com
2025-09-27T07:50:07.772Z CLI info [testhub:request-queue-handler]  [arjun153]  [mytd8nulc7nrc2mpafwc6maf6orumzskrowiudce]  [4ab11ef5-a9a8-47a3-880e-a70c31f2ecc5]  Added the event {
  event_type: 'HookRunFinished',
  hook_run: {
    type: 'hook',
    hook_type: 'AFTER_METHOD',
    framework: 'TestNG',
    uuid: '3f9e1469-98a8-4259-aae4-d84c9ead070d',
    name: 'tearDown',
    result: 'passed',
    test_run_id: 'b5124f47-57d7-4452-982d-fd294c7a4cc8',
    body: { lang: 'java', code: null },
    scope: 'Default Suite.com.browserstack.ValidateHomePageLanding',
    custom_metadata: {},
    tags: [],
    scopes: [ 'Default Suite', 'com.browserstack.ValidateHomePageLanding' ],
    file_name: 'testng-browserstack-master/src/test/java/com/browserstack/ValidateHomePageLanding.java',
    vc_filepath: 'testng-browserstack-master/src/test/java/com/browserstack/ValidateHomePageLanding.java',
    location: 'testng-browserstack-master/src/test/java/com/browserstack/ValidateHomePageLanding.java',
    started_at: '2025-09-27T07:50:06.203Z',
    finished_at: '2025-09-27T07:50:07.769Z'
  },
  logs: []
} to 6402:0
2025-09-27T07:50:08.205Z CLI info  [arjun153]  [mytd8nulc7nrc2mpafwc6maf6orumzskrowiudce]  [4ab11ef5-a9a8-47a3-880e-a70c31f2ecc5]  [PRODUCTION] Making POST request to https://collector-observability.browserstack.com
2025-09-27T07:50:08.359Z CLI info [testhub:request-queue-handler]  [arjun153]  [mytd8nulc7nrc2mpafwc6maf6orumzskrowiudce]  [4ab11ef5-a9a8-47a3-880e-a70c31f2ecc5]  Processing batch event [
  {
    event_type: 'HookRunFinished',
    hook_run: {
      type: 'hook',
      hook_type: 'AFTER_METHOD',
      framework: 'TestNG',
      uuid: '3f9e1469-98a8-4259-aae4-d84c9ead070d',
      name: 'tearDown',
      result: 'passed',
      test_run_id: 'b5124f47-57d7-4452-982d-fd294c7a4cc8',
      body: [Object],
      scope: 'Default Suite.com.browserstack.ValidateHomePageLanding',
      custom_metadata: {},
      tags: [],
      scopes: [Array],
      file_name: 'testng-browserstack-master/src/test/java/com/browserstack/ValidateHomePageLanding.java',
      vc_filepath: 'testng-browserstack-master/src/test/java/com/browserstack/ValidateHomePageLanding.java',
      location: 'testng-browserstack-master/src/test/java/com/browserstack/ValidateHomePageLanding.java',
      started_at: '2025-09-27T07:50:06.203Z',
      finished_at: '2025-09-27T07:50:07.769Z'
    },
    logs: []
  }
] to 6402:0
2025-09-27T07:50:09.166Z CLI info  [arjun153]  [mytd8nulc7nrc2mpafwc6maf6orumzskrowiudce]  [4ab11ef5-a9a8-47a3-880e-a70c31f2ecc5]  [PRODUCTION] Making POST request to https://collector-observability.browserstack.com
2025-09-27T07:50:09.166Z CLI error [testhub:module]  [arjun153]  [mytd8nulc7nrc2mpafwc6maf6orumzskrowiudce]  [4ab11ef5-a9a8-47a3-880e-a70c31f2ecc5]  [collectBuildData] Exception in collecting build data for build UUID mytd8nulc7nrc2mpafwc6maf6orumzskrowiudce: {"message":"Build data collection started"}
2025-09-27T07:50:10.179Z CLI info  [arjun153]  [mytd8nulc7nrc2mpafwc6maf6orumzskrowiudce]  [4ab11ef5-a9a8-47a3-880e-a70c31f2ecc5]  [PRODUCTION] Making PUT request to https://collector-observability.browserstack.com
2025-09-27T07:50:11.127Z CLI info [testhub:module]  [arjun153]  [mytd8nulc7nrc2mpafwc6maf6orumzskrowiudce]  [4ab11ef5-a9a8-47a3-880e-a70c31f2ecc5]  stopBuild: mytd8nulc7nrc2mpafwc6maf6orumzskrowiudce request={"finished_at":"2025-09-27T07:50:08.205Z","finished_metadata":[],"custom_metadata":{}} response={"data":""}
2025-09-27T07:50:11.130Z CLI info  [arjun153]  [mytd8nulc7nrc2mpafwc6maf6orumzskrowiudce]  [4ab11ef5-a9a8-47a3-880e-a70c31f2ecc5]  [PRODUCTION] Making POST request to https://api.browserstack.com
2025-09-27T07:50:11.132Z CLI info [TEST REPORTING AND ANALYTICS:module]  [arjun153]  [mytd8nulc7nrc2mpafwc6maf6orumzskrowiudce]  [4ab11ef5-a9a8-47a3-880e-a70c31f2ecc5]  Visit https://automation.browserstack.com/builds/mytd8nulc7nrc2mpafwc6maf6orumzskrowiudce to view build report, insights, and many more debugging information all at one place!
2025-09-27T07:50:19.224Z CLI info  [arjun153]  [mytd8nulc7nrc2mpafwc6maf6orumzskrowiudce]  [4ab11ef5-a9a8-47a3-880e-a70c31f2ecc5]  [PRODUCTION] Making GET request to https://api.browserstack.com
2025-09-27T07:50:19.692Z CLI info  [arjun153]  [mytd8nulc7nrc2mpafwc6maf6orumzskrowiudce]  [4ab11ef5-a9a8-47a3-880e-a70c31f2ecc5]  [PRODUCTION] Making POST request to https://eds.browserstack.com
2025-09-27T07:51:10.066Z CLI info [main]     Server listening on port: 5400
2025-09-27T07:51:10.267Z CLI info     Config : {"userName":"arjun153","accessKey":"pBUjJCeGYhbsRaET7AUb","framework":"testng","platforms":[{"os":"Windows","osVersion":"10","browserName":"Chrome","browserVersion":"136.0"}],"parallelsPerPlatform":1,"browserstackLocal":true,"buildName":"testathon_Arjun Build","projectName":"testathon_Arjun","CUSTOM_TAG_1":"testathon_Arjun_tag","networkLogs":true,"consoleLogs":"info","percy":false,"percyCaptureMode":"auto"}
2025-09-27T07:51:10.273Z CLI info [testhub:module]  [arjun153]   [8f0168f0-5a46-4575-a6e9-5887adfac5e0]  Starting testhub from 6474:0
2025-09-27T07:51:10.274Z CLI info [testhub:module]  [arjun153]   [8f0168f0-5a46-4575-a6e9-5887adfac5e0]  startBuild: payload=

{"started_at":"2025-09-27T07:51:10.273Z","host_info":{"hostname":"ArjunBM-MBP","platform":"darwin","type":"Darwin","version":"Darwin Kernel Version 24.6.0: Mon Aug 11 21:16:21 PDT 2025; root:xnu-11417.140.69.701.11~1/RELEASE_ARM64_T6000","arch":"arm64"},"ci_info":{"build_number":null},"version_control":{"name":"git","sha":"9683b848705b6f79390d112cbf50da21b1156b15","short_sha":"9683b84870","branch":"main","tag":null,"committer":"arjun <arjunbm13@gmail.com>","committer_date":"2025-09-27T07:26:24.000Z","author":"arjun <arjunbm13@gmail.com>","author_date":"2025-09-27T07:26:24.000Z","commit_message":"Initial files commit","root":"/Users/arjun/Downloads/testng-browserstack-master","common_git_dir":"/Users/arjun/Downloads/testng-browserstack-master/.git","worktree_git_dir":"/Users/arjun/Downloads/testng-browserstack-master/.git","last_tag":null,"commits_since_last_tag":0,"remotes":[{"name":"origin","url":"https://github.com/arjunbm13/testng-browserstack-master.git"}]},"project_name":"testathon_Arjun","name":"testathon_Arjun Build","build_identifier":"#11","build_run_identifier":null,"description":"","tags":["testathon_Arjun_tag"],"failed_tests_rerun":false,"accessibility":{"settings":{}},"framework_details":{"frameworkName":"TestNG","frameworkVersion":"7.4.0","sdkVersion":"1.41.1","cliVersion":"1.6.23","language":"java","testFramework":{"name":"selenium","version":"4.1.4"}},"product_map":{"observability":true,"accessibility":null,"percy":false,"automate":true,"app_automate":false},"browserstackAutomation":true,"test_orchestration":{}}
2025-09-27T07:51:10.274Z CLI info  [arjun153]   [8f0168f0-5a46-4575-a6e9-5887adfac5e0]  [PRODUCTION] Making POST request to https://sdk.browserstack.com
2025-09-27T07:51:11.059Z CLI info [testhub:module]  [arjun153]   [8f0168f0-5a46-4575-a6e9-5887adfac5e0]  startBuild: response=uqvuaxaqmtdqtdebhmjklmshlfikiecspa07goji
2025-09-27T07:51:11.061Z CLI info  [arjun153]  [uqvuaxaqmtdqtdebhmjklmshlfikiecspa07goji]  [8f0168f0-5a46-4575-a6e9-5887adfac5e0]  [PRODUCTION] Making POST request to https://api.browserstack.com
2025-09-27T07:51:19.689Z CLI info  [arjun153]  [uqvuaxaqmtdqtdebhmjklmshlfikiecspa07goji]  [8f0168f0-5a46-4575-a6e9-5887adfac5e0]  [PRODUCTION] Making GET request to https://hub.browserstack.com
2025-09-27T07:51:19.886Z CLI info  [arjun153]  [uqvuaxaqmtdqtdebhmjklmshlfikiecspa07goji]  [8f0168f0-5a46-4575-a6e9-5887adfac5e0]  [PRODUCTION] Making GET request to https://hub-aps.browserstack.com
2025-09-27T07:51:19.993Z CLI info  [arjun153]  [uqvuaxaqmtdqtdebhmjklmshlfikiecspa07goji]  [8f0168f0-5a46-4575-a6e9-5887adfac5e0]  [PRODUCTION] Making GET request to https://hub-euw.browserstack.com
2025-09-27T07:51:21.366Z CLI info  [arjun153]  [uqvuaxaqmtdqtdebhmjklmshlfikiecspa07goji]  [8f0168f0-5a46-4575-a6e9-5887adfac5e0]  [PRODUCTION] Making GET request to https://hub-apse.browserstack.com
2025-09-27T07:51:44.061Z CLI info [testhub:request-queue-handler]  [arjun153]  [uqvuaxaqmtdqtdebhmjklmshlfikiecspa07goji]  [8f0168f0-5a46-4575-a6e9-5887adfac5e0]  Added the event {
  event_type: 'HookRunStarted',
  hook_run: {
    type: 'hook',
    hook_type: 'BEFORE_METHOD',
    framework: 'TestNG',
    uuid: '50eae599-3355-45bc-ae50-87c327e1c126',
    name: 'setUp',
    result: 'pending',
    test_run_id: '2c5f722e-0a60-4fdf-a964-4bacabc67701',
    body: { lang: 'java', code: null },
    scope: 'Default Suite.com.browserstack.ValidateHomePageLanding',
    custom_metadata: {},
    tags: [],
    scopes: [ 'Default Suite', 'com.browserstack.ValidateHomePageLanding' ],
    file_name: 'testng-browserstack-master/src/test/java/com/browserstack/ValidateHomePageLanding.java',
    vc_filepath: 'testng-browserstack-master/src/test/java/com/browserstack/ValidateHomePageLanding.java',
    location: 'testng-browserstack-master/src/test/java/com/browserstack/ValidateHomePageLanding.java',
    started_at: '2025-09-27T07:51:44.052Z'
  },
  logs: []
} to 6474:0
2025-09-27T07:51:44.177Z CLI info [testhub:request-queue-handler]  [arjun153]  [uqvuaxaqmtdqtdebhmjklmshlfikiecspa07goji]  [8f0168f0-5a46-4575-a6e9-5887adfac5e0]  Added the event {
  event_type: 'LogCreated',
  logs: [
    {
      testFrameworkName: 'TestNG',
      testFrameworkVersion: '7.4.0',
      testFrameworkState: 'LOG',
      timestamp: '2025-09-27T07:51:44.170Z',
      uuid: '50eae599-3355-45bc-ae50-87c327e1c126',
      kind: 'TEST_LOG',
      message: '"SLF4J: Failed to load class \\"org.slf4j.impl.StaticLoggerBinder\\"."',
      level: 'ERROR',
      test_run_uuid: '50eae599-3355-45bc-ae50-87c327e1c126'
    }
  ]
} to 6474:0
2025-09-27T07:51:44.191Z CLI info [testhub:request-queue-handler]  [arjun153]  [uqvuaxaqmtdqtdebhmjklmshlfikiecspa07goji]  [8f0168f0-5a46-4575-a6e9-5887adfac5e0]  Added the event {
  event_type: 'LogCreated',
  logs: [
    {
      testFrameworkName: 'TestNG',
      testFrameworkVersion: '7.4.0',
      testFrameworkState: 'LOG',
      timestamp: '2025-09-27T07:51:44.189Z',
      uuid: '50eae599-3355-45bc-ae50-87c327e1c126',
      kind: 'TEST_LOG',
      message: '"SLF4J: Defaulting to no-operation (NOP) logger implementation"',
      level: 'ERROR',
      test_run_uuid: '50eae599-3355-45bc-ae50-87c327e1c126'
    }
  ]
} to 6474:0
2025-09-27T07:51:44.197Z CLI info [testhub:request-queue-handler]  [arjun153]  [uqvuaxaqmtdqtdebhmjklmshlfikiecspa07goji]  [8f0168f0-5a46-4575-a6e9-5887adfac5e0]  Added the event {
  event_type: 'LogCreated',
  logs: [
    {
      testFrameworkName: 'TestNG',
      testFrameworkVersion: '7.4.0',
      testFrameworkState: 'LOG',
      timestamp: '2025-09-27T07:51:44.195Z',
      uuid: '50eae599-3355-45bc-ae50-87c327e1c126',
      kind: 'TEST_LOG',
      message: '"SLF4J: See http://www.slf4j.org/codes.html#StaticLoggerBinder for further details."',
      level: 'ERROR',
      test_run_uuid: '50eae599-3355-45bc-ae50-87c327e1c126'
    }
  ]
} to 6474:0
2025-09-27T07:51:44.230Z CLI info [testhub:request-queue-handler]  [arjun153]  [uqvuaxaqmtdqtdebhmjklmshlfikiecspa07goji]  [8f0168f0-5a46-4575-a6e9-5887adfac5e0]  Added the event {
  event_type: 'LogCreated',
  logs: [
    {
      testFrameworkName: 'TestNG',
      testFrameworkVersion: '7.4.0',
      testFrameworkState: 'LOG',
      timestamp: '2025-09-27T07:51:44.228Z',
      uuid: '50eae599-3355-45bc-ae50-87c327e1c126',
      kind: 'TEST_LOG',
      message: '"WARNING: sun.reflect.Reflection.getCallerClass is not supported. This will impact performance."',
      level: 'INFO',
      test_run_uuid: '50eae599-3355-45bc-ae50-87c327e1c126'
    }
  ]
} to 6474:0
2025-09-27T07:51:45.080Z CLI info [testhub:request-queue-handler]  [arjun153]  [uqvuaxaqmtdqtdebhmjklmshlfikiecspa07goji]  [8f0168f0-5a46-4575-a6e9-5887adfac5e0]  Processing batch event [
  {
    event_type: 'HookRunStarted',
    hook_run: {
      type: 'hook',
      hook_type: 'BEFORE_METHOD',
      framework: 'TestNG',
      uuid: '50eae599-3355-45bc-ae50-87c327e1c126',
      name: 'setUp',
      result: 'pending',
      test_run_id: '2c5f722e-0a60-4fdf-a964-4bacabc67701',
      body: [Object],
      scope: 'Default Suite.com.browserstack.ValidateHomePageLanding',
      custom_metadata: {},
      tags: [],
      scopes: [Array],
      file_name: 'testng-browserstack-master/src/test/java/com/browserstack/ValidateHomePageLanding.java',
      vc_filepath: 'testng-browserstack-master/src/test/java/com/browserstack/ValidateHomePageLanding.java',
      location: 'testng-browserstack-master/src/test/java/com/browserstack/ValidateHomePageLanding.java',
      started_at: '2025-09-27T07:51:44.052Z'
    },
    logs: []
  },
  { event_type: 'LogCreated', logs: [ [Object] ] },
  { event_type: 'LogCreated', logs: [ [Object] ] },
  { event_type: 'LogCreated', logs: [ [Object] ] },
  { event_type: 'LogCreated', logs: [ [Object] ] }
] to 6474:0
2025-09-27T07:51:45.080Z CLI info  [arjun153]  [uqvuaxaqmtdqtdebhmjklmshlfikiecspa07goji]  [8f0168f0-5a46-4575-a6e9-5887adfac5e0]  [PRODUCTION] Making POST request to https://collector-observability.browserstack.com
2025-09-27T07:51:51.198Z CLI info [testhub:request-queue-handler]  [arjun153]  [uqvuaxaqmtdqtdebhmjklmshlfikiecspa07goji]  [8f0168f0-5a46-4575-a6e9-5887adfac5e0]  Added the event {
  event_type: 'HookRunFinished',
  hook_run: {
    type: 'hook',
    hook_type: 'BEFORE_METHOD',
    framework: 'TestNG',
    uuid: '50eae599-3355-45bc-ae50-87c327e1c126',
    name: 'setUp',
    result: 'passed',
    test_run_id: '2c5f722e-0a60-4fdf-a964-4bacabc67701',
    body: { lang: 'java', code: null },
    scope: 'Default Suite.com.browserstack.ValidateHomePageLanding',
    custom_metadata: {},
    tags: [],
    scopes: [ 'Default Suite', 'com.browserstack.ValidateHomePageLanding' ],
    file_name: 'testng-browserstack-master/src/test/java/com/browserstack/ValidateHomePageLanding.java',
    vc_filepath: 'testng-browserstack-master/src/test/java/com/browserstack/ValidateHomePageLanding.java',
    location: 'testng-browserstack-master/src/test/java/com/browserstack/ValidateHomePageLanding.java',
    started_at: '2025-09-27T07:51:44.052Z',
    finished_at: '2025-09-27T07:51:51.195Z'
  },
  logs: []
} to 6474:0
2025-09-27T07:51:51.228Z CLI info [testhub:request-queue-handler]  [arjun153]  [uqvuaxaqmtdqtdebhmjklmshlfikiecspa07goji]  [8f0168f0-5a46-4575-a6e9-5887adfac5e0]  Added the event {
  event_type: 'CBTSessionCreated',
  test_run: {
    uuid: '341382f4-39f3-4ed1-bc91-56183f28cbd3',
    integrations: { browserstack: [Object] }
  }
} to 6474:0
2025-09-27T07:51:51.234Z CLI info [testhub:request-queue-handler]  [arjun153]  [uqvuaxaqmtdqtdebhmjklmshlfikiecspa07goji]  [8f0168f0-5a46-4575-a6e9-5887adfac5e0]  Added the event {
  event_type: 'TestRunStarted',
  test_run: {
    type: 'test',
    framework: 'TestNG',
    uuid: '341382f4-39f3-4ed1-bc91-56183f28cbd3',
    name: 'homeValidation',
    body: {
      lang: 'java',
      code: 'public void com.browserstack.ValidateHomePageLanding.homeValidation() throws java.lang.Exception'
    },
    identifier: 'homeValidation',
    scope: 'Default Suite.com.browserstack.ValidateHomePageLanding',
    scopes: [ 'Default Suite', 'com.browserstack.ValidateHomePageLanding' ],
    file_name: 'src/test/java/com/browserstack/ValidateHomePageLanding.java',
    vc_filepath: 'src/test/java/com/browserstack/ValidateHomePageLanding.java',
    location: 'src/test/java/com/browserstack/ValidateHomePageLanding.java',
    meta: {},
    result: 'pending',
    duration_in_ms: null,
    started_at: '2025-09-27T07:51:51.207Z',
    failure: undefined,
    failure_type: undefined,
    failure_reason: undefined,
    retry_of: null,
    custom_metadata: {},
    tags: [],
    customRerunParam: { rerun_name: 'testng-browserstack-master-0' },
    hooks: [],
    product_map: {
      observability: true,
      accessibility: false,
      percy: false,
      automate: true,
      app_automate: false
    }
  },
  logs: []
} to 6474:0
2025-09-27T07:51:53.087Z CLI info [testhub:request-queue-handler]  [arjun153]  [uqvuaxaqmtdqtdebhmjklmshlfikiecspa07goji]  [8f0168f0-5a46-4575-a6e9-5887adfac5e0]  Processing batch event [
  {
    event_type: 'HookRunFinished',
    hook_run: {
      type: 'hook',
      hook_type: 'BEFORE_METHOD',
      framework: 'TestNG',
      uuid: '50eae599-3355-45bc-ae50-87c327e1c126',
      name: 'setUp',
      result: 'passed',
      test_run_id: '2c5f722e-0a60-4fdf-a964-4bacabc67701',
      body: [Object],
      scope: 'Default Suite.com.browserstack.ValidateHomePageLanding',
      custom_metadata: {},
      tags: [],
      scopes: [Array],
      file_name: 'testng-browserstack-master/src/test/java/com/browserstack/ValidateHomePageLanding.java',
      vc_filepath: 'testng-browserstack-master/src/test/java/com/browserstack/ValidateHomePageLanding.java',
      location: 'testng-browserstack-master/src/test/java/com/browserstack/ValidateHomePageLanding.java',
      started_at: '2025-09-27T07:51:44.052Z',
      finished_at: '2025-09-27T07:51:51.195Z'
    },
    logs: []
  },
  {
    event_type: 'CBTSessionCreated',
    test_run: {
      uuid: '341382f4-39f3-4ed1-bc91-56183f28cbd3',
      integrations: [Object]
    }
  },
  {
    event_type: 'TestRunStarted',
    test_run: {
      type: 'test',
      framework: 'TestNG',
      uuid: '341382f4-39f3-4ed1-bc91-56183f28cbd3',
      name: 'homeValidation',
      body: [Object],
      identifier: 'homeValidation',
      scope: 'Default Suite.com.browserstack.ValidateHomePageLanding',
      scopes: [Array],
      file_name: 'src/test/java/com/browserstack/ValidateHomePageLanding.java',
      vc_filepath: 'src/test/java/com/browserstack/ValidateHomePageLanding.java',
      location: 'src/test/java/com/browserstack/ValidateHomePageLanding.java',
      meta: {},
      result: 'pending',
      duration_in_ms: null,
      started_at: '2025-09-27T07:51:51.207Z',
      failure: undefined,
      failure_type: undefined,
      failure_reason: undefined,
      retry_of: null,
      custom_metadata: {},
      tags: [],
      customRerunParam: [Object],
      hooks: [],
      product_map: [Object]
    },
    logs: []
  }
] to 6474:0
2025-09-27T07:51:53.091Z CLI info  [arjun153]  [uqvuaxaqmtdqtdebhmjklmshlfikiecspa07goji]  [8f0168f0-5a46-4575-a6e9-5887adfac5e0]  [PRODUCTION] Making POST request to https://collector-observability.browserstack.com
2025-09-27T07:52:02.827Z CLI info [testhub:request-queue-handler]  [arjun153]  [uqvuaxaqmtdqtdebhmjklmshlfikiecspa07goji]  [8f0168f0-5a46-4575-a6e9-5887adfac5e0]  Added the event {
  event_type: 'LogCreated',
  logs: [
    {
      testFrameworkName: 'TestNG',
      testFrameworkVersion: '7.4.0',
      testFrameworkState: 'LOG',
      timestamp: '2025-09-27T07:52:02.825Z',
      uuid: '341382f4-39f3-4ed1-bc91-56183f28cbd3',
      kind: 'TEST_LOG',
      message: '"Apple is listed ✅"',
      level: 'INFO',
      test_run_uuid: '341382f4-39f3-4ed1-bc91-56183f28cbd3'
    }
  ]
} to 6474:0
2025-09-27T07:52:02.831Z CLI info [testhub:request-queue-handler]  [arjun153]  [uqvuaxaqmtdqtdebhmjklmshlfikiecspa07goji]  [8f0168f0-5a46-4575-a6e9-5887adfac5e0]  Added the event {
  event_type: 'LogCreated',
  logs: [
    {
      testFrameworkName: 'TestNG',
      testFrameworkVersion: '7.4.0',
      testFrameworkState: 'LOG',
      timestamp: '2025-09-27T07:52:02.830Z',
      uuid: '341382f4-39f3-4ed1-bc91-56183f28cbd3',
      kind: 'TEST_LOG',
      message: '"Samsung is listed ✅"',
      level: 'INFO',
      test_run_uuid: '341382f4-39f3-4ed1-bc91-56183f28cbd3'
    }
  ]
} to 6474:0
2025-09-27T07:52:02.835Z CLI info [testhub:request-queue-handler]  [arjun153]  [uqvuaxaqmtdqtdebhmjklmshlfikiecspa07goji]  [8f0168f0-5a46-4575-a6e9-5887adfac5e0]  Added the event {
  event_type: 'LogCreated',
  logs: [
    {
      testFrameworkName: 'TestNG',
      testFrameworkVersion: '7.4.0',
      testFrameworkState: 'LOG',
      timestamp: '2025-09-27T07:52:02.833Z',
      uuid: '341382f4-39f3-4ed1-bc91-56183f28cbd3',
      kind: 'TEST_LOG',
      message: '"Google is listed ✅"',
      level: 'INFO',
      test_run_uuid: '341382f4-39f3-4ed1-bc91-56183f28cbd3'
    }
  ]
} to 6474:0
2025-09-27T07:52:02.839Z CLI info [testhub:request-queue-handler]  [arjun153]  [uqvuaxaqmtdqtdebhmjklmshlfikiecspa07goji]  [8f0168f0-5a46-4575-a6e9-5887adfac5e0]  Added the event {
  event_type: 'LogCreated',
  logs: [
    {
      testFrameworkName: 'TestNG',
      testFrameworkVersion: '7.4.0',
      testFrameworkState: 'LOG',
      timestamp: '2025-09-27T07:52:02.837Z',
      uuid: '341382f4-39f3-4ed1-bc91-56183f28cbd3',
      kind: 'TEST_LOG',
      message: '"OnePlus is listed ✅"',
      level: 'INFO',
      test_run_uuid: '341382f4-39f3-4ed1-bc91-56183f28cbd3'
    }
  ]
} to 6474:0
2025-09-27T07:52:03.090Z CLI info [testhub:request-queue-handler]  [arjun153]  [uqvuaxaqmtdqtdebhmjklmshlfikiecspa07goji]  [8f0168f0-5a46-4575-a6e9-5887adfac5e0]  Processing batch event [
  { event_type: 'LogCreated', logs: [ [Object] ] },
  { event_type: 'LogCreated', logs: [ [Object] ] },
  { event_type: 'LogCreated', logs: [ [Object] ] },
  { event_type: 'LogCreated', logs: [ [Object] ] }
] to 6474:0
2025-09-27T07:52:03.091Z CLI info  [arjun153]  [uqvuaxaqmtdqtdebhmjklmshlfikiecspa07goji]  [8f0168f0-5a46-4575-a6e9-5887adfac5e0]  [PRODUCTION] Making POST request to https://collector-observability.browserstack.com
2025-09-27T07:52:07.320Z CLI warn [TEST REPORTING AND ANALYTICS:java:testng]  [arjun153]  [uqvuaxaqmtdqtdebhmjklmshlfikiecspa07goji]  [8f0168f0-5a46-4575-a6e9-5887adfac5e0]  TestRunFinished: event={"test_hook_last_started":"BEFORE_METHOD","test_failure_type":null,"test_rerun_name":"testng-browserstack-master-0","test_result_at":"2025-09-27T13:22:03.556127","test_scope":"Default Suite.com.browserstack.ValidateHomePageLanding","test_framework_name":"TestNG","test_tags":"","cbt_session_created":true,"test_started_at":"2025-09-27T13:21:51.207897","platform_index":0,"test_failure":null,"test_framework_version":"7.4.0","test_logs":[],"test_scopes":["Default Suite","com.browserstack.ValidateHomePageLanding"],"test_code":"public void com.browserstack.ValidateHomePageLanding.homeValidation() throws java.lang.Exception","test_id":"testng-browserstack-master-0@0","test_uuid":"341382f4-39f3-4ed1-bc91-56183f28cbd3","test_ended_at":"2025-09-27T13:22:03.556502","automate_session_name":"testng-browserstack-master-00","test_hook_last_finished":"BEFORE_METHOD","test_session_name":"com.browserstack.ValidateHomePageLanding-homeValidation","test_hook_state":"sdk:hook:9836fc19","custom_metadata":{},"test_failure_reason":null,"test_location":"src/test/java/com/browserstack/ValidateHomePageLanding.java","test_hooks_started":{"BEFORE_METHOD":[]},"test_file_path":"src/test/java/com/browserstack/ValidateHomePageLanding.java","test_result":"passed","test_hooks_finished":{"BEFORE_METHOD":[{"hook_name":"setUp","hook_result":"passed","test_file_path":"testng-browserstack-master/src/test/java/com/browserstack/ValidateHomePageLanding.java","event_started_at":"2025-09-27T13:21:44.052998","hook_id":"50eae599-3355-45bc-ae50-87c327e1c126","hook_logs":[],"logs":[],"key":"BEFORE_METHOD","custom_metadata":{},"event_ended_at":"2025-09-27T13:21:51.195453","test_location":"testng-browserstack-master/src/test/java/com/browserstack/ValidateHomePageLanding.java"}]},"hook_id":"50eae599-3355-45bc-ae50-87c327e1c126","test_meta":{},"isBrowserstackAutomationSession":true,"test_name":"homeValidation","logs":[]}
2025-09-27T07:52:07.322Z CLI info [testhub:request-queue-handler]  [arjun153]  [uqvuaxaqmtdqtdebhmjklmshlfikiecspa07goji]  [8f0168f0-5a46-4575-a6e9-5887adfac5e0]  Added the event {
  event_type: 'TestRunFinished',
  test_run: {
    type: 'test',
    framework: 'TestNG',
    uuid: '341382f4-39f3-4ed1-bc91-56183f28cbd3',
    name: 'homeValidation',
    body: {
      lang: 'java',
      code: 'public void com.browserstack.ValidateHomePageLanding.homeValidation() throws java.lang.Exception'
    },
    identifier: 'homeValidation',
    scope: 'Default Suite.com.browserstack.ValidateHomePageLanding',
    scopes: [ 'Default Suite', 'com.browserstack.ValidateHomePageLanding' ],
    file_name: 'src/test/java/com/browserstack/ValidateHomePageLanding.java',
    vc_filepath: 'src/test/java/com/browserstack/ValidateHomePageLanding.java',
    location: 'src/test/java/com/browserstack/ValidateHomePageLanding.java',
    meta: {},
    result: 'passed',
    duration_in_ms: 12349,
    started_at: '2025-09-27T07:51:51.207Z',
    finished_at: '2025-09-27T07:52:03.556Z',
    failure: null,
    failure_type: null,
    failure_reason: null,
    retry_of: null,
    custom_metadata: {},
    tags: [],
    customRerunParam: { rerun_name: 'testng-browserstack-master-0' },
    hooks: [ '50eae599-3355-45bc-ae50-87c327e1c126' ],
    product_map: {
      observability: true,
      accessibility: false,
      percy: false,
      automate: true,
      app_automate: false
    }
  },
  logs: []
} to 6474:0
2025-09-27T07:52:07.342Z CLI info [testhub:request-queue-handler]  [arjun153]  [uqvuaxaqmtdqtdebhmjklmshlfikiecspa07goji]  [8f0168f0-5a46-4575-a6e9-5887adfac5e0]  Added the event {
  event_type: 'HookRunStarted',
  hook_run: {
    type: 'hook',
    hook_type: 'AFTER_METHOD',
    framework: 'TestNG',
    uuid: 'af0848bd-627f-437b-a534-484189ddedbc',
    name: 'tearDown',
    result: 'pending',
    test_run_id: '341382f4-39f3-4ed1-bc91-56183f28cbd3',
    body: { lang: 'java', code: null },
    scope: 'Default Suite.com.browserstack.ValidateHomePageLanding',
    custom_metadata: {},
    tags: [],
    scopes: [ 'Default Suite', 'com.browserstack.ValidateHomePageLanding' ],
    file_name: 'testng-browserstack-master/src/test/java/com/browserstack/ValidateHomePageLanding.java',
    vc_filepath: 'testng-browserstack-master/src/test/java/com/browserstack/ValidateHomePageLanding.java',
    location: 'testng-browserstack-master/src/test/java/com/browserstack/ValidateHomePageLanding.java',
    started_at: '2025-09-27T07:52:07.339Z'
  },
  logs: []
} to 6474:0
2025-09-27T07:52:08.818Z CLI info [testhub:request-queue-handler]  [arjun153]  [uqvuaxaqmtdqtdebhmjklmshlfikiecspa07goji]  [8f0168f0-5a46-4575-a6e9-5887adfac5e0]  Added the event {
  event_type: 'HookRunFinished',
  hook_run: {
    type: 'hook',
    hook_type: 'AFTER_METHOD',
    framework: 'TestNG',
    uuid: 'af0848bd-627f-437b-a534-484189ddedbc',
    name: 'tearDown',
    result: 'passed',
    test_run_id: '341382f4-39f3-4ed1-bc91-56183f28cbd3',
    body: { lang: 'java', code: null },
    scope: 'Default Suite.com.browserstack.ValidateHomePageLanding',
    custom_metadata: {},
    tags: [],
    scopes: [ 'Default Suite', 'com.browserstack.ValidateHomePageLanding' ],
    file_name: 'testng-browserstack-master/src/test/java/com/browserstack/ValidateHomePageLanding.java',
    vc_filepath: 'testng-browserstack-master/src/test/java/com/browserstack/ValidateHomePageLanding.java',
    location: 'testng-browserstack-master/src/test/java/com/browserstack/ValidateHomePageLanding.java',
    started_at: '2025-09-27T07:52:07.339Z',
    finished_at: '2025-09-27T07:52:08.816Z'
  },
  logs: []
} to 6474:0
2025-09-27T07:52:09.094Z CLI info [testhub:request-queue-handler]  [arjun153]  [uqvuaxaqmtdqtdebhmjklmshlfikiecspa07goji]  [8f0168f0-5a46-4575-a6e9-5887adfac5e0]  Processing batch event [
  {
    event_type: 'TestRunFinished',
    test_run: {
      type: 'test',
      framework: 'TestNG',
      uuid: '341382f4-39f3-4ed1-bc91-56183f28cbd3',
      name: 'homeValidation',
      body: [Object],
      identifier: 'homeValidation',
      scope: 'Default Suite.com.browserstack.ValidateHomePageLanding',
      scopes: [Array],
      file_name: 'src/test/java/com/browserstack/ValidateHomePageLanding.java',
      vc_filepath: 'src/test/java/com/browserstack/ValidateHomePageLanding.java',
      location: 'src/test/java/com/browserstack/ValidateHomePageLanding.java',
      meta: {},
      result: 'passed',
      duration_in_ms: 12349,
      started_at: '2025-09-27T07:51:51.207Z',
      finished_at: '2025-09-27T07:52:03.556Z',
      failure: null,
      failure_type: null,
      failure_reason: null,
      retry_of: null,
      custom_metadata: {},
      tags: [],
      customRerunParam: [Object],
      hooks: [Array],
      product_map: [Object]
    },
    logs: []
  },
  {
    event_type: 'HookRunStarted',
    hook_run: {
      type: 'hook',
      hook_type: 'AFTER_METHOD',
      framework: 'TestNG',
      uuid: 'af0848bd-627f-437b-a534-484189ddedbc',
      name: 'tearDown',
      result: 'pending',
      test_run_id: '341382f4-39f3-4ed1-bc91-56183f28cbd3',
      body: [Object],
      scope: 'Default Suite.com.browserstack.ValidateHomePageLanding',
      custom_metadata: {},
      tags: [],
      scopes: [Array],
      file_name: 'testng-browserstack-master/src/test/java/com/browserstack/ValidateHomePageLanding.java',
      vc_filepath: 'testng-browserstack-master/src/test/java/com/browserstack/ValidateHomePageLanding.java',
      location: 'testng-browserstack-master/src/test/java/com/browserstack/ValidateHomePageLanding.java',
      started_at: '2025-09-27T07:52:07.339Z'
    },
    logs: []
  },
  {
    event_type: 'HookRunFinished',
    hook_run: {
      type: 'hook',
      hook_type: 'AFTER_METHOD',
      framework: 'TestNG',
      uuid: 'af0848bd-627f-437b-a534-484189ddedbc',
      name: 'tearDown',
      result: 'passed',
      test_run_id: '341382f4-39f3-4ed1-bc91-56183f28cbd3',
      body: [Object],
      scope: 'Default Suite.com.browserstack.ValidateHomePageLanding',
      custom_metadata: {},
      tags: [],
      scopes: [Array],
      file_name: 'testng-browserstack-master/src/test/java/com/browserstack/ValidateHomePageLanding.java',
      vc_filepath: 'testng-browserstack-master/src/test/java/com/browserstack/ValidateHomePageLanding.java',
      location: 'testng-browserstack-master/src/test/java/com/browserstack/ValidateHomePageLanding.java',
      started_at: '2025-09-27T07:52:07.339Z',
      finished_at: '2025-09-27T07:52:08.816Z'
    },
    logs: []
  }
] to 6474:0
2025-09-27T07:52:09.095Z CLI info  [arjun153]  [uqvuaxaqmtdqtdebhmjklmshlfikiecspa07goji]  [8f0168f0-5a46-4575-a6e9-5887adfac5e0]  [PRODUCTION] Making POST request to https://collector-observability.browserstack.com
2025-09-27T07:52:10.191Z CLI info  [arjun153]  [uqvuaxaqmtdqtdebhmjklmshlfikiecspa07goji]  [8f0168f0-5a46-4575-a6e9-5887adfac5e0]  [PRODUCTION] Making POST request to https://collector-observability.browserstack.com
2025-09-27T07:52:13.565Z CLI error [testhub:module]  [arjun153]  [uqvuaxaqmtdqtdebhmjklmshlfikiecspa07goji]  [8f0168f0-5a46-4575-a6e9-5887adfac5e0]  [collectBuildData] Exception in collecting build data for build UUID uqvuaxaqmtdqtdebhmjklmshlfikiecspa07goji: {"message":"Build data collection started"}
2025-09-27T07:52:13.565Z CLI info  [arjun153]  [uqvuaxaqmtdqtdebhmjklmshlfikiecspa07goji]  [8f0168f0-5a46-4575-a6e9-5887adfac5e0]  [PRODUCTION] Making PUT request to https://collector-observability.browserstack.com
2025-09-27T07:52:14.693Z CLI info [testhub:module]  [arjun153]  [uqvuaxaqmtdqtdebhmjklmshlfikiecspa07goji]  [8f0168f0-5a46-4575-a6e9-5887adfac5e0]  stopBuild: uqvuaxaqmtdqtdebhmjklmshlfikiecspa07goji request={"finished_at":"2025-09-27T07:52:10.191Z","finished_metadata":[],"custom_metadata":{}} response={"data":""}
2025-09-27T07:52:14.695Z CLI info  [arjun153]  [uqvuaxaqmtdqtdebhmjklmshlfikiecspa07goji]  [8f0168f0-5a46-4575-a6e9-5887adfac5e0]  [PRODUCTION] Making POST request to https://api.browserstack.com
2025-09-27T07:52:14.698Z CLI info [TEST REPORTING AND ANALYTICS:module]  [arjun153]  [uqvuaxaqmtdqtdebhmjklmshlfikiecspa07goji]  [8f0168f0-5a46-4575-a6e9-5887adfac5e0]  Visit https://automation.browserstack.com/builds/uqvuaxaqmtdqtdebhmjklmshlfikiecspa07goji to view build report, insights, and many more debugging information all at one place!
2025-09-27T07:52:18.774Z CLI info  [arjun153]  [uqvuaxaqmtdqtdebhmjklmshlfikiecspa07goji]  [8f0168f0-5a46-4575-a6e9-5887adfac5e0]  [PRODUCTION] Making GET request to https://api.browserstack.com
2025-09-27T07:52:19.149Z CLI info  [arjun153]  [uqvuaxaqmtdqtdebhmjklmshlfikiecspa07goji]  [8f0168f0-5a46-4575-a6e9-5887adfac5e0]  [PRODUCTION] Making POST request to https://eds.browserstack.com
2025-09-27T07:52:20.439Z CLI info [main]  [arjun153]  [uqvuaxaqmtdqtdebhmjklmshlfikiecspa07goji]  [8f0168f0-5a46-4575-a6e9-5887adfac5e0]  Received graceful signal termination, performing cleanup
2025-09-27T07:57:36.600Z CLI info [main]     Server listening on port: 5400
2025-09-27T07:57:36.833Z CLI info     Config : {"userName":"arjun153","accessKey":"pBUjJCeGYhbsRaET7AUb","framework":"testng","platforms":[{"os":"Windows","osVersion":"10","browserName":"Chrome","browserVersion":"136.0"}],"parallelsPerPlatform":1,"browserstackLocal":true,"buildName":"testathon_Arjun Build","projectName":"testathon_Arjun","CUSTOM_TAG_1":"testathon_Arjun_tag","networkLogs":true,"consoleLogs":"info","percy":false,"percyCaptureMode":"auto"}
2025-09-27T07:57:36.840Z CLI info [testhub:module]  [arjun153]   [1ddc4740-eb90-4896-a5ed-28d095bab7ce]  Starting testhub from 6593:0
2025-09-27T07:57:36.840Z CLI info [testhub:module]  [arjun153]   [1ddc4740-eb90-4896-a5ed-28d095bab7ce]  startBuild: payload=

{"started_at":"2025-09-27T07:57:36.840Z","host_info":{"hostname":"ArjunBM-MBP","platform":"darwin","type":"Darwin","version":"Darwin Kernel Version 24.6.0: Mon Aug 11 21:16:21 PDT 2025; root:xnu-11417.140.69.701.11~1/RELEASE_ARM64_T6000","arch":"arm64"},"ci_info":{"build_number":null},"version_control":{"name":"git","sha":"9683b848705b6f79390d112cbf50da21b1156b15","short_sha":"9683b84870","branch":"main","tag":null,"committer":"arjun <arjunbm13@gmail.com>","committer_date":"2025-09-27T07:26:24.000Z","author":"arjun <arjunbm13@gmail.com>","author_date":"2025-09-27T07:26:24.000Z","commit_message":"Initial files commit","root":"/Users/arjun/Downloads/testng-browserstack-master","common_git_dir":"/Users/arjun/Downloads/testng-browserstack-master/.git","worktree_git_dir":"/Users/arjun/Downloads/testng-browserstack-master/.git","last_tag":null,"commits_since_last_tag":0,"remotes":[{"name":"origin","url":"https://github.com/arjunbm13/testng-browserstack-master.git"}]},"project_name":"testathon_Arjun","name":"testathon_Arjun Build","build_identifier":"#12","build_run_identifier":null,"description":"","tags":["testathon_Arjun_tag"],"failed_tests_rerun":false,"accessibility":{"settings":{}},"framework_details":{"frameworkName":"TestNG","frameworkVersion":"7.4.0","sdkVersion":"1.41.1","cliVersion":"1.6.23","language":"java","testFramework":{"name":"selenium","version":"4.1.4"}},"product_map":{"observability":true,"accessibility":null,"percy":false,"automate":true,"app_automate":false},"browserstackAutomation":true,"test_orchestration":{}}
2025-09-27T07:57:36.840Z CLI info  [arjun153]   [1ddc4740-eb90-4896-a5ed-28d095bab7ce]  [PRODUCTION] Making POST request to https://sdk.browserstack.com
2025-09-27T07:57:37.684Z CLI info [testhub:module]  [arjun153]   [1ddc4740-eb90-4896-a5ed-28d095bab7ce]  startBuild: response=lko2t2cxfrmptue75v2iubchmihda9ivcbxi3nxv
2025-09-27T07:57:37.686Z CLI info  [arjun153]  [lko2t2cxfrmptue75v2iubchmihda9ivcbxi3nxv]  [1ddc4740-eb90-4896-a5ed-28d095bab7ce]  [PRODUCTION] Making POST request to https://api.browserstack.com
2025-09-27T07:57:46.371Z CLI info  [arjun153]  [lko2t2cxfrmptue75v2iubchmihda9ivcbxi3nxv]  [1ddc4740-eb90-4896-a5ed-28d095bab7ce]  [PRODUCTION] Making GET request to https://hub.browserstack.com
2025-09-27T07:57:46.561Z CLI info  [arjun153]  [lko2t2cxfrmptue75v2iubchmihda9ivcbxi3nxv]  [1ddc4740-eb90-4896-a5ed-28d095bab7ce]  [PRODUCTION] Making GET request to https://hub-aps.browserstack.com
2025-09-27T07:57:46.676Z CLI info  [arjun153]  [lko2t2cxfrmptue75v2iubchmihda9ivcbxi3nxv]  [1ddc4740-eb90-4896-a5ed-28d095bab7ce]  [PRODUCTION] Making GET request to https://hub-euw.browserstack.com
2025-09-27T07:57:48.021Z CLI info  [arjun153]  [lko2t2cxfrmptue75v2iubchmihda9ivcbxi3nxv]  [1ddc4740-eb90-4896-a5ed-28d095bab7ce]  [PRODUCTION] Making GET request to https://hub-apse.browserstack.com
2025-09-27T07:57:50.864Z CLI info [testhub:request-queue-handler]  [arjun153]  [lko2t2cxfrmptue75v2iubchmihda9ivcbxi3nxv]  [1ddc4740-eb90-4896-a5ed-28d095bab7ce]  Added the event {
  event_type: 'HookRunStarted',
  hook_run: {
    type: 'hook',
    hook_type: 'BEFORE_METHOD',
    framework: 'TestNG',
    uuid: '906b327c-2d9f-4094-bf73-7253b36e413b',
    name: 'setUp',
    result: 'pending',
    test_run_id: 'abdb8be4-c19e-4312-bd8f-ff51947cc13b',
    body: { lang: 'java', code: null },
    scope: 'Default Suite.com.browserstack.ValidateVendorSelection',
    custom_metadata: {},
    tags: [],
    scopes: [ 'Default Suite', 'com.browserstack.ValidateVendorSelection' ],
    file_name: 'testng-browserstack-master/src/test/java/com/browserstack/ValidateVendorSelection.java',
    vc_filepath: 'testng-browserstack-master/src/test/java/com/browserstack/ValidateVendorSelection.java',
    location: 'testng-browserstack-master/src/test/java/com/browserstack/ValidateVendorSelection.java',
    started_at: '2025-09-27T07:57:50.855Z'
  },
  logs: []
} to 6593:0
2025-09-27T07:57:50.981Z CLI info [testhub:request-queue-handler]  [arjun153]  [lko2t2cxfrmptue75v2iubchmihda9ivcbxi3nxv]  [1ddc4740-eb90-4896-a5ed-28d095bab7ce]  Added the event {
  event_type: 'LogCreated',
  logs: [
    {
      testFrameworkName: 'TestNG',
      testFrameworkVersion: '7.4.0',
      testFrameworkState: 'LOG',
      timestamp: '2025-09-27T07:57:50.975Z',
      uuid: '906b327c-2d9f-4094-bf73-7253b36e413b',
      kind: 'TEST_LOG',
      message: '"SLF4J: Failed to load class \\"org.slf4j.impl.StaticLoggerBinder\\"."',
      level: 'ERROR',
      test_run_uuid: '906b327c-2d9f-4094-bf73-7253b36e413b'
    }
  ]
} to 6593:0
2025-09-27T07:57:50.987Z CLI info [testhub:request-queue-handler]  [arjun153]  [lko2t2cxfrmptue75v2iubchmihda9ivcbxi3nxv]  [1ddc4740-eb90-4896-a5ed-28d095bab7ce]  Added the event {
  event_type: 'LogCreated',
  logs: [
    {
      testFrameworkName: 'TestNG',
      testFrameworkVersion: '7.4.0',
      testFrameworkState: 'LOG',
      timestamp: '2025-09-27T07:57:50.985Z',
      uuid: '906b327c-2d9f-4094-bf73-7253b36e413b',
      kind: 'TEST_LOG',
      message: '"SLF4J: Defaulting to no-operation (NOP) logger implementation"',
      level: 'ERROR',
      test_run_uuid: '906b327c-2d9f-4094-bf73-7253b36e413b'
    }
  ]
} to 6593:0
2025-09-27T07:57:50.992Z CLI info [testhub:request-queue-handler]  [arjun153]  [lko2t2cxfrmptue75v2iubchmihda9ivcbxi3nxv]  [1ddc4740-eb90-4896-a5ed-28d095bab7ce]  Added the event {
  event_type: 'LogCreated',
  logs: [
    {
      testFrameworkName: 'TestNG',
      testFrameworkVersion: '7.4.0',
      testFrameworkState: 'LOG',
      timestamp: '2025-09-27T07:57:50.991Z',
      uuid: '906b327c-2d9f-4094-bf73-7253b36e413b',
      kind: 'TEST_LOG',
      message: '"SLF4J: See http://www.slf4j.org/codes.html#StaticLoggerBinder for further details."',
      level: 'ERROR',
      test_run_uuid: '906b327c-2d9f-4094-bf73-7253b36e413b'
    }
  ]
} to 6593:0
2025-09-27T07:57:51.022Z CLI info [testhub:request-queue-handler]  [arjun153]  [lko2t2cxfrmptue75v2iubchmihda9ivcbxi3nxv]  [1ddc4740-eb90-4896-a5ed-28d095bab7ce]  Added the event {
  event_type: 'LogCreated',
  logs: [
    {
      testFrameworkName: 'TestNG',
      testFrameworkVersion: '7.4.0',
      testFrameworkState: 'LOG',
      timestamp: '2025-09-27T07:57:51.020Z',
      uuid: '906b327c-2d9f-4094-bf73-7253b36e413b',
      kind: 'TEST_LOG',
      message: '"WARNING: sun.reflect.Reflection.getCallerClass is not supported. This will impact performance."',
      level: 'INFO',
      test_run_uuid: '906b327c-2d9f-4094-bf73-7253b36e413b'
    }
  ]
} to 6593:0
2025-09-27T07:57:51.692Z CLI info [testhub:request-queue-handler]  [arjun153]  [lko2t2cxfrmptue75v2iubchmihda9ivcbxi3nxv]  [1ddc4740-eb90-4896-a5ed-28d095bab7ce]  Processing batch event [
  {
    event_type: 'HookRunStarted',
    hook_run: {
      type: 'hook',
      hook_type: 'BEFORE_METHOD',
      framework: 'TestNG',
      uuid: '906b327c-2d9f-4094-bf73-7253b36e413b',
      name: 'setUp',
      result: 'pending',
      test_run_id: 'abdb8be4-c19e-4312-bd8f-ff51947cc13b',
      body: [Object],
      scope: 'Default Suite.com.browserstack.ValidateVendorSelection',
      custom_metadata: {},
      tags: [],
      scopes: [Array],
      file_name: 'testng-browserstack-master/src/test/java/com/browserstack/ValidateVendorSelection.java',
      vc_filepath: 'testng-browserstack-master/src/test/java/com/browserstack/ValidateVendorSelection.java',
      location: 'testng-browserstack-master/src/test/java/com/browserstack/ValidateVendorSelection.java',
      started_at: '2025-09-27T07:57:50.855Z'
    },
    logs: []
  },
  { event_type: 'LogCreated', logs: [ [Object] ] },
  { event_type: 'LogCreated', logs: [ [Object] ] },
  { event_type: 'LogCreated', logs: [ [Object] ] },
  { event_type: 'LogCreated', logs: [ [Object] ] }
] to 6593:0
2025-09-27T07:57:51.693Z CLI info  [arjun153]  [lko2t2cxfrmptue75v2iubchmihda9ivcbxi3nxv]  [1ddc4740-eb90-4896-a5ed-28d095bab7ce]  [PRODUCTION] Making POST request to https://collector-observability.browserstack.com
2025-09-27T07:57:56.712Z CLI info [testhub:request-queue-handler]  [arjun153]  [lko2t2cxfrmptue75v2iubchmihda9ivcbxi3nxv]  [1ddc4740-eb90-4896-a5ed-28d095bab7ce]  Added the event {
  event_type: 'HookRunFinished',
  hook_run: {
    type: 'hook',
    hook_type: 'BEFORE_METHOD',
    framework: 'TestNG',
    uuid: '906b327c-2d9f-4094-bf73-7253b36e413b',
    name: 'setUp',
    result: 'passed',
    test_run_id: 'abdb8be4-c19e-4312-bd8f-ff51947cc13b',
    body: { lang: 'java', code: null },
    scope: 'Default Suite.com.browserstack.ValidateVendorSelection',
    custom_metadata: {},
    tags: [],
    scopes: [ 'Default Suite', 'com.browserstack.ValidateVendorSelection' ],
    file_name: 'testng-browserstack-master/src/test/java/com/browserstack/ValidateVendorSelection.java',
    vc_filepath: 'testng-browserstack-master/src/test/java/com/browserstack/ValidateVendorSelection.java',
    location: 'testng-browserstack-master/src/test/java/com/browserstack/ValidateVendorSelection.java',
    started_at: '2025-09-27T07:57:50.855Z',
    finished_at: '2025-09-27T07:57:56.709Z'
  },
  logs: []
} to 6593:0
2025-09-27T07:57:56.741Z CLI info [testhub:request-queue-handler]  [arjun153]  [lko2t2cxfrmptue75v2iubchmihda9ivcbxi3nxv]  [1ddc4740-eb90-4896-a5ed-28d095bab7ce]  Added the event {
  event_type: 'CBTSessionCreated',
  test_run: {
    uuid: '31935d60-02b5-467b-a591-b791a90861e2',
    integrations: { browserstack: [Object] }
  }
} to 6593:0
2025-09-27T07:57:56.747Z CLI info [testhub:request-queue-handler]  [arjun153]  [lko2t2cxfrmptue75v2iubchmihda9ivcbxi3nxv]  [1ddc4740-eb90-4896-a5ed-28d095bab7ce]  Added the event {
  event_type: 'TestRunStarted',
  test_run: {
    type: 'test',
    framework: 'TestNG',
    uuid: '31935d60-02b5-467b-a591-b791a90861e2',
    name: 'homeValidation',
    body: {
      lang: 'java',
      code: 'public void com.browserstack.ValidateVendorSelection.homeValidation() throws java.lang.Exception'
    },
    identifier: 'homeValidation',
    scope: 'Default Suite.com.browserstack.ValidateVendorSelection',
    scopes: [ 'Default Suite', 'com.browserstack.ValidateVendorSelection' ],
    file_name: 'src/test/java/com/browserstack/ValidateVendorSelection.java',
    vc_filepath: 'src/test/java/com/browserstack/ValidateVendorSelection.java',
    location: 'src/test/java/com/browserstack/ValidateVendorSelection.java',
    meta: {},
    result: 'pending',
    duration_in_ms: null,
    started_at: '2025-09-27T07:57:56.722Z',
    failure: undefined,
    failure_type: undefined,
    failure_reason: undefined,
    retry_of: null,
    custom_metadata: {},
    tags: [],
    customRerunParam: { rerun_name: 'testng-browserstack-master-0' },
    hooks: [],
    product_map: {
      observability: true,
      accessibility: false,
      percy: false,
      automate: true,
      app_automate: false
    }
  },
  logs: []
} to 6593:0
2025-09-27T07:57:57.697Z CLI info [testhub:request-queue-handler]  [arjun153]  [lko2t2cxfrmptue75v2iubchmihda9ivcbxi3nxv]  [1ddc4740-eb90-4896-a5ed-28d095bab7ce]  Processing batch event [
  {
    event_type: 'HookRunFinished',
    hook_run: {
      type: 'hook',
      hook_type: 'BEFORE_METHOD',
      framework: 'TestNG',
      uuid: '906b327c-2d9f-4094-bf73-7253b36e413b',
      name: 'setUp',
      result: 'passed',
      test_run_id: 'abdb8be4-c19e-4312-bd8f-ff51947cc13b',
      body: [Object],
      scope: 'Default Suite.com.browserstack.ValidateVendorSelection',
      custom_metadata: {},
      tags: [],
      scopes: [Array],
      file_name: 'testng-browserstack-master/src/test/java/com/browserstack/ValidateVendorSelection.java',
      vc_filepath: 'testng-browserstack-master/src/test/java/com/browserstack/ValidateVendorSelection.java',
      location: 'testng-browserstack-master/src/test/java/com/browserstack/ValidateVendorSelection.java',
      started_at: '2025-09-27T07:57:50.855Z',
      finished_at: '2025-09-27T07:57:56.709Z'
    },
    logs: []
  },
  {
    event_type: 'CBTSessionCreated',
    test_run: {
      uuid: '31935d60-02b5-467b-a591-b791a90861e2',
      integrations: [Object]
    }
  },
  {
    event_type: 'TestRunStarted',
    test_run: {
      type: 'test',
      framework: 'TestNG',
      uuid: '31935d60-02b5-467b-a591-b791a90861e2',
      name: 'homeValidation',
      body: [Object],
      identifier: 'homeValidation',
      scope: 'Default Suite.com.browserstack.ValidateVendorSelection',
      scopes: [Array],
      file_name: 'src/test/java/com/browserstack/ValidateVendorSelection.java',
      vc_filepath: 'src/test/java/com/browserstack/ValidateVendorSelection.java',
      location: 'src/test/java/com/browserstack/ValidateVendorSelection.java',
      meta: {},
      result: 'pending',
      duration_in_ms: null,
      started_at: '2025-09-27T07:57:56.722Z',
      failure: undefined,
      failure_type: undefined,
      failure_reason: undefined,
      retry_of: null,
      custom_metadata: {},
      tags: [],
      customRerunParam: [Object],
      hooks: [],
      product_map: [Object]
    },
    logs: []
  }
] to 6593:0
2025-09-27T07:57:57.699Z CLI info  [arjun153]  [lko2t2cxfrmptue75v2iubchmihda9ivcbxi3nxv]  [1ddc4740-eb90-4896-a5ed-28d095bab7ce]  [PRODUCTION] Making POST request to https://collector-observability.browserstack.com
2025-09-27T07:58:10.939Z CLI info [testhub:request-queue-handler]  [arjun153]  [lko2t2cxfrmptue75v2iubchmihda9ivcbxi3nxv]  [1ddc4740-eb90-4896-a5ed-28d095bab7ce]  Added the event {
  event_type: 'LogCreated',
  logs: [
    {
      testFrameworkName: 'TestNG',
      testFrameworkVersion: '7.4.0',
      testFrameworkState: 'LOG',
      timestamp: '2025-09-27T07:58:10.937Z',
      uuid: '31935d60-02b5-467b-a591-b791a90861e2',
      kind: 'TEST_LOG',
      message: '"Apple is listed ✅"',
      level: 'INFO',
      test_run_uuid: '31935d60-02b5-467b-a591-b791a90861e2'
    }
  ]
} to 6593:0
2025-09-27T07:58:10.945Z CLI info [testhub:request-queue-handler]  [arjun153]  [lko2t2cxfrmptue75v2iubchmihda9ivcbxi3nxv]  [1ddc4740-eb90-4896-a5ed-28d095bab7ce]  Added the event {
  event_type: 'LogCreated',
  logs: [
    {
      testFrameworkName: 'TestNG',
      testFrameworkVersion: '7.4.0',
      testFrameworkState: 'LOG',
      timestamp: '2025-09-27T07:58:10.943Z',
      uuid: '31935d60-02b5-467b-a591-b791a90861e2',
      kind: 'TEST_LOG',
      message: '"Samsung is listed ✅"',
      level: 'INFO',
      test_run_uuid: '31935d60-02b5-467b-a591-b791a90861e2'
    }
  ]
} to 6593:0
2025-09-27T07:58:10.949Z CLI info [testhub:request-queue-handler]  [arjun153]  [lko2t2cxfrmptue75v2iubchmihda9ivcbxi3nxv]  [1ddc4740-eb90-4896-a5ed-28d095bab7ce]  Added the event {
  event_type: 'LogCreated',
  logs: [
    {
      testFrameworkName: 'TestNG',
      testFrameworkVersion: '7.4.0',
      testFrameworkState: 'LOG',
      timestamp: '2025-09-27T07:58:10.948Z',
      uuid: '31935d60-02b5-467b-a591-b791a90861e2',
      kind: 'TEST_LOG',
      message: '"Google is listed ✅"',
      level: 'INFO',
      test_run_uuid: '31935d60-02b5-467b-a591-b791a90861e2'
    }
  ]
} to 6593:0
2025-09-27T07:58:10.955Z CLI info [testhub:request-queue-handler]  [arjun153]  [lko2t2cxfrmptue75v2iubchmihda9ivcbxi3nxv]  [1ddc4740-eb90-4896-a5ed-28d095bab7ce]  Added the event {
  event_type: 'LogCreated',
  logs: [
    {
      testFrameworkName: 'TestNG',
      testFrameworkVersion: '7.4.0',
      testFrameworkState: 'LOG',
      timestamp: '2025-09-27T07:58:10.953Z',
      uuid: '31935d60-02b5-467b-a591-b791a90861e2',
      kind: 'TEST_LOG',
      message: '"OnePlus is listed ✅"',
      level: 'INFO',
      test_run_uuid: '31935d60-02b5-467b-a591-b791a90861e2'
    }
  ]
} to 6593:0
2025-09-27T07:58:11.707Z CLI info [testhub:request-queue-handler]  [arjun153]  [lko2t2cxfrmptue75v2iubchmihda9ivcbxi3nxv]  [1ddc4740-eb90-4896-a5ed-28d095bab7ce]  Processing batch event [
  { event_type: 'LogCreated', logs: [ [Object] ] },
  { event_type: 'LogCreated', logs: [ [Object] ] },
  { event_type: 'LogCreated', logs: [ [Object] ] },
  { event_type: 'LogCreated', logs: [ [Object] ] }
] to 6593:0
2025-09-27T07:58:11.709Z CLI info  [arjun153]  [lko2t2cxfrmptue75v2iubchmihda9ivcbxi3nxv]  [1ddc4740-eb90-4896-a5ed-28d095bab7ce]  [PRODUCTION] Making POST request to https://collector-observability.browserstack.com
2025-09-27T07:58:14.142Z CLI warn [TEST REPORTING AND ANALYTICS:java:testng]  [arjun153]  [lko2t2cxfrmptue75v2iubchmihda9ivcbxi3nxv]  [1ddc4740-eb90-4896-a5ed-28d095bab7ce]  TestRunFinished: event={"test_hook_last_started":"BEFORE_METHOD","test_failure_type":null,"test_rerun_name":"testng-browserstack-master-0","test_result_at":"2025-09-27T13:28:10.958267","test_scope":"Default Suite.com.browserstack.ValidateVendorSelection","test_framework_name":"TestNG","test_tags":"","cbt_session_created":true,"test_started_at":"2025-09-27T13:27:56.722136","platform_index":0,"test_failure":null,"test_framework_version":"7.4.0","test_logs":[],"test_scopes":["Default Suite","com.browserstack.ValidateVendorSelection"],"test_code":"public void com.browserstack.ValidateVendorSelection.homeValidation() throws java.lang.Exception","test_id":"testng-browserstack-master-0@0","test_uuid":"31935d60-02b5-467b-a591-b791a90861e2","test_ended_at":"2025-09-27T13:28:10.958581","automate_session_name":"testng-browserstack-master-00","test_hook_last_finished":"BEFORE_METHOD","test_session_name":"com.browserstack.ValidateVendorSelection-homeValidation","test_hook_state":"sdk:hook:756bb244","custom_metadata":{},"test_failure_reason":null,"test_location":"src/test/java/com/browserstack/ValidateVendorSelection.java","test_hooks_started":{"BEFORE_METHOD":[]},"test_file_path":"src/test/java/com/browserstack/ValidateVendorSelection.java","test_result":"passed","test_hooks_finished":{"BEFORE_METHOD":[{"hook_name":"setUp","hook_result":"passed","test_file_path":"testng-browserstack-master/src/test/java/com/browserstack/ValidateVendorSelection.java","event_started_at":"2025-09-27T13:27:50.855296","hook_id":"906b327c-2d9f-4094-bf73-7253b36e413b","hook_logs":[],"logs":[],"key":"BEFORE_METHOD","custom_metadata":{},"event_ended_at":"2025-09-27T13:27:56.709829","test_location":"testng-browserstack-master/src/test/java/com/browserstack/ValidateVendorSelection.java"}]},"hook_id":"906b327c-2d9f-4094-bf73-7253b36e413b","test_meta":{},"isBrowserstackAutomationSession":true,"test_name":"homeValidation","logs":[]}
2025-09-27T07:58:14.144Z CLI info [testhub:request-queue-handler]  [arjun153]  [lko2t2cxfrmptue75v2iubchmihda9ivcbxi3nxv]  [1ddc4740-eb90-4896-a5ed-28d095bab7ce]  Added the event {
  event_type: 'TestRunFinished',
  test_run: {
    type: 'test',
    framework: 'TestNG',
    uuid: '31935d60-02b5-467b-a591-b791a90861e2',
    name: 'homeValidation',
    body: {
      lang: 'java',
      code: 'public void com.browserstack.ValidateVendorSelection.homeValidation() throws java.lang.Exception'
    },
    identifier: 'homeValidation',
    scope: 'Default Suite.com.browserstack.ValidateVendorSelection',
    scopes: [ 'Default Suite', 'com.browserstack.ValidateVendorSelection' ],
    file_name: 'src/test/java/com/browserstack/ValidateVendorSelection.java',
    vc_filepath: 'src/test/java/com/browserstack/ValidateVendorSelection.java',
    location: 'src/test/java/com/browserstack/ValidateVendorSelection.java',
    meta: {},
    result: 'passed',
    duration_in_ms: 14236,
    started_at: '2025-09-27T07:57:56.722Z',
    finished_at: '2025-09-27T07:58:10.958Z',
    failure: null,
    failure_type: null,
    failure_reason: null,
    retry_of: null,
    custom_metadata: {},
    tags: [],
    customRerunParam: { rerun_name: 'testng-browserstack-master-0' },
    hooks: [ '906b327c-2d9f-4094-bf73-7253b36e413b' ],
    product_map: {
      observability: true,
      accessibility: false,
      percy: false,
      automate: true,
      app_automate: false
    }
  },
  logs: []
} to 6593:0
2025-09-27T07:58:14.159Z CLI info [testhub:request-queue-handler]  [arjun153]  [lko2t2cxfrmptue75v2iubchmihda9ivcbxi3nxv]  [1ddc4740-eb90-4896-a5ed-28d095bab7ce]  Added the event {
  event_type: 'HookRunStarted',
  hook_run: {
    type: 'hook',
    hook_type: 'AFTER_METHOD',
    framework: 'TestNG',
    uuid: 'acf6b01a-2d59-4c8c-a904-ba2049356d08',
    name: 'tearDown',
    result: 'pending',
    test_run_id: '31935d60-02b5-467b-a591-b791a90861e2',
    body: { lang: 'java', code: null },
    scope: 'Default Suite.com.browserstack.ValidateVendorSelection',
    custom_metadata: {},
    tags: [],
    scopes: [ 'Default Suite', 'com.browserstack.ValidateVendorSelection' ],
    file_name: 'testng-browserstack-master/src/test/java/com/browserstack/ValidateVendorSelection.java',
    vc_filepath: 'testng-browserstack-master/src/test/java/com/browserstack/ValidateVendorSelection.java',
    location: 'testng-browserstack-master/src/test/java/com/browserstack/ValidateVendorSelection.java',
    started_at: '2025-09-27T07:58:14.156Z'
  },
  logs: []
} to 6593:0
2025-09-27T07:58:15.707Z CLI info [testhub:request-queue-handler]  [arjun153]  [lko2t2cxfrmptue75v2iubchmihda9ivcbxi3nxv]  [1ddc4740-eb90-4896-a5ed-28d095bab7ce]  Processing batch event [
  {
    event_type: 'TestRunFinished',
    test_run: {
      type: 'test',
      framework: 'TestNG',
      uuid: '31935d60-02b5-467b-a591-b791a90861e2',
      name: 'homeValidation',
      body: [Object],
      identifier: 'homeValidation',
      scope: 'Default Suite.com.browserstack.ValidateVendorSelection',
      scopes: [Array],
      file_name: 'src/test/java/com/browserstack/ValidateVendorSelection.java',
      vc_filepath: 'src/test/java/com/browserstack/ValidateVendorSelection.java',
      location: 'src/test/java/com/browserstack/ValidateVendorSelection.java',
      meta: {},
      result: 'passed',
      duration_in_ms: 14236,
      started_at: '2025-09-27T07:57:56.722Z',
      finished_at: '2025-09-27T07:58:10.958Z',
      failure: null,
      failure_type: null,
      failure_reason: null,
      retry_of: null,
      custom_metadata: {},
      tags: [],
      customRerunParam: [Object],
      hooks: [Array],
      product_map: [Object]
    },
    logs: []
  },
  {
    event_type: 'HookRunStarted',
    hook_run: {
      type: 'hook',
      hook_type: 'AFTER_METHOD',
      framework: 'TestNG',
      uuid: 'acf6b01a-2d59-4c8c-a904-ba2049356d08',
      name: 'tearDown',
      result: 'pending',
      test_run_id: '31935d60-02b5-467b-a591-b791a90861e2',
      body: [Object],
      scope: 'Default Suite.com.browserstack.ValidateVendorSelection',
      custom_metadata: {},
      tags: [],
      scopes: [Array],
      file_name: 'testng-browserstack-master/src/test/java/com/browserstack/ValidateVendorSelection.java',
      vc_filepath: 'testng-browserstack-master/src/test/java/com/browserstack/ValidateVendorSelection.java',
      location: 'testng-browserstack-master/src/test/java/com/browserstack/ValidateVendorSelection.java',
      started_at: '2025-09-27T07:58:14.156Z'
    },
    logs: []
  }
] to 6593:0
2025-09-27T07:58:15.708Z CLI info  [arjun153]  [lko2t2cxfrmptue75v2iubchmihda9ivcbxi3nxv]  [1ddc4740-eb90-4896-a5ed-28d095bab7ce]  [PRODUCTION] Making POST request to https://collector-observability.browserstack.com
2025-09-27T07:58:16.077Z CLI info [testhub:request-queue-handler]  [arjun153]  [lko2t2cxfrmptue75v2iubchmihda9ivcbxi3nxv]  [1ddc4740-eb90-4896-a5ed-28d095bab7ce]  Added the event {
  event_type: 'HookRunFinished',
  hook_run: {
    type: 'hook',
    hook_type: 'AFTER_METHOD',
    framework: 'TestNG',
    uuid: 'acf6b01a-2d59-4c8c-a904-ba2049356d08',
    name: 'tearDown',
    result: 'passed',
    test_run_id: '31935d60-02b5-467b-a591-b791a90861e2',
    body: { lang: 'java', code: null },
    scope: 'Default Suite.com.browserstack.ValidateVendorSelection',
    custom_metadata: {},
    tags: [],
    scopes: [ 'Default Suite', 'com.browserstack.ValidateVendorSelection' ],
    file_name: 'testng-browserstack-master/src/test/java/com/browserstack/ValidateVendorSelection.java',
    vc_filepath: 'testng-browserstack-master/src/test/java/com/browserstack/ValidateVendorSelection.java',
    location: 'testng-browserstack-master/src/test/java/com/browserstack/ValidateVendorSelection.java',
    started_at: '2025-09-27T07:58:14.156Z',
    finished_at: '2025-09-27T07:58:16.074Z'
  },
  logs: []
} to 6593:0
2025-09-27T07:58:16.710Z CLI info  [arjun153]  [lko2t2cxfrmptue75v2iubchmihda9ivcbxi3nxv]  [1ddc4740-eb90-4896-a5ed-28d095bab7ce]  [PRODUCTION] Making POST request to https://collector-observability.browserstack.com
2025-09-27T07:58:17.698Z CLI error [testhub:module]  [arjun153]  [lko2t2cxfrmptue75v2iubchmihda9ivcbxi3nxv]  [1ddc4740-eb90-4896-a5ed-28d095bab7ce]  [collectBuildData] Exception in collecting build data for build UUID lko2t2cxfrmptue75v2iubchmihda9ivcbxi3nxv: {"message":"Build data collection started"}
2025-09-27T07:58:17.708Z CLI info [testhub:request-queue-handler]  [arjun153]  [lko2t2cxfrmptue75v2iubchmihda9ivcbxi3nxv]  [1ddc4740-eb90-4896-a5ed-28d095bab7ce]  Processing batch event [
  {
    event_type: 'HookRunFinished',
    hook_run: {
      type: 'hook',
      hook_type: 'AFTER_METHOD',
      framework: 'TestNG',
      uuid: 'acf6b01a-2d59-4c8c-a904-ba2049356d08',
      name: 'tearDown',
      result: 'passed',
      test_run_id: '31935d60-02b5-467b-a591-b791a90861e2',
      body: [Object],
      scope: 'Default Suite.com.browserstack.ValidateVendorSelection',
      custom_metadata: {},
      tags: [],
      scopes: [Array],
      file_name: 'testng-browserstack-master/src/test/java/com/browserstack/ValidateVendorSelection.java',
      vc_filepath: 'testng-browserstack-master/src/test/java/com/browserstack/ValidateVendorSelection.java',
      location: 'testng-browserstack-master/src/test/java/com/browserstack/ValidateVendorSelection.java',
      started_at: '2025-09-27T07:58:14.156Z',
      finished_at: '2025-09-27T07:58:16.074Z'
    },
    logs: []
  }
] to 6593:0
2025-09-27T07:58:17.709Z CLI info  [arjun153]  [lko2t2cxfrmptue75v2iubchmihda9ivcbxi3nxv]  [1ddc4740-eb90-4896-a5ed-28d095bab7ce]  [PRODUCTION] Making POST request to https://collector-observability.browserstack.com
2025-09-27T07:58:18.813Z CLI info  [arjun153]  [lko2t2cxfrmptue75v2iubchmihda9ivcbxi3nxv]  [1ddc4740-eb90-4896-a5ed-28d095bab7ce]  [PRODUCTION] Making PUT request to https://collector-observability.browserstack.com
2025-09-27T07:58:19.748Z CLI info [testhub:module]  [arjun153]  [lko2t2cxfrmptue75v2iubchmihda9ivcbxi3nxv]  [1ddc4740-eb90-4896-a5ed-28d095bab7ce]  stopBuild: lko2t2cxfrmptue75v2iubchmihda9ivcbxi3nxv request={"finished_at":"2025-09-27T07:58:16.453Z","finished_metadata":[],"custom_metadata":{}} response={"data":""}
2025-09-27T07:58:19.750Z CLI info  [arjun153]  [lko2t2cxfrmptue75v2iubchmihda9ivcbxi3nxv]  [1ddc4740-eb90-4896-a5ed-28d095bab7ce]  [PRODUCTION] Making POST request to https://api.browserstack.com
2025-09-27T07:58:19.751Z CLI info [TEST REPORTING AND ANALYTICS:module]  [arjun153]  [lko2t2cxfrmptue75v2iubchmihda9ivcbxi3nxv]  [1ddc4740-eb90-4896-a5ed-28d095bab7ce]  Visit https://automation.browserstack.com/builds/lko2t2cxfrmptue75v2iubchmihda9ivcbxi3nxv to view build report, insights, and many more debugging information all at one place!
2025-09-27T07:58:23.829Z CLI info  [arjun153]  [lko2t2cxfrmptue75v2iubchmihda9ivcbxi3nxv]  [1ddc4740-eb90-4896-a5ed-28d095bab7ce]  [PRODUCTION] Making GET request to https://api.browserstack.com
2025-09-27T07:58:24.202Z CLI info  [arjun153]  [lko2t2cxfrmptue75v2iubchmihda9ivcbxi3nxv]  [1ddc4740-eb90-4896-a5ed-28d095bab7ce]  [PRODUCTION] Making POST request to https://eds.browserstack.com
2025-09-27T07:58:25.496Z CLI info [main]  [arjun153]  [lko2t2cxfrmptue75v2iubchmihda9ivcbxi3nxv]  [1ddc4740-eb90-4896-a5ed-28d095bab7ce]  Received graceful signal termination, performing cleanup
2025-09-27T07:59:02.579Z CLI info [main]     Server listening on port: 5400
2025-09-27T07:59:02.775Z CLI info     Config : {"userName":"arjun153","accessKey":"pBUjJCeGYhbsRaET7AUb","framework":"testng","platforms":[{"os":"Windows","osVersion":"10","browserName":"Chrome","browserVersion":"136.0"}],"parallelsPerPlatform":1,"browserstackLocal":true,"buildName":"testathon_Arjun Build","projectName":"testathon_Arjun","CUSTOM_TAG_1":"testathon_Arjun_tag","networkLogs":true,"consoleLogs":"info","percy":false,"percyCaptureMode":"auto"}
2025-09-27T07:59:02.782Z CLI info [testhub:module]  [arjun153]   [dbffcb5a-a743-4513-bedd-0e6d5f7d56da]  Starting testhub from 6671:0
2025-09-27T07:59:02.783Z CLI info [testhub:module]  [arjun153]   [dbffcb5a-a743-4513-bedd-0e6d5f7d56da]  startBuild: payload=

{"started_at":"2025-09-27T07:59:02.782Z","host_info":{"hostname":"ArjunBM-MBP","platform":"darwin","type":"Darwin","version":"Darwin Kernel Version 24.6.0: Mon Aug 11 21:16:21 PDT 2025; root:xnu-11417.140.69.701.11~1/RELEASE_ARM64_T6000","arch":"arm64"},"ci_info":{"build_number":null},"version_control":{"name":"git","sha":"9683b848705b6f79390d112cbf50da21b1156b15","short_sha":"9683b84870","branch":"main","tag":null,"committer":"arjun <arjunbm13@gmail.com>","committer_date":"2025-09-27T07:26:24.000Z","author":"arjun <arjunbm13@gmail.com>","author_date":"2025-09-27T07:26:24.000Z","commit_message":"Initial files commit","root":"/Users/arjun/Downloads/testng-browserstack-master","common_git_dir":"/Users/arjun/Downloads/testng-browserstack-master/.git","worktree_git_dir":"/Users/arjun/Downloads/testng-browserstack-master/.git","last_tag":null,"commits_since_last_tag":0,"remotes":[{"name":"origin","url":"https://github.com/arjunbm13/testng-browserstack-master.git"}]},"project_name":"testathon_Arjun","name":"testathon_Arjun Build","build_identifier":"#13","build_run_identifier":null,"description":"","tags":["testathon_Arjun_tag"],"failed_tests_rerun":false,"accessibility":{"settings":{}},"framework_details":{"frameworkName":"TestNG","frameworkVersion":"7.4.0","sdkVersion":"1.41.1","cliVersion":"1.6.23","language":"java","testFramework":{"name":"selenium","version":"4.1.4"}},"product_map":{"observability":true,"accessibility":null,"percy":false,"automate":true,"app_automate":false},"browserstackAutomation":true,"test_orchestration":{}}
2025-09-27T07:59:02.783Z CLI info  [arjun153]   [dbffcb5a-a743-4513-bedd-0e6d5f7d56da]  [PRODUCTION] Making POST request to https://sdk.browserstack.com
2025-09-27T07:59:03.539Z CLI info [testhub:module]  [arjun153]   [dbffcb5a-a743-4513-bedd-0e6d5f7d56da]  startBuild: response=nsj7gyicerwn8b4iyn5f3xmgkuz7kwzqn9ev9muv
2025-09-27T07:59:03.541Z CLI info  [arjun153]  [nsj7gyicerwn8b4iyn5f3xmgkuz7kwzqn9ev9muv]  [dbffcb5a-a743-4513-bedd-0e6d5f7d56da]  [PRODUCTION] Making POST request to https://api.browserstack.com
2025-09-27T07:59:12.043Z CLI info  [arjun153]  [nsj7gyicerwn8b4iyn5f3xmgkuz7kwzqn9ev9muv]  [dbffcb5a-a743-4513-bedd-0e6d5f7d56da]  [PRODUCTION] Making GET request to https://hub.browserstack.com
2025-09-27T07:59:12.215Z CLI info  [arjun153]  [nsj7gyicerwn8b4iyn5f3xmgkuz7kwzqn9ev9muv]  [dbffcb5a-a743-4513-bedd-0e6d5f7d56da]  [PRODUCTION] Making GET request to https://hub-aps.browserstack.com
2025-09-27T07:59:12.335Z CLI info  [arjun153]  [nsj7gyicerwn8b4iyn5f3xmgkuz7kwzqn9ev9muv]  [dbffcb5a-a743-4513-bedd-0e6d5f7d56da]  [PRODUCTION] Making GET request to https://hub-euw.browserstack.com
2025-09-27T07:59:13.713Z CLI info  [arjun153]  [nsj7gyicerwn8b4iyn5f3xmgkuz7kwzqn9ev9muv]  [dbffcb5a-a743-4513-bedd-0e6d5f7d56da]  [PRODUCTION] Making GET request to https://hub-apse.browserstack.com
2025-09-27T07:59:16.686Z CLI info [testhub:request-queue-handler]  [arjun153]  [nsj7gyicerwn8b4iyn5f3xmgkuz7kwzqn9ev9muv]  [dbffcb5a-a743-4513-bedd-0e6d5f7d56da]  Added the event {
  event_type: 'HookRunStarted',
  hook_run: {
    type: 'hook',
    hook_type: 'BEFORE_METHOD',
    framework: 'TestNG',
    uuid: '62206c96-51e2-41bd-83d0-cb8d373a24ec',
    name: 'setUp',
    result: 'pending',
    test_run_id: '9ea62181-a3fb-471e-9d6f-ec530bed1b0d',
    body: { lang: 'java', code: null },
    scope: 'Default Suite.com.browserstack.ValidateVendorSelection',
    custom_metadata: {},
    tags: [],
    scopes: [ 'Default Suite', 'com.browserstack.ValidateVendorSelection' ],
    file_name: 'testng-browserstack-master/src/test/java/com/browserstack/ValidateVendorSelection.java',
    vc_filepath: 'testng-browserstack-master/src/test/java/com/browserstack/ValidateVendorSelection.java',
    location: 'testng-browserstack-master/src/test/java/com/browserstack/ValidateVendorSelection.java',
    started_at: '2025-09-27T07:59:16.678Z'
  },
  logs: []
} to 6671:0
2025-09-27T07:59:16.794Z CLI info [testhub:request-queue-handler]  [arjun153]  [nsj7gyicerwn8b4iyn5f3xmgkuz7kwzqn9ev9muv]  [dbffcb5a-a743-4513-bedd-0e6d5f7d56da]  Added the event {
  event_type: 'LogCreated',
  logs: [
    {
      testFrameworkName: 'TestNG',
      testFrameworkVersion: '7.4.0',
      testFrameworkState: 'LOG',
      timestamp: '2025-09-27T07:59:16.788Z',
      uuid: '62206c96-51e2-41bd-83d0-cb8d373a24ec',
      kind: 'TEST_LOG',
      message: '"SLF4J: Failed to load class \\"org.slf4j.impl.StaticLoggerBinder\\"."',
      level: 'ERROR',
      test_run_uuid: '62206c96-51e2-41bd-83d0-cb8d373a24ec'
    }
  ]
} to 6671:0
2025-09-27T07:59:16.802Z CLI info [testhub:request-queue-handler]  [arjun153]  [nsj7gyicerwn8b4iyn5f3xmgkuz7kwzqn9ev9muv]  [dbffcb5a-a743-4513-bedd-0e6d5f7d56da]  Added the event {
  event_type: 'LogCreated',
  logs: [
    {
      testFrameworkName: 'TestNG',
      testFrameworkVersion: '7.4.0',
      testFrameworkState: 'LOG',
      timestamp: '2025-09-27T07:59:16.800Z',
      uuid: '62206c96-51e2-41bd-83d0-cb8d373a24ec',
      kind: 'TEST_LOG',
      message: '"SLF4J: Defaulting to no-operation (NOP) logger implementation"',
      level: 'ERROR',
      test_run_uuid: '62206c96-51e2-41bd-83d0-cb8d373a24ec'
    }
  ]
} to 6671:0
2025-09-27T07:59:16.807Z CLI info [testhub:request-queue-handler]  [arjun153]  [nsj7gyicerwn8b4iyn5f3xmgkuz7kwzqn9ev9muv]  [dbffcb5a-a743-4513-bedd-0e6d5f7d56da]  Added the event {
  event_type: 'LogCreated',
  logs: [
    {
      testFrameworkName: 'TestNG',
      testFrameworkVersion: '7.4.0',
      testFrameworkState: 'LOG',
      timestamp: '2025-09-27T07:59:16.805Z',
      uuid: '62206c96-51e2-41bd-83d0-cb8d373a24ec',
      kind: 'TEST_LOG',
      message: '"SLF4J: See http://www.slf4j.org/codes.html#StaticLoggerBinder for further details."',
      level: 'ERROR',
      test_run_uuid: '62206c96-51e2-41bd-83d0-cb8d373a24ec'
    }
  ]
} to 6671:0
2025-09-27T07:59:16.833Z CLI info [testhub:request-queue-handler]  [arjun153]  [nsj7gyicerwn8b4iyn5f3xmgkuz7kwzqn9ev9muv]  [dbffcb5a-a743-4513-bedd-0e6d5f7d56da]  Added the event {
  event_type: 'LogCreated',
  logs: [
    {
      testFrameworkName: 'TestNG',
      testFrameworkVersion: '7.4.0',
      testFrameworkState: 'LOG',
      timestamp: '2025-09-27T07:59:16.831Z',
      uuid: '62206c96-51e2-41bd-83d0-cb8d373a24ec',
      kind: 'TEST_LOG',
      message: '"WARNING: sun.reflect.Reflection.getCallerClass is not supported. This will impact performance."',
      level: 'INFO',
      test_run_uuid: '62206c96-51e2-41bd-83d0-cb8d373a24ec'
    }
  ]
} to 6671:0
2025-09-27T07:59:17.545Z CLI info [testhub:request-queue-handler]  [arjun153]  [nsj7gyicerwn8b4iyn5f3xmgkuz7kwzqn9ev9muv]  [dbffcb5a-a743-4513-bedd-0e6d5f7d56da]  Processing batch event [
  {
    event_type: 'HookRunStarted',
    hook_run: {
      type: 'hook',
      hook_type: 'BEFORE_METHOD',
      framework: 'TestNG',
      uuid: '62206c96-51e2-41bd-83d0-cb8d373a24ec',
      name: 'setUp',
      result: 'pending',
      test_run_id: '9ea62181-a3fb-471e-9d6f-ec530bed1b0d',
      body: [Object],
      scope: 'Default Suite.com.browserstack.ValidateVendorSelection',
      custom_metadata: {},
      tags: [],
      scopes: [Array],
      file_name: 'testng-browserstack-master/src/test/java/com/browserstack/ValidateVendorSelection.java',
      vc_filepath: 'testng-browserstack-master/src/test/java/com/browserstack/ValidateVendorSelection.java',
      location: 'testng-browserstack-master/src/test/java/com/browserstack/ValidateVendorSelection.java',
      started_at: '2025-09-27T07:59:16.678Z'
    },
    logs: []
  },
  { event_type: 'LogCreated', logs: [ [Object] ] },
  { event_type: 'LogCreated', logs: [ [Object] ] },
  { event_type: 'LogCreated', logs: [ [Object] ] },
  { event_type: 'LogCreated', logs: [ [Object] ] }
] to 6671:0
2025-09-27T07:59:17.546Z CLI info  [arjun153]  [nsj7gyicerwn8b4iyn5f3xmgkuz7kwzqn9ev9muv]  [dbffcb5a-a743-4513-bedd-0e6d5f7d56da]  [PRODUCTION] Making POST request to https://collector-observability.browserstack.com
2025-09-27T07:59:24.877Z CLI info [testhub:request-queue-handler]  [arjun153]  [nsj7gyicerwn8b4iyn5f3xmgkuz7kwzqn9ev9muv]  [dbffcb5a-a743-4513-bedd-0e6d5f7d56da]  Added the event {
  event_type: 'HookRunFinished',
  hook_run: {
    type: 'hook',
    hook_type: 'BEFORE_METHOD',
    framework: 'TestNG',
    uuid: '62206c96-51e2-41bd-83d0-cb8d373a24ec',
    name: 'setUp',
    result: 'passed',
    test_run_id: '9ea62181-a3fb-471e-9d6f-ec530bed1b0d',
    body: { lang: 'java', code: null },
    scope: 'Default Suite.com.browserstack.ValidateVendorSelection',
    custom_metadata: {},
    tags: [],
    scopes: [ 'Default Suite', 'com.browserstack.ValidateVendorSelection' ],
    file_name: 'testng-browserstack-master/src/test/java/com/browserstack/ValidateVendorSelection.java',
    vc_filepath: 'testng-browserstack-master/src/test/java/com/browserstack/ValidateVendorSelection.java',
    location: 'testng-browserstack-master/src/test/java/com/browserstack/ValidateVendorSelection.java',
    started_at: '2025-09-27T07:59:16.678Z',
    finished_at: '2025-09-27T07:59:24.874Z'
  },
  logs: []
} to 6671:0
2025-09-27T07:59:24.905Z CLI info [testhub:request-queue-handler]  [arjun153]  [nsj7gyicerwn8b4iyn5f3xmgkuz7kwzqn9ev9muv]  [dbffcb5a-a743-4513-bedd-0e6d5f7d56da]  Added the event {
  event_type: 'CBTSessionCreated',
  test_run: {
    uuid: '4cc00009-23eb-42b0-9db4-812e5f3bd7b9',
    integrations: { browserstack: [Object] }
  }
} to 6671:0
2025-09-27T07:59:24.910Z CLI info [testhub:request-queue-handler]  [arjun153]  [nsj7gyicerwn8b4iyn5f3xmgkuz7kwzqn9ev9muv]  [dbffcb5a-a743-4513-bedd-0e6d5f7d56da]  Added the event {
  event_type: 'TestRunStarted',
  test_run: {
    type: 'test',
    framework: 'TestNG',
    uuid: '4cc00009-23eb-42b0-9db4-812e5f3bd7b9',
    name: 'VendorSelection',
    body: {
      lang: 'java',
      code: 'public void com.browserstack.ValidateVendorSelection.VendorSelection() throws java.lang.Exception'
    },
    identifier: 'VendorSelection',
    scope: 'Default Suite.com.browserstack.ValidateVendorSelection',
    scopes: [ 'Default Suite', 'com.browserstack.ValidateVendorSelection' ],
    file_name: 'src/test/java/com/browserstack/ValidateVendorSelection.java',
    vc_filepath: 'src/test/java/com/browserstack/ValidateVendorSelection.java',
    location: 'src/test/java/com/browserstack/ValidateVendorSelection.java',
    meta: {},
    result: 'pending',
    duration_in_ms: null,
    started_at: '2025-09-27T07:59:24.886Z',
    failure: undefined,
    failure_type: undefined,
    failure_reason: undefined,
    retry_of: null,
    custom_metadata: {},
    tags: [],
    customRerunParam: { rerun_name: 'testng-browserstack-master-0' },
    hooks: [],
    product_map: {
      observability: true,
      accessibility: false,
      percy: false,
      automate: true,
      app_automate: false
    }
  },
  logs: []
} to 6671:0
2025-09-27T07:59:25.549Z CLI info [testhub:request-queue-handler]  [arjun153]  [nsj7gyicerwn8b4iyn5f3xmgkuz7kwzqn9ev9muv]  [dbffcb5a-a743-4513-bedd-0e6d5f7d56da]  Processing batch event [
  {
    event_type: 'HookRunFinished',
    hook_run: {
      type: 'hook',
      hook_type: 'BEFORE_METHOD',
      framework: 'TestNG',
      uuid: '62206c96-51e2-41bd-83d0-cb8d373a24ec',
      name: 'setUp',
      result: 'passed',
      test_run_id: '9ea62181-a3fb-471e-9d6f-ec530bed1b0d',
      body: [Object],
      scope: 'Default Suite.com.browserstack.ValidateVendorSelection',
      custom_metadata: {},
      tags: [],
      scopes: [Array],
      file_name: 'testng-browserstack-master/src/test/java/com/browserstack/ValidateVendorSelection.java',
      vc_filepath: 'testng-browserstack-master/src/test/java/com/browserstack/ValidateVendorSelection.java',
      location: 'testng-browserstack-master/src/test/java/com/browserstack/ValidateVendorSelection.java',
      started_at: '2025-09-27T07:59:16.678Z',
      finished_at: '2025-09-27T07:59:24.874Z'
    },
    logs: []
  },
  {
    event_type: 'CBTSessionCreated',
    test_run: {
      uuid: '4cc00009-23eb-42b0-9db4-812e5f3bd7b9',
      integrations: [Object]
    }
  },
  {
    event_type: 'TestRunStarted',
    test_run: {
      type: 'test',
      framework: 'TestNG',
      uuid: '4cc00009-23eb-42b0-9db4-812e5f3bd7b9',
      name: 'VendorSelection',
      body: [Object],
      identifier: 'VendorSelection',
      scope: 'Default Suite.com.browserstack.ValidateVendorSelection',
      scopes: [Array],
      file_name: 'src/test/java/com/browserstack/ValidateVendorSelection.java',
      vc_filepath: 'src/test/java/com/browserstack/ValidateVendorSelection.java',
      location: 'src/test/java/com/browserstack/ValidateVendorSelection.java',
      meta: {},
      result: 'pending',
      duration_in_ms: null,
      started_at: '2025-09-27T07:59:24.886Z',
      failure: undefined,
      failure_type: undefined,
      failure_reason: undefined,
      retry_of: null,
      custom_metadata: {},
      tags: [],
      customRerunParam: [Object],
      hooks: [],
      product_map: [Object]
    },
    logs: []
  }
] to 6671:0
2025-09-27T07:59:25.552Z CLI info  [arjun153]  [nsj7gyicerwn8b4iyn5f3xmgkuz7kwzqn9ev9muv]  [dbffcb5a-a743-4513-bedd-0e6d5f7d56da]  [PRODUCTION] Making POST request to https://collector-observability.browserstack.com
2025-09-27T07:59:38.738Z CLI info [testhub:request-queue-handler]  [arjun153]  [nsj7gyicerwn8b4iyn5f3xmgkuz7kwzqn9ev9muv]  [dbffcb5a-a743-4513-bedd-0e6d5f7d56da]  Added the event {
  event_type: 'LogCreated',
  logs: [
    {
      testFrameworkName: 'TestNG',
      testFrameworkVersion: '7.4.0',
      testFrameworkState: 'LOG',
      timestamp: '2025-09-27T07:59:38.736Z',
      uuid: '4cc00009-23eb-42b0-9db4-812e5f3bd7b9',
      kind: 'TEST_LOG',
      message: '"Apple is listed ✅"',
      level: 'INFO',
      test_run_uuid: '4cc00009-23eb-42b0-9db4-812e5f3bd7b9'
    }
  ]
} to 6671:0
2025-09-27T07:59:38.742Z CLI info [testhub:request-queue-handler]  [arjun153]  [nsj7gyicerwn8b4iyn5f3xmgkuz7kwzqn9ev9muv]  [dbffcb5a-a743-4513-bedd-0e6d5f7d56da]  Added the event {
  event_type: 'LogCreated',
  logs: [
    {
      testFrameworkName: 'TestNG',
      testFrameworkVersion: '7.4.0',
      testFrameworkState: 'LOG',
      timestamp: '2025-09-27T07:59:38.741Z',
      uuid: '4cc00009-23eb-42b0-9db4-812e5f3bd7b9',
      kind: 'TEST_LOG',
      message: '"Samsung is listed ✅"',
      level: 'INFO',
      test_run_uuid: '4cc00009-23eb-42b0-9db4-812e5f3bd7b9'
    }
  ]
} to 6671:0
2025-09-27T07:59:38.746Z CLI info [testhub:request-queue-handler]  [arjun153]  [nsj7gyicerwn8b4iyn5f3xmgkuz7kwzqn9ev9muv]  [dbffcb5a-a743-4513-bedd-0e6d5f7d56da]  Added the event {
  event_type: 'LogCreated',
  logs: [
    {
      testFrameworkName: 'TestNG',
      testFrameworkVersion: '7.4.0',
      testFrameworkState: 'LOG',
      timestamp: '2025-09-27T07:59:38.745Z',
      uuid: '4cc00009-23eb-42b0-9db4-812e5f3bd7b9',
      kind: 'TEST_LOG',
      message: '"Google is listed ✅"',
      level: 'INFO',
      test_run_uuid: '4cc00009-23eb-42b0-9db4-812e5f3bd7b9'
    }
  ]
} to 6671:0
2025-09-27T07:59:38.750Z CLI info [testhub:request-queue-handler]  [arjun153]  [nsj7gyicerwn8b4iyn5f3xmgkuz7kwzqn9ev9muv]  [dbffcb5a-a743-4513-bedd-0e6d5f7d56da]  Added the event {
  event_type: 'LogCreated',
  logs: [
    {
      testFrameworkName: 'TestNG',
      testFrameworkVersion: '7.4.0',
      testFrameworkState: 'LOG',
      timestamp: '2025-09-27T07:59:38.748Z',
      uuid: '4cc00009-23eb-42b0-9db4-812e5f3bd7b9',
      kind: 'TEST_LOG',
      message: '"OnePlus is listed ✅"',
      level: 'INFO',
      test_run_uuid: '4cc00009-23eb-42b0-9db4-812e5f3bd7b9'
    }
  ]
} to 6671:0
2025-09-27T07:59:39.557Z CLI info [testhub:request-queue-handler]  [arjun153]  [nsj7gyicerwn8b4iyn5f3xmgkuz7kwzqn9ev9muv]  [dbffcb5a-a743-4513-bedd-0e6d5f7d56da]  Processing batch event [
  { event_type: 'LogCreated', logs: [ [Object] ] },
  { event_type: 'LogCreated', logs: [ [Object] ] },
  { event_type: 'LogCreated', logs: [ [Object] ] },
  { event_type: 'LogCreated', logs: [ [Object] ] }
] to 6671:0
2025-09-27T07:59:39.558Z CLI info  [arjun153]  [nsj7gyicerwn8b4iyn5f3xmgkuz7kwzqn9ev9muv]  [dbffcb5a-a743-4513-bedd-0e6d5f7d56da]  [PRODUCTION] Making POST request to https://collector-observability.browserstack.com
2025-09-27T07:59:41.284Z CLI warn [TEST REPORTING AND ANALYTICS:java:testng]  [arjun153]  [nsj7gyicerwn8b4iyn5f3xmgkuz7kwzqn9ev9muv]  [dbffcb5a-a743-4513-bedd-0e6d5f7d56da]  TestRunFinished: event={"test_hook_last_started":"BEFORE_METHOD","test_failure_type":null,"test_rerun_name":"testng-browserstack-master-0","test_result_at":"2025-09-27T13:29:38.753154","test_scope":"Default Suite.com.browserstack.ValidateVendorSelection","test_framework_name":"TestNG","test_tags":"","cbt_session_created":true,"test_started_at":"2025-09-27T13:29:24.886488","platform_index":0,"test_failure":null,"test_framework_version":"7.4.0","test_logs":[],"test_scopes":["Default Suite","com.browserstack.ValidateVendorSelection"],"test_code":"public void com.browserstack.ValidateVendorSelection.VendorSelection() throws java.lang.Exception","test_id":"testng-browserstack-master-0@0","test_uuid":"4cc00009-23eb-42b0-9db4-812e5f3bd7b9","test_ended_at":"2025-09-27T13:29:38.753442","automate_session_name":"testng-browserstack-master-00","test_hook_last_finished":"BEFORE_METHOD","test_session_name":"com.browserstack.ValidateVendorSelection-VendorSelection","test_hook_state":"sdk:hook:af2e358d","custom_metadata":{},"test_failure_reason":null,"test_location":"src/test/java/com/browserstack/ValidateVendorSelection.java","test_hooks_started":{"BEFORE_METHOD":[]},"test_file_path":"src/test/java/com/browserstack/ValidateVendorSelection.java","test_result":"passed","test_hooks_finished":{"BEFORE_METHOD":[{"hook_name":"setUp","hook_result":"passed","test_file_path":"testng-browserstack-master/src/test/java/com/browserstack/ValidateVendorSelection.java","event_started_at":"2025-09-27T13:29:16.678090","hook_id":"62206c96-51e2-41bd-83d0-cb8d373a24ec","hook_logs":[],"logs":[],"key":"BEFORE_METHOD","custom_metadata":{},"event_ended_at":"2025-09-27T13:29:24.874934","test_location":"testng-browserstack-master/src/test/java/com/browserstack/ValidateVendorSelection.java"}]},"hook_id":"62206c96-51e2-41bd-83d0-cb8d373a24ec","test_meta":{},"isBrowserstackAutomationSession":true,"test_name":"VendorSelection","logs":[]}
2025-09-27T07:59:41.285Z CLI info [testhub:request-queue-handler]  [arjun153]  [nsj7gyicerwn8b4iyn5f3xmgkuz7kwzqn9ev9muv]  [dbffcb5a-a743-4513-bedd-0e6d5f7d56da]  Added the event {
  event_type: 'TestRunFinished',
  test_run: {
    type: 'test',
    framework: 'TestNG',
    uuid: '4cc00009-23eb-42b0-9db4-812e5f3bd7b9',
    name: 'VendorSelection',
    body: {
      lang: 'java',
      code: 'public void com.browserstack.ValidateVendorSelection.VendorSelection() throws java.lang.Exception'
    },
    identifier: 'VendorSelection',
    scope: 'Default Suite.com.browserstack.ValidateVendorSelection',
    scopes: [ 'Default Suite', 'com.browserstack.ValidateVendorSelection' ],
    file_name: 'src/test/java/com/browserstack/ValidateVendorSelection.java',
    vc_filepath: 'src/test/java/com/browserstack/ValidateVendorSelection.java',
    location: 'src/test/java/com/browserstack/ValidateVendorSelection.java',
    meta: {},
    result: 'passed',
    duration_in_ms: 13867,
    started_at: '2025-09-27T07:59:24.886Z',
    finished_at: '2025-09-27T07:59:38.753Z',
    failure: null,
    failure_type: null,
    failure_reason: null,
    retry_of: null,
    custom_metadata: {},
    tags: [],
    customRerunParam: { rerun_name: 'testng-browserstack-master-0' },
    hooks: [ '62206c96-51e2-41bd-83d0-cb8d373a24ec' ],
    product_map: {
      observability: true,
      accessibility: false,
      percy: false,
      automate: true,
      app_automate: false
    }
  },
  logs: []
} to 6671:0
2025-09-27T07:59:41.312Z CLI info [testhub:request-queue-handler]  [arjun153]  [nsj7gyicerwn8b4iyn5f3xmgkuz7kwzqn9ev9muv]  [dbffcb5a-a743-4513-bedd-0e6d5f7d56da]  Added the event {
  event_type: 'HookRunStarted',
  hook_run: {
    type: 'hook',
    hook_type: 'AFTER_METHOD',
    framework: 'TestNG',
    uuid: '1d3b95b8-e67b-46aa-a325-d5de12ef58d5',
    name: 'tearDown',
    result: 'pending',
    test_run_id: '4cc00009-23eb-42b0-9db4-812e5f3bd7b9',
    body: { lang: 'java', code: null },
    scope: 'Default Suite.com.browserstack.ValidateVendorSelection',
    custom_metadata: {},
    tags: [],
    scopes: [ 'Default Suite', 'com.browserstack.ValidateVendorSelection' ],
    file_name: 'testng-browserstack-master/src/test/java/com/browserstack/ValidateVendorSelection.java',
    vc_filepath: 'testng-browserstack-master/src/test/java/com/browserstack/ValidateVendorSelection.java',
    location: 'testng-browserstack-master/src/test/java/com/browserstack/ValidateVendorSelection.java',
    started_at: '2025-09-27T07:59:41.308Z'
  },
  logs: []
} to 6671:0
2025-09-27T07:59:41.558Z CLI info [testhub:request-queue-handler]  [arjun153]  [nsj7gyicerwn8b4iyn5f3xmgkuz7kwzqn9ev9muv]  [dbffcb5a-a743-4513-bedd-0e6d5f7d56da]  Processing batch event [
  {
    event_type: 'TestRunFinished',
    test_run: {
      type: 'test',
      framework: 'TestNG',
      uuid: '4cc00009-23eb-42b0-9db4-812e5f3bd7b9',
      name: 'VendorSelection',
      body: [Object],
      identifier: 'VendorSelection',
      scope: 'Default Suite.com.browserstack.ValidateVendorSelection',
      scopes: [Array],
      file_name: 'src/test/java/com/browserstack/ValidateVendorSelection.java',
      vc_filepath: 'src/test/java/com/browserstack/ValidateVendorSelection.java',
      location: 'src/test/java/com/browserstack/ValidateVendorSelection.java',
      meta: {},
      result: 'passed',
      duration_in_ms: 13867,
      started_at: '2025-09-27T07:59:24.886Z',
      finished_at: '2025-09-27T07:59:38.753Z',
      failure: null,
      failure_type: null,
      failure_reason: null,
      retry_of: null,
      custom_metadata: {},
      tags: [],
      customRerunParam: [Object],
      hooks: [Array],
      product_map: [Object]
    },
    logs: []
  },
  {
    event_type: 'HookRunStarted',
    hook_run: {
      type: 'hook',
      hook_type: 'AFTER_METHOD',
      framework: 'TestNG',
      uuid: '1d3b95b8-e67b-46aa-a325-d5de12ef58d5',
      name: 'tearDown',
      result: 'pending',
      test_run_id: '4cc00009-23eb-42b0-9db4-812e5f3bd7b9',
      body: [Object],
      scope: 'Default Suite.com.browserstack.ValidateVendorSelection',
      custom_metadata: {},
      tags: [],
      scopes: [Array],
      file_name: 'testng-browserstack-master/src/test/java/com/browserstack/ValidateVendorSelection.java',
      vc_filepath: 'testng-browserstack-master/src/test/java/com/browserstack/ValidateVendorSelection.java',
      location: 'testng-browserstack-master/src/test/java/com/browserstack/ValidateVendorSelection.java',
      started_at: '2025-09-27T07:59:41.308Z'
    },
    logs: []
  }
] to 6671:0
2025-09-27T07:59:41.559Z CLI info  [arjun153]  [nsj7gyicerwn8b4iyn5f3xmgkuz7kwzqn9ev9muv]  [dbffcb5a-a743-4513-bedd-0e6d5f7d56da]  [PRODUCTION] Making POST request to https://collector-observability.browserstack.com
2025-09-27T07:59:42.783Z CLI info [testhub:request-queue-handler]  [arjun153]  [nsj7gyicerwn8b4iyn5f3xmgkuz7kwzqn9ev9muv]  [dbffcb5a-a743-4513-bedd-0e6d5f7d56da]  Added the event {
  event_type: 'HookRunFinished',
  hook_run: {
    type: 'hook',
    hook_type: 'AFTER_METHOD',
    framework: 'TestNG',
    uuid: '1d3b95b8-e67b-46aa-a325-d5de12ef58d5',
    name: 'tearDown',
    result: 'passed',
    test_run_id: '4cc00009-23eb-42b0-9db4-812e5f3bd7b9',
    body: { lang: 'java', code: null },
    scope: 'Default Suite.com.browserstack.ValidateVendorSelection',
    custom_metadata: {},
    tags: [],
    scopes: [ 'Default Suite', 'com.browserstack.ValidateVendorSelection' ],
    file_name: 'testng-browserstack-master/src/test/java/com/browserstack/ValidateVendorSelection.java',
    vc_filepath: 'testng-browserstack-master/src/test/java/com/browserstack/ValidateVendorSelection.java',
    location: 'testng-browserstack-master/src/test/java/com/browserstack/ValidateVendorSelection.java',
    started_at: '2025-09-27T07:59:41.308Z',
    finished_at: '2025-09-27T07:59:42.777Z'
  },
  logs: []
} to 6671:0
2025-09-27T07:59:43.558Z CLI info [testhub:request-queue-handler]  [arjun153]  [nsj7gyicerwn8b4iyn5f3xmgkuz7kwzqn9ev9muv]  [dbffcb5a-a743-4513-bedd-0e6d5f7d56da]  Processing batch event [
  {
    event_type: 'HookRunFinished',
    hook_run: {
      type: 'hook',
      hook_type: 'AFTER_METHOD',
      framework: 'TestNG',
      uuid: '1d3b95b8-e67b-46aa-a325-d5de12ef58d5',
      name: 'tearDown',
      result: 'passed',
      test_run_id: '4cc00009-23eb-42b0-9db4-812e5f3bd7b9',
      body: [Object],
      scope: 'Default Suite.com.browserstack.ValidateVendorSelection',
      custom_metadata: {},
      tags: [],
      scopes: [Array],
      file_name: 'testng-browserstack-master/src/test/java/com/browserstack/ValidateVendorSelection.java',
      vc_filepath: 'testng-browserstack-master/src/test/java/com/browserstack/ValidateVendorSelection.java',
      location: 'testng-browserstack-master/src/test/java/com/browserstack/ValidateVendorSelection.java',
      started_at: '2025-09-27T07:59:41.308Z',
      finished_at: '2025-09-27T07:59:42.777Z'
    },
    logs: []
  }
] to 6671:0
2025-09-27T07:59:43.559Z CLI info  [arjun153]  [nsj7gyicerwn8b4iyn5f3xmgkuz7kwzqn9ev9muv]  [dbffcb5a-a743-4513-bedd-0e6d5f7d56da]  [PRODUCTION] Making POST request to https://collector-observability.browserstack.com
2025-09-27T07:59:44.567Z CLI info  [arjun153]  [nsj7gyicerwn8b4iyn5f3xmgkuz7kwzqn9ev9muv]  [dbffcb5a-a743-4513-bedd-0e6d5f7d56da]  [PRODUCTION] Making POST request to https://collector-observability.browserstack.com
2025-09-27T07:59:45.604Z CLI error [testhub:module]  [arjun153]  [nsj7gyicerwn8b4iyn5f3xmgkuz7kwzqn9ev9muv]  [dbffcb5a-a743-4513-bedd-0e6d5f7d56da]  [collectBuildData] Exception in collecting build data for build UUID nsj7gyicerwn8b4iyn5f3xmgkuz7kwzqn9ev9muv: {"message":"Build data collection started"}
2025-09-27T07:59:45.605Z CLI info  [arjun153]  [nsj7gyicerwn8b4iyn5f3xmgkuz7kwzqn9ev9muv]  [dbffcb5a-a743-4513-bedd-0e6d5f7d56da]  [PRODUCTION] Making PUT request to https://collector-observability.browserstack.com
2025-09-27T07:59:46.610Z CLI info [testhub:module]  [arjun153]  [nsj7gyicerwn8b4iyn5f3xmgkuz7kwzqn9ev9muv]  [dbffcb5a-a743-4513-bedd-0e6d5f7d56da]  stopBuild: nsj7gyicerwn8b4iyn5f3xmgkuz7kwzqn9ev9muv request={"finished_at":"2025-09-27T07:59:43.826Z","finished_metadata":[],"custom_metadata":{}} response={"data":""}
2025-09-27T07:59:46.612Z CLI info  [arjun153]  [nsj7gyicerwn8b4iyn5f3xmgkuz7kwzqn9ev9muv]  [dbffcb5a-a743-4513-bedd-0e6d5f7d56da]  [PRODUCTION] Making POST request to https://api.browserstack.com
2025-09-27T07:59:46.614Z CLI info [TEST REPORTING AND ANALYTICS:module]  [arjun153]  [nsj7gyicerwn8b4iyn5f3xmgkuz7kwzqn9ev9muv]  [dbffcb5a-a743-4513-bedd-0e6d5f7d56da]  Visit https://automation.browserstack.com/builds/nsj7gyicerwn8b4iyn5f3xmgkuz7kwzqn9ev9muv to view build report, insights, and many more debugging information all at one place!
2025-09-27T07:59:51.204Z CLI info  [arjun153]  [nsj7gyicerwn8b4iyn5f3xmgkuz7kwzqn9ev9muv]  [dbffcb5a-a743-4513-bedd-0e6d5f7d56da]  [PRODUCTION] Making GET request to https://api.browserstack.com
2025-09-27T07:59:52.211Z CLI info  [arjun153]  [nsj7gyicerwn8b4iyn5f3xmgkuz7kwzqn9ev9muv]  [dbffcb5a-a743-4513-bedd-0e6d5f7d56da]  [PRODUCTION] Making POST request to https://eds.browserstack.com
2025-09-27T07:59:53.507Z CLI info [main]  [arjun153]  [nsj7gyicerwn8b4iyn5f3xmgkuz7kwzqn9ev9muv]  [dbffcb5a-a743-4513-bedd-0e6d5f7d56da]  Received graceful signal termination, performing cleanup
2025-09-27T08:01:25.751Z CLI info [main]     Server listening on port: 5400
2025-09-27T08:01:25.955Z CLI info     Config : {"userName":"arjun153","accessKey":"pBUjJCeGYhbsRaET7AUb","framework":"testng","platforms":[{"os":"Windows","osVersion":"10","browserName":"Chrome","browserVersion":"136.0"}],"parallelsPerPlatform":1,"browserstackLocal":true,"buildName":"testathon_Arjun Build","projectName":"testathon_Arjun","CUSTOM_TAG_1":"testathon_Arjun_tag","networkLogs":true,"consoleLogs":"info","percy":false,"percyCaptureMode":"auto"}
2025-09-27T08:01:25.962Z CLI info [testhub:module]  [arjun153]   [2063255f-1693-4f0d-8dc3-7d323f38161e]  Starting testhub from 6742:0
2025-09-27T08:01:25.962Z CLI info [testhub:module]  [arjun153]   [2063255f-1693-4f0d-8dc3-7d323f38161e]  startBuild: payload=

{"started_at":"2025-09-27T08:01:25.962Z","host_info":{"hostname":"ArjunBM-MBP","platform":"darwin","type":"Darwin","version":"Darwin Kernel Version 24.6.0: Mon Aug 11 21:16:21 PDT 2025; root:xnu-11417.140.69.701.11~1/RELEASE_ARM64_T6000","arch":"arm64"},"ci_info":{"build_number":null},"version_control":{"name":"git","sha":"9683b848705b6f79390d112cbf50da21b1156b15","short_sha":"9683b84870","branch":"main","tag":null,"committer":"arjun <arjunbm13@gmail.com>","committer_date":"2025-09-27T07:26:24.000Z","author":"arjun <arjunbm13@gmail.com>","author_date":"2025-09-27T07:26:24.000Z","commit_message":"Initial files commit","root":"/Users/arjun/Downloads/testng-browserstack-master","common_git_dir":"/Users/arjun/Downloads/testng-browserstack-master/.git","worktree_git_dir":"/Users/arjun/Downloads/testng-browserstack-master/.git","last_tag":null,"commits_since_last_tag":0,"remotes":[{"name":"origin","url":"https://github.com/arjunbm13/testng-browserstack-master.git"}]},"project_name":"testathon_Arjun","name":"testathon_Arjun Build","build_identifier":"#14","build_run_identifier":null,"description":"","tags":["testathon_Arjun_tag"],"failed_tests_rerun":false,"accessibility":{"settings":{}},"framework_details":{"frameworkName":"TestNG","frameworkVersion":"7.4.0","sdkVersion":"1.41.1","cliVersion":"1.6.23","language":"java","testFramework":{"name":"selenium","version":"4.1.4"}},"product_map":{"observability":true,"accessibility":null,"percy":false,"automate":true,"app_automate":false},"browserstackAutomation":true,"test_orchestration":{}}
2025-09-27T08:01:25.963Z CLI info  [arjun153]   [2063255f-1693-4f0d-8dc3-7d323f38161e]  [PRODUCTION] Making POST request to https://sdk.browserstack.com
2025-09-27T08:01:26.891Z CLI info [testhub:module]  [arjun153]   [2063255f-1693-4f0d-8dc3-7d323f38161e]  startBuild: response=zxqen1bxfkgnfno6ndok6x0bigsucch9i91uvkic
2025-09-27T08:01:26.893Z CLI info  [arjun153]  [zxqen1bxfkgnfno6ndok6x0bigsucch9i91uvkic]  [2063255f-1693-4f0d-8dc3-7d323f38161e]  [PRODUCTION] Making POST request to https://api.browserstack.com
2025-09-27T08:01:34.405Z CLI info  [arjun153]  [zxqen1bxfkgnfno6ndok6x0bigsucch9i91uvkic]  [2063255f-1693-4f0d-8dc3-7d323f38161e]  [PRODUCTION] Making GET request to https://hub.browserstack.com
2025-09-27T08:01:34.562Z CLI info  [arjun153]  [zxqen1bxfkgnfno6ndok6x0bigsucch9i91uvkic]  [2063255f-1693-4f0d-8dc3-7d323f38161e]  [PRODUCTION] Making GET request to https://hub-aps.browserstack.com
2025-09-27T08:01:34.672Z CLI info  [arjun153]  [zxqen1bxfkgnfno6ndok6x0bigsucch9i91uvkic]  [2063255f-1693-4f0d-8dc3-7d323f38161e]  [PRODUCTION] Making GET request to https://hub-euw.browserstack.com
2025-09-27T08:01:36.013Z CLI info  [arjun153]  [zxqen1bxfkgnfno6ndok6x0bigsucch9i91uvkic]  [2063255f-1693-4f0d-8dc3-7d323f38161e]  [PRODUCTION] Making GET request to https://hub-apse.browserstack.com
2025-09-27T08:01:38.982Z CLI info [testhub:request-queue-handler]  [arjun153]  [zxqen1bxfkgnfno6ndok6x0bigsucch9i91uvkic]  [2063255f-1693-4f0d-8dc3-7d323f38161e]  Added the event {
  event_type: 'HookRunStarted',
  hook_run: {
    type: 'hook',
    hook_type: 'BEFORE_METHOD',
    framework: 'TestNG',
    uuid: '50c40a2b-6e37-414f-bb3c-c7517f68a73d',
    name: 'setUp',
    result: 'pending',
    test_run_id: '1ad25b0b-16c6-4ee0-9be1-5e2a93fe71da',
    body: { lang: 'java', code: null },
    scope: 'Default Suite.com.browserstack.ValidateVendorSelection',
    custom_metadata: {},
    tags: [],
    scopes: [ 'Default Suite', 'com.browserstack.ValidateVendorSelection' ],
    file_name: 'testng-browserstack-master/src/test/java/com/browserstack/ValidateVendorSelection.java',
    vc_filepath: 'testng-browserstack-master/src/test/java/com/browserstack/ValidateVendorSelection.java',
    location: 'testng-browserstack-master/src/test/java/com/browserstack/ValidateVendorSelection.java',
    started_at: '2025-09-27T08:01:38.964Z'
  },
  logs: []
} to 6742:0
2025-09-27T08:01:39.213Z CLI info [testhub:request-queue-handler]  [arjun153]  [zxqen1bxfkgnfno6ndok6x0bigsucch9i91uvkic]  [2063255f-1693-4f0d-8dc3-7d323f38161e]  Added the event {
  event_type: 'LogCreated',
  logs: [
    {
      testFrameworkName: 'TestNG',
      testFrameworkVersion: '7.4.0',
      testFrameworkState: 'LOG',
      timestamp: '2025-09-27T08:01:39.208Z',
      uuid: '50c40a2b-6e37-414f-bb3c-c7517f68a73d',
      kind: 'TEST_LOG',
      message: '"SLF4J: Failed to load class \\"org.slf4j.impl.StaticLoggerBinder\\"."',
      level: 'ERROR',
      test_run_uuid: '50c40a2b-6e37-414f-bb3c-c7517f68a73d'
    }
  ]
} to 6742:0
2025-09-27T08:01:39.220Z CLI info [testhub:request-queue-handler]  [arjun153]  [zxqen1bxfkgnfno6ndok6x0bigsucch9i91uvkic]  [2063255f-1693-4f0d-8dc3-7d323f38161e]  Added the event {
  event_type: 'LogCreated',
  logs: [
    {
      testFrameworkName: 'TestNG',
      testFrameworkVersion: '7.4.0',
      testFrameworkState: 'LOG',
      timestamp: '2025-09-27T08:01:39.218Z',
      uuid: '50c40a2b-6e37-414f-bb3c-c7517f68a73d',
      kind: 'TEST_LOG',
      message: '"SLF4J: Defaulting to no-operation (NOP) logger implementation"',
      level: 'ERROR',
      test_run_uuid: '50c40a2b-6e37-414f-bb3c-c7517f68a73d'
    }
  ]
} to 6742:0
2025-09-27T08:01:39.225Z CLI info [testhub:request-queue-handler]  [arjun153]  [zxqen1bxfkgnfno6ndok6x0bigsucch9i91uvkic]  [2063255f-1693-4f0d-8dc3-7d323f38161e]  Added the event {
  event_type: 'LogCreated',
  logs: [
    {
      testFrameworkName: 'TestNG',
      testFrameworkVersion: '7.4.0',
      testFrameworkState: 'LOG',
      timestamp: '2025-09-27T08:01:39.224Z',
      uuid: '50c40a2b-6e37-414f-bb3c-c7517f68a73d',
      kind: 'TEST_LOG',
      message: '"SLF4J: See http://www.slf4j.org/codes.html#StaticLoggerBinder for further details."',
      level: 'ERROR',
      test_run_uuid: '50c40a2b-6e37-414f-bb3c-c7517f68a73d'
    }
  ]
} to 6742:0
2025-09-27T08:01:39.256Z CLI info [testhub:request-queue-handler]  [arjun153]  [zxqen1bxfkgnfno6ndok6x0bigsucch9i91uvkic]  [2063255f-1693-4f0d-8dc3-7d323f38161e]  Added the event {
  event_type: 'LogCreated',
  logs: [
    {
      testFrameworkName: 'TestNG',
      testFrameworkVersion: '7.4.0',
      testFrameworkState: 'LOG',
      timestamp: '2025-09-27T08:01:39.254Z',
      uuid: '50c40a2b-6e37-414f-bb3c-c7517f68a73d',
      kind: 'TEST_LOG',
      message: '"WARNING: sun.reflect.Reflection.getCallerClass is not supported. This will impact performance."',
      level: 'INFO',
      test_run_uuid: '50c40a2b-6e37-414f-bb3c-c7517f68a73d'
    }
  ]
} to 6742:0
2025-09-27T08:01:40.900Z CLI info [testhub:request-queue-handler]  [arjun153]  [zxqen1bxfkgnfno6ndok6x0bigsucch9i91uvkic]  [2063255f-1693-4f0d-8dc3-7d323f38161e]  Processing batch event [
  {
    event_type: 'HookRunStarted',
    hook_run: {
      type: 'hook',
      hook_type: 'BEFORE_METHOD',
      framework: 'TestNG',
      uuid: '50c40a2b-6e37-414f-bb3c-c7517f68a73d',
      name: 'setUp',
      result: 'pending',
      test_run_id: '1ad25b0b-16c6-4ee0-9be1-5e2a93fe71da',
      body: [Object],
      scope: 'Default Suite.com.browserstack.ValidateVendorSelection',
      custom_metadata: {},
      tags: [],
      scopes: [Array],
      file_name: 'testng-browserstack-master/src/test/java/com/browserstack/ValidateVendorSelection.java',
      vc_filepath: 'testng-browserstack-master/src/test/java/com/browserstack/ValidateVendorSelection.java',
      location: 'testng-browserstack-master/src/test/java/com/browserstack/ValidateVendorSelection.java',
      started_at: '2025-09-27T08:01:38.964Z'
    },
    logs: []
  },
  { event_type: 'LogCreated', logs: [ [Object] ] },
  { event_type: 'LogCreated', logs: [ [Object] ] },
  { event_type: 'LogCreated', logs: [ [Object] ] },
  { event_type: 'LogCreated', logs: [ [Object] ] }
] to 6742:0
2025-09-27T08:01:40.901Z CLI info  [arjun153]  [zxqen1bxfkgnfno6ndok6x0bigsucch9i91uvkic]  [2063255f-1693-4f0d-8dc3-7d323f38161e]  [PRODUCTION] Making POST request to https://collector-observability.browserstack.com
2025-09-27T08:01:47.583Z CLI info [testhub:request-queue-handler]  [arjun153]  [zxqen1bxfkgnfno6ndok6x0bigsucch9i91uvkic]  [2063255f-1693-4f0d-8dc3-7d323f38161e]  Added the event {
  event_type: 'HookRunFinished',
  hook_run: {
    type: 'hook',
    hook_type: 'BEFORE_METHOD',
    framework: 'TestNG',
    uuid: '50c40a2b-6e37-414f-bb3c-c7517f68a73d',
    name: 'setUp',
    result: 'passed',
    test_run_id: '1ad25b0b-16c6-4ee0-9be1-5e2a93fe71da',
    body: { lang: 'java', code: null },
    scope: 'Default Suite.com.browserstack.ValidateVendorSelection',
    custom_metadata: {},
    tags: [],
    scopes: [ 'Default Suite', 'com.browserstack.ValidateVendorSelection' ],
    file_name: 'testng-browserstack-master/src/test/java/com/browserstack/ValidateVendorSelection.java',
    vc_filepath: 'testng-browserstack-master/src/test/java/com/browserstack/ValidateVendorSelection.java',
    location: 'testng-browserstack-master/src/test/java/com/browserstack/ValidateVendorSelection.java',
    started_at: '2025-09-27T08:01:38.964Z',
    finished_at: '2025-09-27T08:01:47.580Z'
  },
  logs: []
} to 6742:0
2025-09-27T08:01:47.611Z CLI info [testhub:request-queue-handler]  [arjun153]  [zxqen1bxfkgnfno6ndok6x0bigsucch9i91uvkic]  [2063255f-1693-4f0d-8dc3-7d323f38161e]  Added the event {
  event_type: 'CBTSessionCreated',
  test_run: {
    uuid: 'a2305b95-c250-498b-86cf-5b822973b6e3',
    integrations: { browserstack: [Object] }
  }
} to 6742:0
2025-09-27T08:01:47.616Z CLI info [testhub:request-queue-handler]  [arjun153]  [zxqen1bxfkgnfno6ndok6x0bigsucch9i91uvkic]  [2063255f-1693-4f0d-8dc3-7d323f38161e]  Added the event {
  event_type: 'TestRunStarted',
  test_run: {
    type: 'test',
    framework: 'TestNG',
    uuid: 'a2305b95-c250-498b-86cf-5b822973b6e3',
    name: 'VendorSelection',
    body: {
      lang: 'java',
      code: 'public void com.browserstack.ValidateVendorSelection.VendorSelection() throws java.lang.Exception'
    },
    identifier: 'VendorSelection',
    scope: 'Default Suite.com.browserstack.ValidateVendorSelection',
    scopes: [ 'Default Suite', 'com.browserstack.ValidateVendorSelection' ],
    file_name: 'src/test/java/com/browserstack/ValidateVendorSelection.java',
    vc_filepath: 'src/test/java/com/browserstack/ValidateVendorSelection.java',
    location: 'src/test/java/com/browserstack/ValidateVendorSelection.java',
    meta: {},
    result: 'pending',
    duration_in_ms: null,
    started_at: '2025-09-27T08:01:47.592Z',
    failure: undefined,
    failure_type: undefined,
    failure_reason: undefined,
    retry_of: null,
    custom_metadata: {},
    tags: [],
    customRerunParam: { rerun_name: 'testng-browserstack-master-0' },
    hooks: [],
    product_map: {
      observability: true,
      accessibility: false,
      percy: false,
      automate: true,
      app_automate: false
    }
  },
  logs: []
} to 6742:0
2025-09-27T08:01:48.902Z CLI info [testhub:request-queue-handler]  [arjun153]  [zxqen1bxfkgnfno6ndok6x0bigsucch9i91uvkic]  [2063255f-1693-4f0d-8dc3-7d323f38161e]  Processing batch event [
  {
    event_type: 'HookRunFinished',
    hook_run: {
      type: 'hook',
      hook_type: 'BEFORE_METHOD',
      framework: 'TestNG',
      uuid: '50c40a2b-6e37-414f-bb3c-c7517f68a73d',
      name: 'setUp',
      result: 'passed',
      test_run_id: '1ad25b0b-16c6-4ee0-9be1-5e2a93fe71da',
      body: [Object],
      scope: 'Default Suite.com.browserstack.ValidateVendorSelection',
      custom_metadata: {},
      tags: [],
      scopes: [Array],
      file_name: 'testng-browserstack-master/src/test/java/com/browserstack/ValidateVendorSelection.java',
      vc_filepath: 'testng-browserstack-master/src/test/java/com/browserstack/ValidateVendorSelection.java',
      location: 'testng-browserstack-master/src/test/java/com/browserstack/ValidateVendorSelection.java',
      started_at: '2025-09-27T08:01:38.964Z',
      finished_at: '2025-09-27T08:01:47.580Z'
    },
    logs: []
  },
  {
    event_type: 'CBTSessionCreated',
    test_run: {
      uuid: 'a2305b95-c250-498b-86cf-5b822973b6e3',
      integrations: [Object]
    }
  },
  {
    event_type: 'TestRunStarted',
    test_run: {
      type: 'test',
      framework: 'TestNG',
      uuid: 'a2305b95-c250-498b-86cf-5b822973b6e3',
      name: 'VendorSelection',
      body: [Object],
      identifier: 'VendorSelection',
      scope: 'Default Suite.com.browserstack.ValidateVendorSelection',
      scopes: [Array],
      file_name: 'src/test/java/com/browserstack/ValidateVendorSelection.java',
      vc_filepath: 'src/test/java/com/browserstack/ValidateVendorSelection.java',
      location: 'src/test/java/com/browserstack/ValidateVendorSelection.java',
      meta: {},
      result: 'pending',
      duration_in_ms: null,
      started_at: '2025-09-27T08:01:47.592Z',
      failure: undefined,
      failure_type: undefined,
      failure_reason: undefined,
      retry_of: null,
      custom_metadata: {},
      tags: [],
      customRerunParam: [Object],
      hooks: [],
      product_map: [Object]
    },
    logs: []
  }
] to 6742:0
2025-09-27T08:01:48.902Z CLI info  [arjun153]  [zxqen1bxfkgnfno6ndok6x0bigsucch9i91uvkic]  [2063255f-1693-4f0d-8dc3-7d323f38161e]  [PRODUCTION] Making POST request to https://collector-observability.browserstack.com
2025-09-27T08:02:02.486Z CLI info [testhub:request-queue-handler]  [arjun153]  [zxqen1bxfkgnfno6ndok6x0bigsucch9i91uvkic]  [2063255f-1693-4f0d-8dc3-7d323f38161e]  Added the event {
  event_type: 'LogCreated',
  logs: [
    {
      testFrameworkName: 'TestNG',
      testFrameworkVersion: '7.4.0',
      testFrameworkState: 'LOG',
      timestamp: '2025-09-27T08:02:02.482Z',
      uuid: 'a2305b95-c250-498b-86cf-5b822973b6e3',
      kind: 'TEST_LOG',
      message: '"Apple is tapped"',
      level: 'INFO',
      test_run_uuid: 'a2305b95-c250-498b-86cf-5b822973b6e3'
    }
  ]
} to 6742:0
2025-09-27T08:02:02.910Z CLI info [testhub:request-queue-handler]  [arjun153]  [zxqen1bxfkgnfno6ndok6x0bigsucch9i91uvkic]  [2063255f-1693-4f0d-8dc3-7d323f38161e]  Processing batch event [ { event_type: 'LogCreated', logs: [ [Object] ] } ] to 6742:0
2025-09-27T08:02:02.911Z CLI info  [arjun153]  [zxqen1bxfkgnfno6ndok6x0bigsucch9i91uvkic]  [2063255f-1693-4f0d-8dc3-7d323f38161e]  [PRODUCTION] Making POST request to https://collector-observability.browserstack.com
2025-09-27T08:02:02.968Z CLI info [testhub:request-queue-handler]  [arjun153]  [zxqen1bxfkgnfno6ndok6x0bigsucch9i91uvkic]  [2063255f-1693-4f0d-8dc3-7d323f38161e]  Added the event {
  event_type: 'LogCreated',
  logs: [
    {
      testFrameworkName: 'TestNG',
      testFrameworkVersion: '7.4.0',
      testFrameworkState: 'LOG',
      timestamp: '2025-09-27T08:02:02.965Z',
      uuid: 'a2305b95-c250-498b-86cf-5b822973b6e3',
      kind: 'TEST_LOG',
      message: '"Samsung is tapped"',
      level: 'INFO',
      test_run_uuid: 'a2305b95-c250-498b-86cf-5b822973b6e3'
    }
  ]
} to 6742:0
2025-09-27T08:02:03.557Z CLI info [testhub:request-queue-handler]  [arjun153]  [zxqen1bxfkgnfno6ndok6x0bigsucch9i91uvkic]  [2063255f-1693-4f0d-8dc3-7d323f38161e]  Added the event {
  event_type: 'LogCreated',
  logs: [
    {
      testFrameworkName: 'TestNG',
      testFrameworkVersion: '7.4.0',
      testFrameworkState: 'LOG',
      timestamp: '2025-09-27T08:02:03.555Z',
      uuid: 'a2305b95-c250-498b-86cf-5b822973b6e3',
      kind: 'TEST_LOG',
      message: '"Google is tapped"',
      level: 'INFO',
      test_run_uuid: 'a2305b95-c250-498b-86cf-5b822973b6e3'
    }
  ]
} to 6742:0
2025-09-27T08:02:04.008Z CLI info [testhub:request-queue-handler]  [arjun153]  [zxqen1bxfkgnfno6ndok6x0bigsucch9i91uvkic]  [2063255f-1693-4f0d-8dc3-7d323f38161e]  Added the event {
  event_type: 'LogCreated',
  logs: [
    {
      testFrameworkName: 'TestNG',
      testFrameworkVersion: '7.4.0',
      testFrameworkState: 'LOG',
      timestamp: '2025-09-27T08:02:04.006Z',
      uuid: 'a2305b95-c250-498b-86cf-5b822973b6e3',
      kind: 'TEST_LOG',
      message: '"OnePlus is tapped"',
      level: 'INFO',
      test_run_uuid: 'a2305b95-c250-498b-86cf-5b822973b6e3'
    }
  ]
} to 6742:0
2025-09-27T08:02:04.138Z CLI info [testhub:request-queue-handler]  [arjun153]  [zxqen1bxfkgnfno6ndok6x0bigsucch9i91uvkic]  [2063255f-1693-4f0d-8dc3-7d323f38161e]  Added the event {
  event_type: 'LogCreated',
  logs: [
    {
      testFrameworkName: 'TestNG',
      testFrameworkVersion: '7.4.0',
      testFrameworkState: 'LOG',
      timestamp: '2025-09-27T08:02:04.136Z',
      uuid: 'a2305b95-c250-498b-86cf-5b822973b6e3',
      kind: 'TEST_LOG',
      message: '"Apple is listed ✅"',
      level: 'INFO',
      test_run_uuid: 'a2305b95-c250-498b-86cf-5b822973b6e3'
    }
  ]
} to 6742:0
2025-09-27T08:02:04.142Z CLI info [testhub:request-queue-handler]  [arjun153]  [zxqen1bxfkgnfno6ndok6x0bigsucch9i91uvkic]  [2063255f-1693-4f0d-8dc3-7d323f38161e]  Added the event {
  event_type: 'LogCreated',
  logs: [
    {
      testFrameworkName: 'TestNG',
      testFrameworkVersion: '7.4.0',
      testFrameworkState: 'LOG',
      timestamp: '2025-09-27T08:02:04.141Z',
      uuid: 'a2305b95-c250-498b-86cf-5b822973b6e3',
      kind: 'TEST_LOG',
      message: '"Samsung is listed ✅"',
      level: 'INFO',
      test_run_uuid: 'a2305b95-c250-498b-86cf-5b822973b6e3'
    }
  ]
} to 6742:0
2025-09-27T08:02:04.147Z CLI info [testhub:request-queue-handler]  [arjun153]  [zxqen1bxfkgnfno6ndok6x0bigsucch9i91uvkic]  [2063255f-1693-4f0d-8dc3-7d323f38161e]  Added the event {
  event_type: 'LogCreated',
  logs: [
    {
      testFrameworkName: 'TestNG',
      testFrameworkVersion: '7.4.0',
      testFrameworkState: 'LOG',
      timestamp: '2025-09-27T08:02:04.145Z',
      uuid: 'a2305b95-c250-498b-86cf-5b822973b6e3',
      kind: 'TEST_LOG',
      message: '"Google is listed ✅"',
      level: 'INFO',
      test_run_uuid: 'a2305b95-c250-498b-86cf-5b822973b6e3'
    }
  ]
} to 6742:0
2025-09-27T08:02:04.151Z CLI info [testhub:request-queue-handler]  [arjun153]  [zxqen1bxfkgnfno6ndok6x0bigsucch9i91uvkic]  [2063255f-1693-4f0d-8dc3-7d323f38161e]  Added the event {
  event_type: 'LogCreated',
  logs: [
    {
      testFrameworkName: 'TestNG',
      testFrameworkVersion: '7.4.0',
      testFrameworkState: 'LOG',
      timestamp: '2025-09-27T08:02:04.150Z',
      uuid: 'a2305b95-c250-498b-86cf-5b822973b6e3',
      kind: 'TEST_LOG',
      message: '"OnePlus is listed ✅"',
      level: 'INFO',
      test_run_uuid: 'a2305b95-c250-498b-86cf-5b822973b6e3'
    }
  ]
} to 6742:0
2025-09-27T08:02:04.913Z CLI info [testhub:request-queue-handler]  [arjun153]  [zxqen1bxfkgnfno6ndok6x0bigsucch9i91uvkic]  [2063255f-1693-4f0d-8dc3-7d323f38161e]  Processing batch event [
  { event_type: 'LogCreated', logs: [ [Object] ] },
  { event_type: 'LogCreated', logs: [ [Object] ] },
  { event_type: 'LogCreated', logs: [ [Object] ] },
  { event_type: 'LogCreated', logs: [ [Object] ] },
  { event_type: 'LogCreated', logs: [ [Object] ] },
  { event_type: 'LogCreated', logs: [ [Object] ] },
  { event_type: 'LogCreated', logs: [ [Object] ] }
] to 6742:0
2025-09-27T08:02:04.914Z CLI info  [arjun153]  [zxqen1bxfkgnfno6ndok6x0bigsucch9i91uvkic]  [2063255f-1693-4f0d-8dc3-7d323f38161e]  [PRODUCTION] Making POST request to https://collector-observability.browserstack.com
2025-09-27T08:02:06.855Z CLI warn [TEST REPORTING AND ANALYTICS:java:testng]  [arjun153]  [zxqen1bxfkgnfno6ndok6x0bigsucch9i91uvkic]  [2063255f-1693-4f0d-8dc3-7d323f38161e]  TestRunFinished: event={"test_hook_last_started":"BEFORE_METHOD","test_failure_type":null,"test_rerun_name":"testng-browserstack-master-0","test_result_at":"2025-09-27T13:32:04.154855","test_scope":"Default Suite.com.browserstack.ValidateVendorSelection","test_framework_name":"TestNG","test_tags":"","cbt_session_created":true,"test_started_at":"2025-09-27T13:31:47.592530","platform_index":0,"test_failure":null,"test_framework_version":"7.4.0","test_logs":[],"test_scopes":["Default Suite","com.browserstack.ValidateVendorSelection"],"test_code":"public void com.browserstack.ValidateVendorSelection.VendorSelection() throws java.lang.Exception","test_id":"testng-browserstack-master-0@0","test_uuid":"a2305b95-c250-498b-86cf-5b822973b6e3","test_ended_at":"2025-09-27T13:32:04.155163","automate_session_name":"testng-browserstack-master-00","test_hook_last_finished":"BEFORE_METHOD","test_session_name":"com.browserstack.ValidateVendorSelection-VendorSelection","test_hook_state":"sdk:hook:6031f083","custom_metadata":{},"test_failure_reason":null,"test_location":"src/test/java/com/browserstack/ValidateVendorSelection.java","test_hooks_started":{"BEFORE_METHOD":[]},"test_file_path":"src/test/java/com/browserstack/ValidateVendorSelection.java","test_result":"passed","test_hooks_finished":{"BEFORE_METHOD":[{"hook_name":"setUp","hook_result":"passed","test_file_path":"testng-browserstack-master/src/test/java/com/browserstack/ValidateVendorSelection.java","event_started_at":"2025-09-27T13:31:38.964268","hook_id":"50c40a2b-6e37-414f-bb3c-c7517f68a73d","hook_logs":[],"logs":[],"key":"BEFORE_METHOD","custom_metadata":{},"event_ended_at":"2025-09-27T13:31:47.580226","test_location":"testng-browserstack-master/src/test/java/com/browserstack/ValidateVendorSelection.java"}]},"hook_id":"50c40a2b-6e37-414f-bb3c-c7517f68a73d","test_meta":{},"isBrowserstackAutomationSession":true,"test_name":"VendorSelection","logs":[]}
2025-09-27T08:02:06.856Z CLI info [testhub:request-queue-handler]  [arjun153]  [zxqen1bxfkgnfno6ndok6x0bigsucch9i91uvkic]  [2063255f-1693-4f0d-8dc3-7d323f38161e]  Added the event {
  event_type: 'TestRunFinished',
  test_run: {
    type: 'test',
    framework: 'TestNG',
    uuid: 'a2305b95-c250-498b-86cf-5b822973b6e3',
    name: 'VendorSelection',
    body: {
      lang: 'java',
      code: 'public void com.browserstack.ValidateVendorSelection.VendorSelection() throws java.lang.Exception'
    },
    identifier: 'VendorSelection',
    scope: 'Default Suite.com.browserstack.ValidateVendorSelection',
    scopes: [ 'Default Suite', 'com.browserstack.ValidateVendorSelection' ],
    file_name: 'src/test/java/com/browserstack/ValidateVendorSelection.java',
    vc_filepath: 'src/test/java/com/browserstack/ValidateVendorSelection.java',
    location: 'src/test/java/com/browserstack/ValidateVendorSelection.java',
    meta: {},
    result: 'passed',
    duration_in_ms: 16563,
    started_at: '2025-09-27T08:01:47.592Z',
    finished_at: '2025-09-27T08:02:04.155Z',
    failure: null,
    failure_type: null,
    failure_reason: null,
    retry_of: null,
    custom_metadata: {},
    tags: [],
    customRerunParam: { rerun_name: 'testng-browserstack-master-0' },
    hooks: [ '50c40a2b-6e37-414f-bb3c-c7517f68a73d' ],
    product_map: {
      observability: true,
      accessibility: false,
      percy: false,
      automate: true,
      app_automate: false
    }
  },
  logs: []
} to 6742:0
2025-09-27T08:02:06.877Z CLI info [testhub:request-queue-handler]  [arjun153]  [zxqen1bxfkgnfno6ndok6x0bigsucch9i91uvkic]  [2063255f-1693-4f0d-8dc3-7d323f38161e]  Added the event {
  event_type: 'HookRunStarted',
  hook_run: {
    type: 'hook',
    hook_type: 'AFTER_METHOD',
    framework: 'TestNG',
    uuid: '5b5cbee5-8b61-4877-a138-7bf0be27b1fa',
    name: 'tearDown',
    result: 'pending',
    test_run_id: 'a2305b95-c250-498b-86cf-5b822973b6e3',
    body: { lang: 'java', code: null },
    scope: 'Default Suite.com.browserstack.ValidateVendorSelection',
    custom_metadata: {},
    tags: [],
    scopes: [ 'Default Suite', 'com.browserstack.ValidateVendorSelection' ],
    file_name: 'testng-browserstack-master/src/test/java/com/browserstack/ValidateVendorSelection.java',
    vc_filepath: 'testng-browserstack-master/src/test/java/com/browserstack/ValidateVendorSelection.java',
    location: 'testng-browserstack-master/src/test/java/com/browserstack/ValidateVendorSelection.java',
    started_at: '2025-09-27T08:02:06.874Z'
  },
  logs: []
} to 6742:0
2025-09-27T08:02:06.913Z CLI info [testhub:request-queue-handler]  [arjun153]  [zxqen1bxfkgnfno6ndok6x0bigsucch9i91uvkic]  [2063255f-1693-4f0d-8dc3-7d323f38161e]  Processing batch event [
  {
    event_type: 'TestRunFinished',
    test_run: {
      type: 'test',
      framework: 'TestNG',
      uuid: 'a2305b95-c250-498b-86cf-5b822973b6e3',
      name: 'VendorSelection',
      body: [Object],
      identifier: 'VendorSelection',
      scope: 'Default Suite.com.browserstack.ValidateVendorSelection',
      scopes: [Array],
      file_name: 'src/test/java/com/browserstack/ValidateVendorSelection.java',
      vc_filepath: 'src/test/java/com/browserstack/ValidateVendorSelection.java',
      location: 'src/test/java/com/browserstack/ValidateVendorSelection.java',
      meta: {},
      result: 'passed',
      duration_in_ms: 16563,
      started_at: '2025-09-27T08:01:47.592Z',
      finished_at: '2025-09-27T08:02:04.155Z',
      failure: null,
      failure_type: null,
      failure_reason: null,
      retry_of: null,
      custom_metadata: {},
      tags: [],
      customRerunParam: [Object],
      hooks: [Array],
      product_map: [Object]
    },
    logs: []
  },
  {
    event_type: 'HookRunStarted',
    hook_run: {
      type: 'hook',
      hook_type: 'AFTER_METHOD',
      framework: 'TestNG',
      uuid: '5b5cbee5-8b61-4877-a138-7bf0be27b1fa',
      name: 'tearDown',
      result: 'pending',
      test_run_id: 'a2305b95-c250-498b-86cf-5b822973b6e3',
      body: [Object],
      scope: 'Default Suite.com.browserstack.ValidateVendorSelection',
      custom_metadata: {},
      tags: [],
      scopes: [Array],
      file_name: 'testng-browserstack-master/src/test/java/com/browserstack/ValidateVendorSelection.java',
      vc_filepath: 'testng-browserstack-master/src/test/java/com/browserstack/ValidateVendorSelection.java',
      location: 'testng-browserstack-master/src/test/java/com/browserstack/ValidateVendorSelection.java',
      started_at: '2025-09-27T08:02:06.874Z'
    },
    logs: []
  }
] to 6742:0
2025-09-27T08:02:06.913Z CLI info  [arjun153]  [zxqen1bxfkgnfno6ndok6x0bigsucch9i91uvkic]  [2063255f-1693-4f0d-8dc3-7d323f38161e]  [PRODUCTION] Making POST request to https://collector-observability.browserstack.com
2025-09-27T08:02:08.361Z CLI info [testhub:request-queue-handler]  [arjun153]  [zxqen1bxfkgnfno6ndok6x0bigsucch9i91uvkic]  [2063255f-1693-4f0d-8dc3-7d323f38161e]  Added the event {
  event_type: 'HookRunFinished',
  hook_run: {
    type: 'hook',
    hook_type: 'AFTER_METHOD',
    framework: 'TestNG',
    uuid: '5b5cbee5-8b61-4877-a138-7bf0be27b1fa',
    name: 'tearDown',
    result: 'passed',
    test_run_id: 'a2305b95-c250-498b-86cf-5b822973b6e3',
    body: { lang: 'java', code: null },
    scope: 'Default Suite.com.browserstack.ValidateVendorSelection',
    custom_metadata: {},
    tags: [],
    scopes: [ 'Default Suite', 'com.browserstack.ValidateVendorSelection' ],
    file_name: 'testng-browserstack-master/src/test/java/com/browserstack/ValidateVendorSelection.java',
    vc_filepath: 'testng-browserstack-master/src/test/java/com/browserstack/ValidateVendorSelection.java',
    location: 'testng-browserstack-master/src/test/java/com/browserstack/ValidateVendorSelection.java',
    started_at: '2025-09-27T08:02:06.874Z',
    finished_at: '2025-09-27T08:02:08.358Z'
  },
  logs: []
} to 6742:0
2025-09-27T08:02:08.762Z CLI info  [arjun153]  [zxqen1bxfkgnfno6ndok6x0bigsucch9i91uvkic]  [2063255f-1693-4f0d-8dc3-7d323f38161e]  [PRODUCTION] Making POST request to https://collector-observability.browserstack.com
2025-09-27T08:02:08.914Z CLI info [testhub:request-queue-handler]  [arjun153]  [zxqen1bxfkgnfno6ndok6x0bigsucch9i91uvkic]  [2063255f-1693-4f0d-8dc3-7d323f38161e]  Processing batch event [
  {
    event_type: 'HookRunFinished',
    hook_run: {
      type: 'hook',
      hook_type: 'AFTER_METHOD',
      framework: 'TestNG',
      uuid: '5b5cbee5-8b61-4877-a138-7bf0be27b1fa',
      name: 'tearDown',
      result: 'passed',
      test_run_id: 'a2305b95-c250-498b-86cf-5b822973b6e3',
      body: [Object],
      scope: 'Default Suite.com.browserstack.ValidateVendorSelection',
      custom_metadata: {},
      tags: [],
      scopes: [Array],
      file_name: 'testng-browserstack-master/src/test/java/com/browserstack/ValidateVendorSelection.java',
      vc_filepath: 'testng-browserstack-master/src/test/java/com/browserstack/ValidateVendorSelection.java',
      location: 'testng-browserstack-master/src/test/java/com/browserstack/ValidateVendorSelection.java',
      started_at: '2025-09-27T08:02:06.874Z',
      finished_at: '2025-09-27T08:02:08.358Z'
    },
    logs: []
  }
] to 6742:0
2025-09-27T08:02:09.742Z CLI info  [arjun153]  [zxqen1bxfkgnfno6ndok6x0bigsucch9i91uvkic]  [2063255f-1693-4f0d-8dc3-7d323f38161e]  [PRODUCTION] Making POST request to https://collector-observability.browserstack.com
2025-09-27T08:02:09.742Z CLI error [testhub:module]  [arjun153]  [zxqen1bxfkgnfno6ndok6x0bigsucch9i91uvkic]  [2063255f-1693-4f0d-8dc3-7d323f38161e]  [collectBuildData] Exception in collecting build data for build UUID zxqen1bxfkgnfno6ndok6x0bigsucch9i91uvkic: {"message":"Build data collection started"}
2025-09-27T08:02:10.758Z CLI info  [arjun153]  [zxqen1bxfkgnfno6ndok6x0bigsucch9i91uvkic]  [2063255f-1693-4f0d-8dc3-7d323f38161e]  [PRODUCTION] Making PUT request to https://collector-observability.browserstack.com
2025-09-27T08:02:11.736Z CLI info [testhub:module]  [arjun153]  [zxqen1bxfkgnfno6ndok6x0bigsucch9i91uvkic]  [2063255f-1693-4f0d-8dc3-7d323f38161e]  stopBuild: zxqen1bxfkgnfno6ndok6x0bigsucch9i91uvkic request={"finished_at":"2025-09-27T08:02:08.761Z","finished_metadata":[],"custom_metadata":{}} response={"data":""}
2025-09-27T08:02:11.738Z CLI info  [arjun153]  [zxqen1bxfkgnfno6ndok6x0bigsucch9i91uvkic]  [2063255f-1693-4f0d-8dc3-7d323f38161e]  [PRODUCTION] Making POST request to https://api.browserstack.com
2025-09-27T08:02:11.740Z CLI info [TEST REPORTING AND ANALYTICS:module]  [arjun153]  [zxqen1bxfkgnfno6ndok6x0bigsucch9i91uvkic]  [2063255f-1693-4f0d-8dc3-7d323f38161e]  Visit https://automation.browserstack.com/builds/zxqen1bxfkgnfno6ndok6x0bigsucch9i91uvkic to view build report, insights, and many more debugging information all at one place!
2025-09-27T08:02:15.821Z CLI info  [arjun153]  [zxqen1bxfkgnfno6ndok6x0bigsucch9i91uvkic]  [2063255f-1693-4f0d-8dc3-7d323f38161e]  [PRODUCTION] Making GET request to https://api.browserstack.com
2025-09-27T08:02:16.186Z CLI info  [arjun153]  [zxqen1bxfkgnfno6ndok6x0bigsucch9i91uvkic]  [2063255f-1693-4f0d-8dc3-7d323f38161e]  [PRODUCTION] Making POST request to https://eds.browserstack.com
2025-09-27T08:02:17.508Z CLI info [main]  [arjun153]  [zxqen1bxfkgnfno6ndok6x0bigsucch9i91uvkic]  [2063255f-1693-4f0d-8dc3-7d323f38161e]  Received graceful signal termination, performing cleanup
2025-09-27T08:04:23.604Z CLI info [main]     Server listening on port: 5400
2025-09-27T08:04:23.801Z CLI info     Config : {"userName":"arjun153","accessKey":"pBUjJCeGYhbsRaET7AUb","framework":"testng","platforms":[{"os":"Windows","osVersion":"10","browserName":"Chrome","browserVersion":"136.0"}],"parallelsPerPlatform":1,"browserstackLocal":true,"buildName":"testathon_Arjun Build","projectName":"testathon_Arjun","CUSTOM_TAG_1":"testathon_Arjun_tag","networkLogs":true,"consoleLogs":"info","percy":false,"percyCaptureMode":"auto"}
2025-09-27T08:04:23.807Z CLI info [testhub:module]  [arjun153]   [112eef79-6f12-4421-8eea-0345aeaeb76e]  Starting testhub from 6822:0
2025-09-27T08:04:23.807Z CLI info [testhub:module]  [arjun153]   [112eef79-6f12-4421-8eea-0345aeaeb76e]  startBuild: payload=

{"started_at":"2025-09-27T08:04:23.807Z","host_info":{"hostname":"ArjunBM-MBP","platform":"darwin","type":"Darwin","version":"Darwin Kernel Version 24.6.0: Mon Aug 11 21:16:21 PDT 2025; root:xnu-11417.140.69.701.11~1/RELEASE_ARM64_T6000","arch":"arm64"},"ci_info":{"build_number":null},"version_control":{"name":"git","sha":"9683b848705b6f79390d112cbf50da21b1156b15","short_sha":"9683b84870","branch":"main","tag":null,"committer":"arjun <arjunbm13@gmail.com>","committer_date":"2025-09-27T07:26:24.000Z","author":"arjun <arjunbm13@gmail.com>","author_date":"2025-09-27T07:26:24.000Z","commit_message":"Initial files commit","root":"/Users/arjun/Downloads/testng-browserstack-master","common_git_dir":"/Users/arjun/Downloads/testng-browserstack-master/.git","worktree_git_dir":"/Users/arjun/Downloads/testng-browserstack-master/.git","last_tag":null,"commits_since_last_tag":0,"remotes":[{"name":"origin","url":"https://github.com/arjunbm13/testng-browserstack-master.git"}]},"project_name":"testathon_Arjun","name":"testathon_Arjun Build","build_identifier":"#15","build_run_identifier":null,"description":"","tags":["testathon_Arjun_tag"],"failed_tests_rerun":false,"accessibility":{"settings":{}},"framework_details":{"frameworkName":"TestNG","frameworkVersion":"7.4.0","sdkVersion":"1.41.1","cliVersion":"1.6.23","language":"java","testFramework":{"name":"selenium","version":"4.1.4"}},"product_map":{"observability":true,"accessibility":null,"percy":false,"automate":true,"app_automate":false},"browserstackAutomation":true,"test_orchestration":{}}
2025-09-27T08:04:23.807Z CLI info  [arjun153]   [112eef79-6f12-4421-8eea-0345aeaeb76e]  [PRODUCTION] Making POST request to https://sdk.browserstack.com
2025-09-27T08:04:24.739Z CLI info [testhub:module]  [arjun153]   [112eef79-6f12-4421-8eea-0345aeaeb76e]  startBuild: response=fycdfyhkuogkdx5qwyhxvtgkahjmazblnu5bx3l3
2025-09-27T08:04:24.741Z CLI info  [arjun153]  [fycdfyhkuogkdx5qwyhxvtgkahjmazblnu5bx3l3]  [112eef79-6f12-4421-8eea-0345aeaeb76e]  [PRODUCTION] Making POST request to https://api.browserstack.com
2025-09-27T08:04:31.793Z CLI info  [arjun153]  [fycdfyhkuogkdx5qwyhxvtgkahjmazblnu5bx3l3]  [112eef79-6f12-4421-8eea-0345aeaeb76e]  [PRODUCTION] Making GET request to https://hub.browserstack.com
2025-09-27T08:04:31.985Z CLI info  [arjun153]  [fycdfyhkuogkdx5qwyhxvtgkahjmazblnu5bx3l3]  [112eef79-6f12-4421-8eea-0345aeaeb76e]  [PRODUCTION] Making GET request to https://hub-aps.browserstack.com
2025-09-27T08:04:32.090Z CLI info  [arjun153]  [fycdfyhkuogkdx5qwyhxvtgkahjmazblnu5bx3l3]  [112eef79-6f12-4421-8eea-0345aeaeb76e]  [PRODUCTION] Making GET request to https://hub-euw.browserstack.com
2025-09-27T08:04:33.441Z CLI info  [arjun153]  [fycdfyhkuogkdx5qwyhxvtgkahjmazblnu5bx3l3]  [112eef79-6f12-4421-8eea-0345aeaeb76e]  [PRODUCTION] Making GET request to https://hub-apse.browserstack.com
2025-09-27T08:04:35.708Z CLI info  [arjun153]  [fycdfyhkuogkdx5qwyhxvtgkahjmazblnu5bx3l3]  [112eef79-6f12-4421-8eea-0345aeaeb76e]  [PRODUCTION] Making POST request to https://collector-observability.browserstack.com
2025-09-27T08:04:37.101Z CLI error [testhub:module]  [arjun153]  [fycdfyhkuogkdx5qwyhxvtgkahjmazblnu5bx3l3]  [112eef79-6f12-4421-8eea-0345aeaeb76e]  [collectBuildData] Exception in collecting build data for build UUID fycdfyhkuogkdx5qwyhxvtgkahjmazblnu5bx3l3: {"message":"Build data collection started"}
2025-09-27T08:04:37.102Z CLI info  [arjun153]  [fycdfyhkuogkdx5qwyhxvtgkahjmazblnu5bx3l3]  [112eef79-6f12-4421-8eea-0345aeaeb76e]  [PRODUCTION] Making PUT request to https://collector-observability.browserstack.com
2025-09-27T08:04:38.438Z CLI info [testhub:module]  [arjun153]  [fycdfyhkuogkdx5qwyhxvtgkahjmazblnu5bx3l3]  [112eef79-6f12-4421-8eea-0345aeaeb76e]  stopBuild: fycdfyhkuogkdx5qwyhxvtgkahjmazblnu5bx3l3 request={"finished_at":"2025-09-27T08:04:35.708Z","finished_metadata":[],"custom_metadata":{}} response={"data":""}
2025-09-27T08:04:38.440Z CLI info  [arjun153]  [fycdfyhkuogkdx5qwyhxvtgkahjmazblnu5bx3l3]  [112eef79-6f12-4421-8eea-0345aeaeb76e]  [PRODUCTION] Making POST request to https://api.browserstack.com
2025-09-27T08:04:38.442Z CLI info [TEST REPORTING AND ANALYTICS:module]  [arjun153]  [fycdfyhkuogkdx5qwyhxvtgkahjmazblnu5bx3l3]  [112eef79-6f12-4421-8eea-0345aeaeb76e]  Visit https://automation.browserstack.com/builds/fycdfyhkuogkdx5qwyhxvtgkahjmazblnu5bx3l3 to view build report, insights, and many more debugging information all at one place!
2025-09-27T08:04:43.031Z CLI info  [arjun153]  [fycdfyhkuogkdx5qwyhxvtgkahjmazblnu5bx3l3]  [112eef79-6f12-4421-8eea-0345aeaeb76e]  [PRODUCTION] Making GET request to https://api.browserstack.com
2025-09-27T08:04:44.035Z CLI info  [arjun153]  [fycdfyhkuogkdx5qwyhxvtgkahjmazblnu5bx3l3]  [112eef79-6f12-4421-8eea-0345aeaeb76e]  [PRODUCTION] Making POST request to https://eds.browserstack.com
2025-09-27T08:04:45.406Z CLI info [main]  [arjun153]  [fycdfyhkuogkdx5qwyhxvtgkahjmazblnu5bx3l3]  [112eef79-6f12-4421-8eea-0345aeaeb76e]  Received graceful signal termination, performing cleanup
2025-09-27T08:07:28.389Z CLI info [main]     Server listening on port: 5400
2025-09-27T08:07:28.576Z CLI info     Config : {"userName":"arjun153","accessKey":"pBUjJCeGYhbsRaET7AUb","framework":"testng","platforms":[{"os":"Windows","osVersion":"10","browserName":"Chrome","browserVersion":"136.0"}],"parallelsPerPlatform":1,"browserstackLocal":true,"buildName":"testathon_Arjun Build","projectName":"testathon_Arjun","CUSTOM_TAG_1":"testathon_Arjun_tag","networkLogs":true,"consoleLogs":"info","percy":false,"percyCaptureMode":"auto"}
2025-09-27T08:07:28.582Z CLI info [testhub:module]  [arjun153]   [341e5ec9-a256-4d70-a98c-1adb0870b650]  Starting testhub from 6920:0
2025-09-27T08:07:28.582Z CLI info [testhub:module]  [arjun153]   [341e5ec9-a256-4d70-a98c-1adb0870b650]  startBuild: payload=

{"started_at":"2025-09-27T08:07:28.582Z","host_info":{"hostname":"ArjunBM-MBP","platform":"darwin","type":"Darwin","version":"Darwin Kernel Version 24.6.0: Mon Aug 11 21:16:21 PDT 2025; root:xnu-11417.140.69.701.11~1/RELEASE_ARM64_T6000","arch":"arm64"},"ci_info":{"build_number":null},"version_control":{"name":"git","sha":"9683b848705b6f79390d112cbf50da21b1156b15","short_sha":"9683b84870","branch":"main","tag":null,"committer":"arjun <arjunbm13@gmail.com>","committer_date":"2025-09-27T07:26:24.000Z","author":"arjun <arjunbm13@gmail.com>","author_date":"2025-09-27T07:26:24.000Z","commit_message":"Initial files commit","root":"/Users/arjun/Downloads/testng-browserstack-master","common_git_dir":"/Users/arjun/Downloads/testng-browserstack-master/.git","worktree_git_dir":"/Users/arjun/Downloads/testng-browserstack-master/.git","last_tag":null,"commits_since_last_tag":0,"remotes":[{"name":"origin","url":"https://github.com/arjunbm13/testng-browserstack-master.git"}]},"project_name":"testathon_Arjun","name":"testathon_Arjun Build","build_identifier":"#16","build_run_identifier":null,"description":"","tags":["testathon_Arjun_tag"],"failed_tests_rerun":false,"accessibility":{"settings":{}},"framework_details":{"frameworkName":"TestNG","frameworkVersion":"7.4.0","sdkVersion":"1.41.1","cliVersion":"1.6.23","language":"java","testFramework":{"name":"selenium","version":"4.1.4"}},"product_map":{"observability":true,"accessibility":null,"percy":false,"automate":true,"app_automate":false},"browserstackAutomation":true,"test_orchestration":{}}
2025-09-27T08:07:28.582Z CLI info  [arjun153]   [341e5ec9-a256-4d70-a98c-1adb0870b650]  [PRODUCTION] Making POST request to https://sdk.browserstack.com
2025-09-27T08:07:29.923Z CLI info [testhub:module]  [arjun153]   [341e5ec9-a256-4d70-a98c-1adb0870b650]  startBuild: response=jc0hoohgtrf94hucqujbro7lc7legyhsnpsu2dry
2025-09-27T08:07:29.926Z CLI info  [arjun153]  [jc0hoohgtrf94hucqujbro7lc7legyhsnpsu2dry]  [341e5ec9-a256-4d70-a98c-1adb0870b650]  [PRODUCTION] Making POST request to https://api.browserstack.com
2025-09-27T08:07:37.867Z CLI info  [arjun153]  [jc0hoohgtrf94hucqujbro7lc7legyhsnpsu2dry]  [341e5ec9-a256-4d70-a98c-1adb0870b650]  [PRODUCTION] Making GET request to https://hub.browserstack.com
2025-09-27T08:07:38.029Z CLI info  [arjun153]  [jc0hoohgtrf94hucqujbro7lc7legyhsnpsu2dry]  [341e5ec9-a256-4d70-a98c-1adb0870b650]  [PRODUCTION] Making GET request to https://hub-aps.browserstack.com
2025-09-27T08:07:38.138Z CLI info  [arjun153]  [jc0hoohgtrf94hucqujbro7lc7legyhsnpsu2dry]  [341e5ec9-a256-4d70-a98c-1adb0870b650]  [PRODUCTION] Making GET request to https://hub-euw.browserstack.com
2025-09-27T08:07:39.565Z CLI info  [arjun153]  [jc0hoohgtrf94hucqujbro7lc7legyhsnpsu2dry]  [341e5ec9-a256-4d70-a98c-1adb0870b650]  [PRODUCTION] Making GET request to https://hub-apse.browserstack.com
2025-09-27T08:07:42.376Z CLI info  [arjun153]  [jc0hoohgtrf94hucqujbro7lc7legyhsnpsu2dry]  [341e5ec9-a256-4d70-a98c-1adb0870b650]  [PRODUCTION] Making POST request to https://collector-observability.browserstack.com
2025-09-27T08:07:43.696Z CLI error [testhub:module]  [arjun153]  [jc0hoohgtrf94hucqujbro7lc7legyhsnpsu2dry]  [341e5ec9-a256-4d70-a98c-1adb0870b650]  [collectBuildData] Exception in collecting build data for build UUID jc0hoohgtrf94hucqujbro7lc7legyhsnpsu2dry: {"message":"Build data collection started"}
2025-09-27T08:07:43.697Z CLI info  [arjun153]  [jc0hoohgtrf94hucqujbro7lc7legyhsnpsu2dry]  [341e5ec9-a256-4d70-a98c-1adb0870b650]  [PRODUCTION] Making PUT request to https://collector-observability.browserstack.com
2025-09-27T08:07:44.824Z CLI info [testhub:module]  [arjun153]  [jc0hoohgtrf94hucqujbro7lc7legyhsnpsu2dry]  [341e5ec9-a256-4d70-a98c-1adb0870b650]  stopBuild: jc0hoohgtrf94hucqujbro7lc7legyhsnpsu2dry request={"finished_at":"2025-09-27T08:07:42.376Z","finished_metadata":[],"custom_metadata":{}} response={"data":""}
2025-09-27T08:07:44.825Z CLI info  [arjun153]  [jc0hoohgtrf94hucqujbro7lc7legyhsnpsu2dry]  [341e5ec9-a256-4d70-a98c-1adb0870b650]  [PRODUCTION] Making POST request to https://api.browserstack.com
2025-09-27T08:07:44.828Z CLI info [TEST REPORTING AND ANALYTICS:module]  [arjun153]  [jc0hoohgtrf94hucqujbro7lc7legyhsnpsu2dry]  [341e5ec9-a256-4d70-a98c-1adb0870b650]  Visit https://automation.browserstack.com/builds/jc0hoohgtrf94hucqujbro7lc7legyhsnpsu2dry to view build report, insights, and many more debugging information all at one place!
2025-09-27T08:07:49.411Z CLI info  [arjun153]  [jc0hoohgtrf94hucqujbro7lc7legyhsnpsu2dry]  [341e5ec9-a256-4d70-a98c-1adb0870b650]  [PRODUCTION] Making GET request to https://api.browserstack.com
2025-09-27T08:07:50.549Z CLI info  [arjun153]  [jc0hoohgtrf94hucqujbro7lc7legyhsnpsu2dry]  [341e5ec9-a256-4d70-a98c-1adb0870b650]  [PRODUCTION] Making POST request to https://eds.browserstack.com
2025-09-27T08:07:51.860Z CLI info [main]  [arjun153]  [jc0hoohgtrf94hucqujbro7lc7legyhsnpsu2dry]  [341e5ec9-a256-4d70-a98c-1adb0870b650]  Received graceful signal termination, performing cleanup
2025-09-27T08:08:57.632Z CLI info [main]     Server listening on port: 5400
2025-09-27T08:08:57.829Z CLI info     Config : {"userName":"arjun153","accessKey":"pBUjJCeGYhbsRaET7AUb","framework":"testng","platforms":[{"os":"Windows","osVersion":"10","browserName":"Chrome","browserVersion":"136.0"}],"parallelsPerPlatform":1,"browserstackLocal":true,"buildName":"testathon_Arjun Build","projectName":"testathon_Arjun","CUSTOM_TAG_1":"testathon_Arjun_tag","networkLogs":true,"consoleLogs":"info","percy":false,"percyCaptureMode":"auto"}
2025-09-27T08:08:57.836Z CLI info [testhub:module]  [arjun153]   [dff75974-d57d-4e1d-a0a9-afa92b3ec3b6]  Starting testhub from 6965:0
2025-09-27T08:08:57.837Z CLI info [testhub:module]  [arjun153]   [dff75974-d57d-4e1d-a0a9-afa92b3ec3b6]  startBuild: payload=

{"started_at":"2025-09-27T08:08:57.836Z","host_info":{"hostname":"ArjunBM-MBP","platform":"darwin","type":"Darwin","version":"Darwin Kernel Version 24.6.0: Mon Aug 11 21:16:21 PDT 2025; root:xnu-11417.140.69.701.11~1/RELEASE_ARM64_T6000","arch":"arm64"},"ci_info":{"build_number":null},"version_control":{"name":"git","sha":"9683b848705b6f79390d112cbf50da21b1156b15","short_sha":"9683b84870","branch":"main","tag":null,"committer":"arjun <arjunbm13@gmail.com>","committer_date":"2025-09-27T07:26:24.000Z","author":"arjun <arjunbm13@gmail.com>","author_date":"2025-09-27T07:26:24.000Z","commit_message":"Initial files commit","root":"/Users/arjun/Downloads/testng-browserstack-master","common_git_dir":"/Users/arjun/Downloads/testng-browserstack-master/.git","worktree_git_dir":"/Users/arjun/Downloads/testng-browserstack-master/.git","last_tag":null,"commits_since_last_tag":0,"remotes":[{"name":"origin","url":"https://github.com/arjunbm13/testng-browserstack-master.git"}]},"project_name":"testathon_Arjun","name":"testathon_Arjun Build","build_identifier":"#17","build_run_identifier":null,"description":"","tags":["testathon_Arjun_tag"],"failed_tests_rerun":false,"accessibility":{"settings":{}},"framework_details":{"frameworkName":"TestNG","frameworkVersion":"7.4.0","sdkVersion":"1.41.1","cliVersion":"1.6.23","language":"java","testFramework":{"name":"selenium","version":"4.1.4"}},"product_map":{"observability":true,"accessibility":null,"percy":false,"automate":true,"app_automate":false},"browserstackAutomation":true,"test_orchestration":{}}
2025-09-27T08:08:57.837Z CLI info  [arjun153]   [dff75974-d57d-4e1d-a0a9-afa92b3ec3b6]  [PRODUCTION] Making POST request to https://sdk.browserstack.com
2025-09-27T08:08:59.211Z CLI info [testhub:module]  [arjun153]   [dff75974-d57d-4e1d-a0a9-afa92b3ec3b6]  startBuild: response=igqeurjsd2lyrbayleabdmaxct0q1csure5dier4
2025-09-27T08:08:59.213Z CLI info  [arjun153]  [igqeurjsd2lyrbayleabdmaxct0q1csure5dier4]  [dff75974-d57d-4e1d-a0a9-afa92b3ec3b6]  [PRODUCTION] Making POST request to https://api.browserstack.com
2025-09-27T08:09:07.069Z CLI info  [arjun153]  [igqeurjsd2lyrbayleabdmaxct0q1csure5dier4]  [dff75974-d57d-4e1d-a0a9-afa92b3ec3b6]  [PRODUCTION] Making GET request to https://hub.browserstack.com
2025-09-27T08:09:07.262Z CLI info  [arjun153]  [igqeurjsd2lyrbayleabdmaxct0q1csure5dier4]  [dff75974-d57d-4e1d-a0a9-afa92b3ec3b6]  [PRODUCTION] Making GET request to https://hub-aps.browserstack.com
2025-09-27T08:09:07.375Z CLI info  [arjun153]  [igqeurjsd2lyrbayleabdmaxct0q1csure5dier4]  [dff75974-d57d-4e1d-a0a9-afa92b3ec3b6]  [PRODUCTION] Making GET request to https://hub-euw.browserstack.com
2025-09-27T08:09:08.755Z CLI info  [arjun153]  [igqeurjsd2lyrbayleabdmaxct0q1csure5dier4]  [dff75974-d57d-4e1d-a0a9-afa92b3ec3b6]  [PRODUCTION] Making GET request to https://hub-apse.browserstack.com
2025-09-27T08:09:11.753Z CLI info [testhub:request-queue-handler]  [arjun153]  [igqeurjsd2lyrbayleabdmaxct0q1csure5dier4]  [dff75974-d57d-4e1d-a0a9-afa92b3ec3b6]  Added the event {
  event_type: 'HookRunStarted',
  hook_run: {
    type: 'hook',
    hook_type: 'BEFORE_METHOD',
    framework: 'TestNG',
    uuid: 'ee496325-4067-4b7d-ab58-6cbcbb514df1',
    name: 'setUp',
    result: 'pending',
    test_run_id: 'ac66f554-fcbe-49a3-94c3-199334490736',
    body: { lang: 'java', code: null },
    scope: 'Default Suite.com.browserstack.ValidateVendorSelection',
    custom_metadata: {},
    tags: [],
    scopes: [ 'Default Suite', 'com.browserstack.ValidateVendorSelection' ],
    file_name: 'testng-browserstack-master/src/test/java/com/browserstack/ValidateVendorSelection.java',
    vc_filepath: 'testng-browserstack-master/src/test/java/com/browserstack/ValidateVendorSelection.java',
    location: 'testng-browserstack-master/src/test/java/com/browserstack/ValidateVendorSelection.java',
    started_at: '2025-09-27T08:09:11.744Z'
  },
  logs: []
} to 6965:0
2025-09-27T08:09:11.859Z CLI info [testhub:request-queue-handler]  [arjun153]  [igqeurjsd2lyrbayleabdmaxct0q1csure5dier4]  [dff75974-d57d-4e1d-a0a9-afa92b3ec3b6]  Added the event {
  event_type: 'LogCreated',
  logs: [
    {
      testFrameworkName: 'TestNG',
      testFrameworkVersion: '7.4.0',
      testFrameworkState: 'LOG',
      timestamp: '2025-09-27T08:09:11.853Z',
      uuid: 'ee496325-4067-4b7d-ab58-6cbcbb514df1',
      kind: 'TEST_LOG',
      message: '"SLF4J: Failed to load class \\"org.slf4j.impl.StaticLoggerBinder\\"."',
      level: 'ERROR',
      test_run_uuid: 'ee496325-4067-4b7d-ab58-6cbcbb514df1'
    }
  ]
} to 6965:0
2025-09-27T08:09:11.865Z CLI info [testhub:request-queue-handler]  [arjun153]  [igqeurjsd2lyrbayleabdmaxct0q1csure5dier4]  [dff75974-d57d-4e1d-a0a9-afa92b3ec3b6]  Added the event {
  event_type: 'LogCreated',
  logs: [
    {
      testFrameworkName: 'TestNG',
      testFrameworkVersion: '7.4.0',
      testFrameworkState: 'LOG',
      timestamp: '2025-09-27T08:09:11.863Z',
      uuid: 'ee496325-4067-4b7d-ab58-6cbcbb514df1',
      kind: 'TEST_LOG',
      message: '"SLF4J: Defaulting to no-operation (NOP) logger implementation"',
      level: 'ERROR',
      test_run_uuid: 'ee496325-4067-4b7d-ab58-6cbcbb514df1'
    }
  ]
} to 6965:0
2025-09-27T08:09:11.869Z CLI info [testhub:request-queue-handler]  [arjun153]  [igqeurjsd2lyrbayleabdmaxct0q1csure5dier4]  [dff75974-d57d-4e1d-a0a9-afa92b3ec3b6]  Added the event {
  event_type: 'LogCreated',
  logs: [
    {
      testFrameworkName: 'TestNG',
      testFrameworkVersion: '7.4.0',
      testFrameworkState: 'LOG',
      timestamp: '2025-09-27T08:09:11.868Z',
      uuid: 'ee496325-4067-4b7d-ab58-6cbcbb514df1',
      kind: 'TEST_LOG',
      message: '"SLF4J: See http://www.slf4j.org/codes.html#StaticLoggerBinder for further details."',
      level: 'ERROR',
      test_run_uuid: 'ee496325-4067-4b7d-ab58-6cbcbb514df1'
    }
  ]
} to 6965:0
2025-09-27T08:09:11.896Z CLI info [testhub:request-queue-handler]  [arjun153]  [igqeurjsd2lyrbayleabdmaxct0q1csure5dier4]  [dff75974-d57d-4e1d-a0a9-afa92b3ec3b6]  Added the event {
  event_type: 'LogCreated',
  logs: [
    {
      testFrameworkName: 'TestNG',
      testFrameworkVersion: '7.4.0',
      testFrameworkState: 'LOG',
      timestamp: '2025-09-27T08:09:11.894Z',
      uuid: 'ee496325-4067-4b7d-ab58-6cbcbb514df1',
      kind: 'TEST_LOG',
      message: '"WARNING: sun.reflect.Reflection.getCallerClass is not supported. This will impact performance."',
      level: 'INFO',
      test_run_uuid: 'ee496325-4067-4b7d-ab58-6cbcbb514df1'
    }
  ]
} to 6965:0
2025-09-27T08:09:13.220Z CLI info [testhub:request-queue-handler]  [arjun153]  [igqeurjsd2lyrbayleabdmaxct0q1csure5dier4]  [dff75974-d57d-4e1d-a0a9-afa92b3ec3b6]  Processing batch event [
  {
    event_type: 'HookRunStarted',
    hook_run: {
      type: 'hook',
      hook_type: 'BEFORE_METHOD',
      framework: 'TestNG',
      uuid: 'ee496325-4067-4b7d-ab58-6cbcbb514df1',
      name: 'setUp',
      result: 'pending',
      test_run_id: 'ac66f554-fcbe-49a3-94c3-199334490736',
      body: [Object],
      scope: 'Default Suite.com.browserstack.ValidateVendorSelection',
      custom_metadata: {},
      tags: [],
      scopes: [Array],
      file_name: 'testng-browserstack-master/src/test/java/com/browserstack/ValidateVendorSelection.java',
      vc_filepath: 'testng-browserstack-master/src/test/java/com/browserstack/ValidateVendorSelection.java',
      location: 'testng-browserstack-master/src/test/java/com/browserstack/ValidateVendorSelection.java',
      started_at: '2025-09-27T08:09:11.744Z'
    },
    logs: []
  },
  { event_type: 'LogCreated', logs: [ [Object] ] },
  { event_type: 'LogCreated', logs: [ [Object] ] },
  { event_type: 'LogCreated', logs: [ [Object] ] },
  { event_type: 'LogCreated', logs: [ [Object] ] }
] to 6965:0
2025-09-27T08:09:13.221Z CLI info  [arjun153]  [igqeurjsd2lyrbayleabdmaxct0q1csure5dier4]  [dff75974-d57d-4e1d-a0a9-afa92b3ec3b6]  [PRODUCTION] Making POST request to https://collector-observability.browserstack.com
2025-09-27T08:09:20.010Z CLI info [testhub:request-queue-handler]  [arjun153]  [igqeurjsd2lyrbayleabdmaxct0q1csure5dier4]  [dff75974-d57d-4e1d-a0a9-afa92b3ec3b6]  Added the event {
  event_type: 'HookRunFinished',
  hook_run: {
    type: 'hook',
    hook_type: 'BEFORE_METHOD',
    framework: 'TestNG',
    uuid: 'ee496325-4067-4b7d-ab58-6cbcbb514df1',
    name: 'setUp',
    result: 'passed',
    test_run_id: 'ac66f554-fcbe-49a3-94c3-199334490736',
    body: { lang: 'java', code: null },
    scope: 'Default Suite.com.browserstack.ValidateVendorSelection',
    custom_metadata: {},
    tags: [],
    scopes: [ 'Default Suite', 'com.browserstack.ValidateVendorSelection' ],
    file_name: 'testng-browserstack-master/src/test/java/com/browserstack/ValidateVendorSelection.java',
    vc_filepath: 'testng-browserstack-master/src/test/java/com/browserstack/ValidateVendorSelection.java',
    location: 'testng-browserstack-master/src/test/java/com/browserstack/ValidateVendorSelection.java',
    started_at: '2025-09-27T08:09:11.744Z',
    finished_at: '2025-09-27T08:09:20.008Z'
  },
  logs: []
} to 6965:0
2025-09-27T08:09:20.039Z CLI info [testhub:request-queue-handler]  [arjun153]  [igqeurjsd2lyrbayleabdmaxct0q1csure5dier4]  [dff75974-d57d-4e1d-a0a9-afa92b3ec3b6]  Added the event {
  event_type: 'CBTSessionCreated',
  test_run: {
    uuid: '5aeac3e5-c242-4f52-a7a3-efcbc4b4f3c3',
    integrations: { browserstack: [Object] }
  }
} to 6965:0
2025-09-27T08:09:20.044Z CLI info [testhub:request-queue-handler]  [arjun153]  [igqeurjsd2lyrbayleabdmaxct0q1csure5dier4]  [dff75974-d57d-4e1d-a0a9-afa92b3ec3b6]  Added the event {
  event_type: 'TestRunStarted',
  test_run: {
    type: 'test',
    framework: 'TestNG',
    uuid: '5aeac3e5-c242-4f52-a7a3-efcbc4b4f3c3',
    name: 'VendorSelection',
    body: {
      lang: 'java',
      code: 'public void com.browserstack.ValidateVendorSelection.VendorSelection() throws java.lang.Exception'
    },
    identifier: 'VendorSelection',
    scope: 'Default Suite.com.browserstack.ValidateVendorSelection',
    scopes: [ 'Default Suite', 'com.browserstack.ValidateVendorSelection' ],
    file_name: 'src/test/java/com/browserstack/ValidateVendorSelection.java',
    vc_filepath: 'src/test/java/com/browserstack/ValidateVendorSelection.java',
    location: 'src/test/java/com/browserstack/ValidateVendorSelection.java',
    meta: {},
    result: 'pending',
    duration_in_ms: null,
    started_at: '2025-09-27T08:09:20.020Z',
    failure: undefined,
    failure_type: undefined,
    failure_reason: undefined,
    retry_of: null,
    custom_metadata: {},
    tags: [],
    customRerunParam: { rerun_name: 'testng-browserstack-master-0' },
    hooks: [],
    product_map: {
      observability: true,
      accessibility: false,
      percy: false,
      automate: true,
      app_automate: false
    }
  },
  logs: []
} to 6965:0
2025-09-27T08:09:21.226Z CLI info [testhub:request-queue-handler]  [arjun153]  [igqeurjsd2lyrbayleabdmaxct0q1csure5dier4]  [dff75974-d57d-4e1d-a0a9-afa92b3ec3b6]  Processing batch event [
  {
    event_type: 'HookRunFinished',
    hook_run: {
      type: 'hook',
      hook_type: 'BEFORE_METHOD',
      framework: 'TestNG',
      uuid: 'ee496325-4067-4b7d-ab58-6cbcbb514df1',
      name: 'setUp',
      result: 'passed',
      test_run_id: 'ac66f554-fcbe-49a3-94c3-199334490736',
      body: [Object],
      scope: 'Default Suite.com.browserstack.ValidateVendorSelection',
      custom_metadata: {},
      tags: [],
      scopes: [Array],
      file_name: 'testng-browserstack-master/src/test/java/com/browserstack/ValidateVendorSelection.java',
      vc_filepath: 'testng-browserstack-master/src/test/java/com/browserstack/ValidateVendorSelection.java',
      location: 'testng-browserstack-master/src/test/java/com/browserstack/ValidateVendorSelection.java',
      started_at: '2025-09-27T08:09:11.744Z',
      finished_at: '2025-09-27T08:09:20.008Z'
    },
    logs: []
  },
  {
    event_type: 'CBTSessionCreated',
    test_run: {
      uuid: '5aeac3e5-c242-4f52-a7a3-efcbc4b4f3c3',
      integrations: [Object]
    }
  },
  {
    event_type: 'TestRunStarted',
    test_run: {
      type: 'test',
      framework: 'TestNG',
      uuid: '5aeac3e5-c242-4f52-a7a3-efcbc4b4f3c3',
      name: 'VendorSelection',
      body: [Object],
      identifier: 'VendorSelection',
      scope: 'Default Suite.com.browserstack.ValidateVendorSelection',
      scopes: [Array],
      file_name: 'src/test/java/com/browserstack/ValidateVendorSelection.java',
      vc_filepath: 'src/test/java/com/browserstack/ValidateVendorSelection.java',
      location: 'src/test/java/com/browserstack/ValidateVendorSelection.java',
      meta: {},
      result: 'pending',
      duration_in_ms: null,
      started_at: '2025-09-27T08:09:20.020Z',
      failure: undefined,
      failure_type: undefined,
      failure_reason: undefined,
      retry_of: null,
      custom_metadata: {},
      tags: [],
      customRerunParam: [Object],
      hooks: [],
      product_map: [Object]
    },
    logs: []
  }
] to 6965:0
2025-09-27T08:09:21.229Z CLI info  [arjun153]  [igqeurjsd2lyrbayleabdmaxct0q1csure5dier4]  [dff75974-d57d-4e1d-a0a9-afa92b3ec3b6]  [PRODUCTION] Making POST request to https://collector-observability.browserstack.com
2025-09-27T08:09:30.402Z CLI info [testhub:request-queue-handler]  [arjun153]  [igqeurjsd2lyrbayleabdmaxct0q1csure5dier4]  [dff75974-d57d-4e1d-a0a9-afa92b3ec3b6]  Added the event {
  event_type: 'LogCreated',
  logs: [
    {
      testFrameworkName: 'TestNG',
      testFrameworkVersion: '7.4.0',
      testFrameworkState: 'LOG',
      timestamp: '2025-09-27T08:09:30.399Z',
      uuid: '5aeac3e5-c242-4f52-a7a3-efcbc4b4f3c3',
      kind: 'TEST_LOG',
      message: '"Apple is tapped"',
      level: 'INFO',
      test_run_uuid: '5aeac3e5-c242-4f52-a7a3-efcbc4b4f3c3'
    }
  ]
} to 6965:0
2025-09-27T08:09:30.815Z CLI info [testhub:request-queue-handler]  [arjun153]  [igqeurjsd2lyrbayleabdmaxct0q1csure5dier4]  [dff75974-d57d-4e1d-a0a9-afa92b3ec3b6]  Added the event {
  event_type: 'LogCreated',
  logs: [
    {
      testFrameworkName: 'TestNG',
      testFrameworkVersion: '7.4.0',
      testFrameworkState: 'LOG',
      timestamp: '2025-09-27T08:09:30.813Z',
      uuid: '5aeac3e5-c242-4f52-a7a3-efcbc4b4f3c3',
      kind: 'TEST_LOG',
      message: '"Samsung is tapped"',
      level: 'INFO',
      test_run_uuid: '5aeac3e5-c242-4f52-a7a3-efcbc4b4f3c3'
    }
  ]
} to 6965:0
2025-09-27T08:09:31.236Z CLI info [testhub:request-queue-handler]  [arjun153]  [igqeurjsd2lyrbayleabdmaxct0q1csure5dier4]  [dff75974-d57d-4e1d-a0a9-afa92b3ec3b6]  Processing batch event [
  { event_type: 'LogCreated', logs: [ [Object] ] },
  { event_type: 'LogCreated', logs: [ [Object] ] }
] to 6965:0
2025-09-27T08:09:31.236Z CLI info  [arjun153]  [igqeurjsd2lyrbayleabdmaxct0q1csure5dier4]  [dff75974-d57d-4e1d-a0a9-afa92b3ec3b6]  [PRODUCTION] Making POST request to https://collector-observability.browserstack.com
2025-09-27T08:09:31.278Z CLI info [testhub:request-queue-handler]  [arjun153]  [igqeurjsd2lyrbayleabdmaxct0q1csure5dier4]  [dff75974-d57d-4e1d-a0a9-afa92b3ec3b6]  Added the event {
  event_type: 'LogCreated',
  logs: [
    {
      testFrameworkName: 'TestNG',
      testFrameworkVersion: '7.4.0',
      testFrameworkState: 'LOG',
      timestamp: '2025-09-27T08:09:31.276Z',
      uuid: '5aeac3e5-c242-4f52-a7a3-efcbc4b4f3c3',
      kind: 'TEST_LOG',
      message: '"Google is tapped"',
      level: 'INFO',
      test_run_uuid: '5aeac3e5-c242-4f52-a7a3-efcbc4b4f3c3'
    }
  ]
} to 6965:0
2025-09-27T08:09:31.704Z CLI info [testhub:request-queue-handler]  [arjun153]  [igqeurjsd2lyrbayleabdmaxct0q1csure5dier4]  [dff75974-d57d-4e1d-a0a9-afa92b3ec3b6]  Added the event {
  event_type: 'LogCreated',
  logs: [
    {
      testFrameworkName: 'TestNG',
      testFrameworkVersion: '7.4.0',
      testFrameworkState: 'LOG',
      timestamp: '2025-09-27T08:09:31.702Z',
      uuid: '5aeac3e5-c242-4f52-a7a3-efcbc4b4f3c3',
      kind: 'TEST_LOG',
      message: '"OnePlus is tapped"',
      level: 'INFO',
      test_run_uuid: '5aeac3e5-c242-4f52-a7a3-efcbc4b4f3c3'
    }
  ]
} to 6965:0
2025-09-27T08:09:31.850Z CLI info [testhub:request-queue-handler]  [arjun153]  [igqeurjsd2lyrbayleabdmaxct0q1csure5dier4]  [dff75974-d57d-4e1d-a0a9-afa92b3ec3b6]  Added the event {
  event_type: 'LogCreated',
  logs: [
    {
      testFrameworkName: 'TestNG',
      testFrameworkVersion: '7.4.0',
      testFrameworkState: 'LOG',
      timestamp: '2025-09-27T08:09:31.848Z',
      uuid: '5aeac3e5-c242-4f52-a7a3-efcbc4b4f3c3',
      kind: 'TEST_LOG',
      message: '"Apple is listed ✅"',
      level: 'INFO',
      test_run_uuid: '5aeac3e5-c242-4f52-a7a3-efcbc4b4f3c3'
    }
  ]
} to 6965:0
2025-09-27T08:09:31.856Z CLI info [testhub:request-queue-handler]  [arjun153]  [igqeurjsd2lyrbayleabdmaxct0q1csure5dier4]  [dff75974-d57d-4e1d-a0a9-afa92b3ec3b6]  Added the event {
  event_type: 'LogCreated',
  logs: [
    {
      testFrameworkName: 'TestNG',
      testFrameworkVersion: '7.4.0',
      testFrameworkState: 'LOG',
      timestamp: '2025-09-27T08:09:31.854Z',
      uuid: '5aeac3e5-c242-4f52-a7a3-efcbc4b4f3c3',
      kind: 'TEST_LOG',
      message: '"Samsung is listed ✅"',
      level: 'INFO',
      test_run_uuid: '5aeac3e5-c242-4f52-a7a3-efcbc4b4f3c3'
    }
  ]
} to 6965:0
2025-09-27T08:09:31.870Z CLI info [testhub:request-queue-handler]  [arjun153]  [igqeurjsd2lyrbayleabdmaxct0q1csure5dier4]  [dff75974-d57d-4e1d-a0a9-afa92b3ec3b6]  Added the event {
  event_type: 'LogCreated',
  logs: [
    {
      testFrameworkName: 'TestNG',
      testFrameworkVersion: '7.4.0',
      testFrameworkState: 'LOG',
      timestamp: '2025-09-27T08:09:31.868Z',
      uuid: '5aeac3e5-c242-4f52-a7a3-efcbc4b4f3c3',
      kind: 'TEST_LOG',
      message: '"Google is listed ✅"',
      level: 'INFO',
      test_run_uuid: '5aeac3e5-c242-4f52-a7a3-efcbc4b4f3c3'
    }
  ]
} to 6965:0
2025-09-27T08:09:31.875Z CLI info [testhub:request-queue-handler]  [arjun153]  [igqeurjsd2lyrbayleabdmaxct0q1csure5dier4]  [dff75974-d57d-4e1d-a0a9-afa92b3ec3b6]  Added the event {
  event_type: 'LogCreated',
  logs: [
    {
      testFrameworkName: 'TestNG',
      testFrameworkVersion: '7.4.0',
      testFrameworkState: 'LOG',
      timestamp: '2025-09-27T08:09:31.873Z',
      uuid: '5aeac3e5-c242-4f52-a7a3-efcbc4b4f3c3',
      kind: 'TEST_LOG',
      message: '"OnePlus is listed ✅"',
      level: 'INFO',
      test_run_uuid: '5aeac3e5-c242-4f52-a7a3-efcbc4b4f3c3'
    }
  ]
} to 6965:0
2025-09-27T08:19:06.635Z CLI info [testhub:request-queue-handler]  [arjun153]  [igqeurjsd2lyrbayleabdmaxct0q1csure5dier4]  [dff75974-d57d-4e1d-a0a9-afa92b3ec3b6]  Processing batch event [
  { event_type: 'LogCreated', logs: [ [Object] ] },
  { event_type: 'LogCreated', logs: [ [Object] ] },
  { event_type: 'LogCreated', logs: [ [Object] ] },
  { event_type: 'LogCreated', logs: [ [Object] ] },
  { event_type: 'LogCreated', logs: [ [Object] ] },
  { event_type: 'LogCreated', logs: [ [Object] ] }
] to 6965:0
2025-09-27T08:19:06.638Z CLI error [core:http]  [arjun153]  [igqeurjsd2lyrbayleabdmaxct0q1csure5dier4]  [dff75974-d57d-4e1d-a0a9-afa92b3ec3b6]  Failed queued request: POST api/v2/builds/igqeurjsd2lyrbayleabdmaxct0q1csure5dier4/batch Timeout awaiting 'request' for 120000ms
2025-09-27T08:19:06.639Z CLI info  [arjun153]  [igqeurjsd2lyrbayleabdmaxct0q1csure5dier4]  [dff75974-d57d-4e1d-a0a9-afa92b3ec3b6]  [PRODUCTION] Making POST request to https://collector-observability.browserstack.com
2025-09-27T08:19:08.841Z CLI warn [TEST REPORTING AND ANALYTICS:java:testng]  [arjun153]  [igqeurjsd2lyrbayleabdmaxct0q1csure5dier4]  [dff75974-d57d-4e1d-a0a9-afa92b3ec3b6]  TestRunFinished: event={"test_hook_last_started":"BEFORE_METHOD","test_failure_type":null,"test_rerun_name":"testng-browserstack-master-0","test_result_at":"2025-09-27T13:39:31.879537","test_scope":"Default Suite.com.browserstack.ValidateVendorSelection","test_framework_name":"TestNG","test_tags":"","cbt_session_created":true,"test_started_at":"2025-09-27T13:39:20.020313","platform_index":0,"test_failure":null,"test_framework_version":"7.4.0","test_logs":[],"test_scopes":["Default Suite","com.browserstack.ValidateVendorSelection"],"test_code":"public void com.browserstack.ValidateVendorSelection.VendorSelection() throws java.lang.Exception","test_id":"testng-browserstack-master-0@0","test_uuid":"5aeac3e5-c242-4f52-a7a3-efcbc4b4f3c3","test_ended_at":"2025-09-27T13:39:31.880022","automate_session_name":"testng-browserstack-master-00","test_hook_last_finished":"BEFORE_METHOD","test_session_name":"com.browserstack.ValidateVendorSelection-VendorSelection","test_hook_state":"sdk:hook:b715689","custom_metadata":{},"test_failure_reason":null,"test_location":"src/test/java/com/browserstack/ValidateVendorSelection.java","test_hooks_started":{"BEFORE_METHOD":[]},"test_file_path":"src/test/java/com/browserstack/ValidateVendorSelection.java","test_result":"passed","test_hooks_finished":{"BEFORE_METHOD":[{"hook_name":"setUp","hook_result":"passed","test_file_path":"testng-browserstack-master/src/test/java/com/browserstack/ValidateVendorSelection.java","event_started_at":"2025-09-27T13:39:11.744682","hook_id":"ee496325-4067-4b7d-ab58-6cbcbb514df1","hook_logs":[],"logs":[],"key":"BEFORE_METHOD","custom_metadata":{},"event_ended_at":"2025-09-27T13:39:20.008032","test_location":"testng-browserstack-master/src/test/java/com/browserstack/ValidateVendorSelection.java"}]},"hook_id":"ee496325-4067-4b7d-ab58-6cbcbb514df1","test_meta":{},"isBrowserstackAutomationSession":true,"test_name":"VendorSelection","logs":[]}
2025-09-27T08:19:08.842Z CLI info [testhub:request-queue-handler]  [arjun153]  [igqeurjsd2lyrbayleabdmaxct0q1csure5dier4]  [dff75974-d57d-4e1d-a0a9-afa92b3ec3b6]  Added the event {
  event_type: 'TestRunFinished',
  test_run: {
    type: 'test',
    framework: 'TestNG',
    uuid: '5aeac3e5-c242-4f52-a7a3-efcbc4b4f3c3',
    name: 'VendorSelection',
    body: {
      lang: 'java',
      code: 'public void com.browserstack.ValidateVendorSelection.VendorSelection() throws java.lang.Exception'
    },
    identifier: 'VendorSelection',
    scope: 'Default Suite.com.browserstack.ValidateVendorSelection',
    scopes: [ 'Default Suite', 'com.browserstack.ValidateVendorSelection' ],
    file_name: 'src/test/java/com/browserstack/ValidateVendorSelection.java',
    vc_filepath: 'src/test/java/com/browserstack/ValidateVendorSelection.java',
    location: 'src/test/java/com/browserstack/ValidateVendorSelection.java',
    meta: {},
    result: 'passed',
    duration_in_ms: 11860,
    started_at: '2025-09-27T08:09:20.020Z',
    finished_at: '2025-09-27T08:09:31.880Z',
    failure: null,
    failure_type: null,
    failure_reason: null,
    retry_of: null,
    custom_metadata: {},
    tags: [],
    customRerunParam: { rerun_name: 'testng-browserstack-master-0' },
    hooks: [ 'ee496325-4067-4b7d-ab58-6cbcbb514df1' ],
    product_map: {
      observability: true,
      accessibility: false,
      percy: false,
      automate: true,
      app_automate: false
    }
  },
  logs: []
} to 6965:0
2025-09-27T08:19:08.865Z CLI info [testhub:request-queue-handler]  [arjun153]  [igqeurjsd2lyrbayleabdmaxct0q1csure5dier4]  [dff75974-d57d-4e1d-a0a9-afa92b3ec3b6]  Added the event {
  event_type: 'HookRunStarted',
  hook_run: {
    type: 'hook',
    hook_type: 'AFTER_METHOD',
    framework: 'TestNG',
    uuid: '0f5c14f3-24b3-40b1-93f2-94b090d3af26',
    name: 'tearDown',
    result: 'pending',
    test_run_id: '5aeac3e5-c242-4f52-a7a3-efcbc4b4f3c3',
    body: { lang: 'java', code: null },
    scope: 'Default Suite.com.browserstack.ValidateVendorSelection',
    custom_metadata: {},
    tags: [],
    scopes: [ 'Default Suite', 'com.browserstack.ValidateVendorSelection' ],
    file_name: 'testng-browserstack-master/src/test/java/com/browserstack/ValidateVendorSelection.java',
    vc_filepath: 'testng-browserstack-master/src/test/java/com/browserstack/ValidateVendorSelection.java',
    location: 'testng-browserstack-master/src/test/java/com/browserstack/ValidateVendorSelection.java',
    started_at: '2025-09-27T08:19:08.862Z'
  },
  logs: []
} to 6965:0
2025-09-27T08:19:10.640Z CLI info [testhub:request-queue-handler]  [arjun153]  [igqeurjsd2lyrbayleabdmaxct0q1csure5dier4]  [dff75974-d57d-4e1d-a0a9-afa92b3ec3b6]  Processing batch event [
  {
    event_type: 'TestRunFinished',
    test_run: {
      type: 'test',
      framework: 'TestNG',
      uuid: '5aeac3e5-c242-4f52-a7a3-efcbc4b4f3c3',
      name: 'VendorSelection',
      body: [Object],
      identifier: 'VendorSelection',
      scope: 'Default Suite.com.browserstack.ValidateVendorSelection',
      scopes: [Array],
      file_name: 'src/test/java/com/browserstack/ValidateVendorSelection.java',
      vc_filepath: 'src/test/java/com/browserstack/ValidateVendorSelection.java',
      location: 'src/test/java/com/browserstack/ValidateVendorSelection.java',
      meta: {},
      result: 'passed',
      duration_in_ms: 11860,
      started_at: '2025-09-27T08:09:20.020Z',
      finished_at: '2025-09-27T08:09:31.880Z',
      failure: null,
      failure_type: null,
      failure_reason: null,
      retry_of: null,
      custom_metadata: {},
      tags: [],
      customRerunParam: [Object],
      hooks: [Array],
      product_map: [Object]
    },
    logs: []
  },
  {
    event_type: 'HookRunStarted',
    hook_run: {
      type: 'hook',
      hook_type: 'AFTER_METHOD',
      framework: 'TestNG',
      uuid: '0f5c14f3-24b3-40b1-93f2-94b090d3af26',
      name: 'tearDown',
      result: 'pending',
      test_run_id: '5aeac3e5-c242-4f52-a7a3-efcbc4b4f3c3',
      body: [Object],
      scope: 'Default Suite.com.browserstack.ValidateVendorSelection',
      custom_metadata: {},
      tags: [],
      scopes: [Array],
      file_name: 'testng-browserstack-master/src/test/java/com/browserstack/ValidateVendorSelection.java',
      vc_filepath: 'testng-browserstack-master/src/test/java/com/browserstack/ValidateVendorSelection.java',
      location: 'testng-browserstack-master/src/test/java/com/browserstack/ValidateVendorSelection.java',
      started_at: '2025-09-27T08:19:08.862Z'
    },
    logs: []
  }
] to 6965:0
2025-09-27T08:19:10.640Z CLI info  [arjun153]  [igqeurjsd2lyrbayleabdmaxct0q1csure5dier4]  [dff75974-d57d-4e1d-a0a9-afa92b3ec3b6]  [PRODUCTION] Making POST request to https://collector-observability.browserstack.com
2025-09-27T08:35:36.672Z CLI info [testhub:request-queue-handler]  [arjun153]  [igqeurjsd2lyrbayleabdmaxct0q1csure5dier4]  [dff75974-d57d-4e1d-a0a9-afa92b3ec3b6]  Added the event {
  event_type: 'HookRunFinished',
  hook_run: {
    type: 'hook',
    hook_type: 'AFTER_METHOD',
    framework: 'TestNG',
    uuid: '0f5c14f3-24b3-40b1-93f2-94b090d3af26',
    name: 'tearDown',
    result: 'failed',
    test_run_id: '5aeac3e5-c242-4f52-a7a3-efcbc4b4f3c3',
    body: { lang: 'java', code: null },
    scope: 'Default Suite.com.browserstack.ValidateVendorSelection',
    custom_metadata: {},
    tags: [],
    scopes: [ 'Default Suite', 'com.browserstack.ValidateVendorSelection' ],
    file_name: 'testng-browserstack-master/src/test/java/com/browserstack/ValidateVendorSelection.java',
    vc_filepath: 'testng-browserstack-master/src/test/java/com/browserstack/ValidateVendorSelection.java',
    location: 'testng-browserstack-master/src/test/java/com/browserstack/ValidateVendorSelection.java',
    started_at: '2025-09-27T08:19:08.862Z',
    finished_at: '2025-09-27T08:35:36.668Z'
  },
  logs: []
} to 6965:0
2025-09-27T08:35:36.672Z CLI info [testhub:request-queue-handler]  [arjun153]  [igqeurjsd2lyrbayleabdmaxct0q1csure5dier4]  [dff75974-d57d-4e1d-a0a9-afa92b3ec3b6]  Processing batch event [
  {
    event_type: 'HookRunFinished',
    hook_run: {
      type: 'hook',
      hook_type: 'AFTER_METHOD',
      framework: 'TestNG',
      uuid: '0f5c14f3-24b3-40b1-93f2-94b090d3af26',
      name: 'tearDown',
      result: 'failed',
      test_run_id: '5aeac3e5-c242-4f52-a7a3-efcbc4b4f3c3',
      body: [Object],
      scope: 'Default Suite.com.browserstack.ValidateVendorSelection',
      custom_metadata: {},
      tags: [],
      scopes: [Array],
      file_name: 'testng-browserstack-master/src/test/java/com/browserstack/ValidateVendorSelection.java',
      vc_filepath: 'testng-browserstack-master/src/test/java/com/browserstack/ValidateVendorSelection.java',
      location: 'testng-browserstack-master/src/test/java/com/browserstack/ValidateVendorSelection.java',
      started_at: '2025-09-27T08:19:08.862Z',
      finished_at: '2025-09-27T08:35:36.668Z'
    },
    logs: []
  }
] to 6965:0
2025-09-27T08:35:36.673Z CLI info  [arjun153]  [igqeurjsd2lyrbayleabdmaxct0q1csure5dier4]  [dff75974-d57d-4e1d-a0a9-afa92b3ec3b6]  [PRODUCTION] Making POST request to https://collector-observability.browserstack.com
2025-09-27T08:35:38.447Z CLI info  [arjun153]  [igqeurjsd2lyrbayleabdmaxct0q1csure5dier4]  [dff75974-d57d-4e1d-a0a9-afa92b3ec3b6]  [PRODUCTION] Making POST request to https://collector-observability.browserstack.com
2025-09-27T08:35:39.436Z CLI error [testhub:module]  [arjun153]  [igqeurjsd2lyrbayleabdmaxct0q1csure5dier4]  [dff75974-d57d-4e1d-a0a9-afa92b3ec3b6]  [collectBuildData] Exception in collecting build data for build UUID igqeurjsd2lyrbayleabdmaxct0q1csure5dier4: {"message":"Build data collection started"}
2025-09-27T08:35:39.436Z CLI info  [arjun153]  [igqeurjsd2lyrbayleabdmaxct0q1csure5dier4]  [dff75974-d57d-4e1d-a0a9-afa92b3ec3b6]  [PRODUCTION] Making PUT request to https://collector-observability.browserstack.com
2025-09-27T08:35:40.406Z CLI info [testhub:module]  [arjun153]  [igqeurjsd2lyrbayleabdmaxct0q1csure5dier4]  [dff75974-d57d-4e1d-a0a9-afa92b3ec3b6]  stopBuild: igqeurjsd2lyrbayleabdmaxct0q1csure5dier4 request={"finished_at":"2025-09-27T08:35:38.058Z","finished_metadata":[],"custom_metadata":{}} response={"data":""}
2025-09-27T08:35:40.409Z CLI info  [arjun153]  [igqeurjsd2lyrbayleabdmaxct0q1csure5dier4]  [dff75974-d57d-4e1d-a0a9-afa92b3ec3b6]  [PRODUCTION] Making POST request to https://api.browserstack.com
2025-09-27T08:35:40.410Z CLI info [TEST REPORTING AND ANALYTICS:module]  [arjun153]  [igqeurjsd2lyrbayleabdmaxct0q1csure5dier4]  [dff75974-d57d-4e1d-a0a9-afa92b3ec3b6]  Visit https://automation.browserstack.com/builds/igqeurjsd2lyrbayleabdmaxct0q1csure5dier4 to view build report, insights, and many more debugging information all at one place!
2025-09-27T08:35:41.575Z CLI info  [arjun153]  [igqeurjsd2lyrbayleabdmaxct0q1csure5dier4]  [dff75974-d57d-4e1d-a0a9-afa92b3ec3b6]  [PRODUCTION] Making GET request to https://api.browserstack.com
2025-09-27T08:38:07.267Z CLI info  [arjun153]  [igqeurjsd2lyrbayleabdmaxct0q1csure5dier4]  [dff75974-d57d-4e1d-a0a9-afa92b3ec3b6]  [PRODUCTION] Making POST request to https://eds.browserstack.com
2025-09-27T08:38:08.546Z CLI info [main]  [arjun153]  [igqeurjsd2lyrbayleabdmaxct0q1csure5dier4]  [dff75974-d57d-4e1d-a0a9-afa92b3ec3b6]  Received graceful signal termination, performing cleanup
